Log file open, 04/20/26 14:24:17
LogWindows: Failed to load 'aqProf.dll' (GetLastError=126)
LogWindows: File 'aqProf.dll' does not exist
LogWindows: Failed to load 'VtuneApi.dll' (GetLastError=126)
LogWindows: File 'VtuneApi.dll' does not exist
LogWindows: Failed to load 'VtuneApi32e.dll' (GetLastError=126)
LogWindows: File 'VtuneApi32e.dll' does not exist
LogConsoleResponse: Display: Failed to find resolution value strings in scalability ini. Falling back to default.
LogConsoleResponse: Display: Failed to find resolution value strings in scalability ini. Falling back to default.
LogInit: Display: Running engine for game: SpiderMan_Mk2
LogPlatformFile: Not using cached read wrapper
LogTaskGraph: Started task graph with 5 named threads and 59 total threads with 3 sets of task threads.
LogStats: Stats thread started at 0.217109
LogICUInternationalization: ICU TimeZone Detection - Raw Offset: -8:00, Platform Override: ''
LogInit: Display: Loading text-based GConfig....
LogPluginManager: Mounting plugin FMODStudio
LogPluginManager: Mounting plugin MeshPainting
LogPluginManager: Mounting plugin XGEController
LogPluginManager: Mounting plugin Paper2D
LogPluginManager: Mounting plugin LiveLink
LogPluginManager: Mounting plugin AISupport
LogPluginManager: Mounting plugin LightPropagationVolume
LogPluginManager: Mounting plugin EnvironmentQueryEditor
LogPluginManager: Mounting plugin GameplayCameras
LogPluginManager: Mounting plugin AssetManagerEditor
LogPluginManager: Mounting plugin OodleNetwork
LogPluginManager: Mounting plugin OodleData
LogPluginManager: Mounting plugin CurveEditorTools
LogPluginManager: Mounting plugin DataValidation
LogPluginManager: Mounting plugin CryptoKeys
LogPluginManager: Mounting plugin CameraShakePreviewer
LogPluginManager: Mounting plugin GameplayTagsEditor
LogPluginManager: Mounting plugin GeometryMode
LogPluginManager: Mounting plugin MacGraphicsSwitching
LogPluginManager: Mounting plugin GLTFImporter
LogPluginManager: Mounting plugin MaterialAnalyzer
LogPluginManager: Mounting plugin PluginBrowser
LogPluginManager: Mounting plugin FacialAnimation
LogPluginManager: Mounting plugin SpeedTreeImporter
LogPluginManager: Mounting plugin MobileLauncherProfileWizard
LogPluginManager: Mounting plugin AlembicImporter
LogPluginManager: Mounting plugin BackChannel
LogPluginManager: Mounting plugin Niagara
LogPluginManager: Mounting plugin ChaosCloth
LogPluginManager: Mounting plugin AutomationUtils
LogPluginManager: Mounting plugin ChaosEditor
LogPluginManager: Mounting plugin ChaosSolverPlugin
LogPluginManager: Mounting plugin ChaosNiagara
LogPluginManager: Mounting plugin ChaosClothEditor
LogPluginManager: Mounting plugin GeometryProcessing
LogPluginManager: Mounting plugin CharacterAI
LogPluginManager: Mounting plugin GeometryCache
LogPluginManager: Mounting plugin MotoSynth
LogPluginManager: Mounting plugin PlatformCrypto
LogPluginManager: Mounting plugin GeometryCollectionPlugin
LogPluginManager: Mounting plugin OpenImageDenoise
LogPluginManager: Mounting plugin ProxyLODPlugin
LogPluginManager: Mounting plugin PlanarCut
LogPluginManager: Mounting plugin PythonScriptPlugin
LogPluginManager: Mounting plugin CLionSourceCodeAccess
LogPluginManager: Mounting plugin KDevelopSourceCodeAccess
LogPluginManager: Mounting plugin AnimationSharing
LogPluginManager: Mounting plugin GitSourceControl
LogPluginManager: Mounting plugin CodeLiteSourceCodeAccess
LogPluginManager: Mounting plugin PixWinPlugin
LogPluginManager: Mounting plugin PluginUtils
LogPluginManager: Mounting plugin NullSourceCodeAccess
LogPluginManager: Mounting plugin PlasticSourceControl
LogPluginManager: Mounting plugin PerforceSourceControl
LogPluginManager: Mounting plugin RiderSourceCodeAccess
LogPluginManager: Mounting plugin PropertyAccessNode
LogPluginManager: Mounting plugin SubversionSourceControl
LogPluginManager: Mounting plugin UObjectPlugin
LogPluginManager: Mounting plugin VisualStudioSourceCodeAccess
LogPluginManager: Mounting plugin XCodeSourceCodeAccess
LogPluginManager: Mounting plugin VisualStudioCodeSourceCodeAccess
LogPluginManager: Mounting plugin SkeletalReduction
LogPluginManager: Mounting plugin AndroidMedia
LogPluginManager: Mounting plugin TextureFormatOodle
LogPluginManager: Mounting plugin ImgMedia
LogPluginManager: Mounting plugin AvfMedia
LogPluginManager: Mounting plugin MediaCompositing
LogPluginManager: Mounting plugin MediaPlayerEditor
LogPluginManager: Mounting plugin WebMMedia
LogPluginManager: Mounting plugin MagicLeap
LogPluginManager: Mounting plugin WmfMedia
LogPluginManager: Mounting plugin TcpMessaging
LogPluginManager: Mounting plugin UdpMessaging
LogPluginManager: Mounting plugin MagicLeapLightEstimation
LogPluginManager: Mounting plugin MagicLeapMedia
LogPluginManager: Mounting plugin LuminPlatformFeatures
LogPluginManager: Mounting plugin BlockoutToolsPlugin
LogPluginManager: Mounting plugin MagicLeapPassableWorld
LogPluginManager: Mounting plugin MLSDK
LogPluginManager: Mounting plugin Prefabricator
LogPluginManager: Mounting plugin AppleImageUtils
LogPluginManager: Mounting plugin AndroidMoviePlayer
LogPluginManager: Mounting plugin AndroidPermission
LogPluginManager: Mounting plugin ActorLayerUtilities
LogPluginManager: Mounting plugin AppleMoviePlayer
LogPluginManager: Mounting plugin AssetTags
LogPluginManager: Mounting plugin AndroidDeviceProfileSelector
LogPluginManager: Mounting plugin AudioSynesthesia
LogPluginManager: Mounting plugin AudioCapture
LogPluginManager: Mounting plugin ArchVisCharacter
LogPluginManager: Mounting plugin ChunkDownloader
LogPluginManager: Mounting plugin CustomMeshComponent
LogPluginManager: Mounting plugin GoogleCloudMessaging
LogPluginManager: Mounting plugin ExampleDeviceProfileSelector
LogPluginManager: Mounting plugin GooglePAD
LogPluginManager: Mounting plugin HoudiniEngine
LogPluginManager: Mounting plugin CableComponent
LogPluginManager: Mounting plugin EditableMesh
LogPluginManager: Mounting plugin LocationServicesBPLibrary
LogPluginManager: Mounting plugin IOSDeviceProfileSelector
LogPluginManager: Mounting plugin OpenXR
LogPluginManager: Mounting plugin OpenXRHandTracking
LogPluginManager: Mounting plugin OpenXREyeTracker
LogPluginManager: Mounting plugin MobilePatchingUtils
LogPluginManager: Mounting plugin LinuxDeviceProfileSelector
LogPluginManager: Mounting plugin PostSplashScreen
LogPluginManager: Mounting plugin PropertyAccessEditor
LogPluginManager: Mounting plugin PhysXVehicles
LogPluginManager: Mounting plugin ProceduralMeshComponent
LogPluginManager: Mounting plugin SignificanceManager
LogPluginManager: Mounting plugin Synthesis
LogPluginManager: Mounting plugin RuntimePhysXCooking
LogPluginManager: Mounting plugin SoundFields
LogPluginManager: Mounting plugin WebMMoviePlayer
LogPluginManager: Mounting plugin LauncherChunkInstaller
LogPluginManager: Mounting plugin WindowsMoviePlayer
LogPluginManager: Mounting plugin OnlineSubsystem
LogPluginManager: Mounting plugin OnlineSubsystemNull
LogPluginManager: Mounting plugin ScreenshotTools
LogPluginManager: Mounting plugin OnlineSubsystemUtils
LogPluginManager: Mounting plugin Takes
LogPluginManager: Mounting plugin ActorSequence
LogPluginManager: Mounting plugin MatineeToLevelSequence
LogPluginManager: Mounting plugin LevelSequenceEditor
LogPluginManager: Mounting plugin TemplateSequence
LogPluginManager: Mounting plugin DatasmithContent
LogPluginManager: Mounting plugin VariantManagerContent
LogPluginManager: Mounting plugin ContentBrowserClassDataSource
LogPluginManager: Mounting plugin ContentBrowserAssetDataSource
LogPluginManager: Mounting plugin ContentBrowserFileDataSource
LogPluginManager: Mounting plugin OculusVR
LogPluginManager: Mounting plugin SteamVR
LogPluginManager: Mounting plugin OnlineSubsystemIOS
LogPluginManager: Mounting plugin OnlineSubsystemGooglePlay
PixWinPlugin: PIX capture plugin failed to initialize! Check that the process is launched from PIX.
LogInit: Using libcurl 7.55.1-DEV
LogInit:  - built for x86_64-pc-win32
LogInit:  - supports SSL with OpenSSL/1.1.1
LogInit:  - supports HTTP deflate (compression) using libz 1.2.8
LogInit:  - other features:
LogInit:      CURL_VERSION_SSL
LogInit:      CURL_VERSION_LIBZ
LogInit:      CURL_VERSION_IPV6
LogInit:      CURL_VERSION_ASYNCHDNS
LogInit:      CURL_VERSION_LARGEFILE
LogInit:      CURL_VERSION_IDN
LogInit:  CurlRequestOptions (configurable via config and command line):
LogInit:  - bVerifyPeer = true  - Libcurl will verify peer certificate
LogInit:  - bUseHttpProxy = false  - Libcurl will NOT use HTTP proxy
LogInit:  - bDontReuseConnections = false  - Libcurl will reuse connections
LogInit:  - MaxHostConnections = 16  - Libcurl will limit the number of connections to a host
LogInit:  - LocalHostAddr = Default
LogInit:  - BufferSize = 65536
LogOnline: OSS: Creating online subsystem instance for: NULL
LogInit: WinSock: version 1.1 (2.2), MaxSocks=32767, MaxUdp=65467
LogOnline: OSS: TryLoadSubsystemAndSetDefault: Loaded subsystem for module [NULL]
LogOculusPluginWrapper: OculusPlugin initialized successfully
LogHMD: Failed initializing OVRPlugin 1.59.0
LogInit: Build: ++UE4+Release-4.27-CL-18319896
LogInit: Engine Version: 4.27.2-18319896+++UE4+Release-4.27
LogInit: Compatible Engine Version: 4.27.0-17155196+++UE4+Release-4.27
LogInit: Net CL: 17155196
LogInit: OS: Windows 10 (Release 2009) (), CPU: 12th Gen Intel(R) Core(TM) i9-12900H, GPU: NVIDIA GeForce RTX 3070 Ti Laptop GPU
LogInit: Compiled (64-bit): Nov 30 2021 07:12:08
LogInit: Compiled with Visual C++: 19.24.28315.00
LogInit: Build Configuration: Development
LogInit: Branch Name: ++UE4+Release-4.27
LogInit: Command Line: 
LogInit: Base Directory: C:/Program Files/Epic Games/UE_4.27/Engine/Binaries/Win64/
LogInit: Allocator: TBB
LogInit: Installed Engine Build: 1
LogDevObjectVersion: Number of dev versions registered: 29
LogDevObjectVersion:   Dev-Blueprints (B0D832E4-1F89-4F0D-ACCF-7EB736FD4AA2): 10
LogDevObjectVersion:   Dev-Build (E1C64328-A22C-4D53-A36C-8E866417BD8C): 0
LogDevObjectVersion:   Dev-Core (375EC13C-06E4-48FB-B500-84F0262A717E): 4
LogDevObjectVersion:   Dev-Editor (E4B068ED-F494-42E9-A231-DA0B2E46BB41): 40
LogDevObjectVersion:   Dev-Framework (CFFC743F-43B0-4480-9391-14DF171D2073): 37
LogDevObjectVersion:   Dev-Mobile (B02B49B5-BB20-44E9-A304-32B752E40360): 3
LogDevObjectVersion:   Dev-Networking (A4E4105C-59A1-49B5-A7C5-40C4547EDFEE): 0
LogDevObjectVersion:   Dev-Online (39C831C9-5AE6-47DC-9A44-9C173E1C8E7C): 0
LogDevObjectVersion:   Dev-Physics (78F01B33-EBEA-4F98-B9B4-84EACCB95AA2): 14
LogDevObjectVersion:   Dev-Platform (6631380F-2D4D-43E0-8009-CF276956A95A): 0
LogDevObjectVersion:   Dev-Rendering (12F88B9F-8875-4AFC-A67C-D90C383ABD29): 45
LogDevObjectVersion:   Dev-Sequencer (7B5AE74C-D270-4C10-A958-57980B212A5A): 13
LogDevObjectVersion:   Dev-VR (D7296918-1DD6-4BDD-9DE2-64A83CC13884): 3
LogDevObjectVersion:   Dev-LoadTimes (C2A15278-BFE7-4AFE-6C17-90FF531DF755): 1
LogDevObjectVersion:   Private-Geometry (6EACA3D4-40EC-4CC1-B786-8BED09428FC5): 3
LogDevObjectVersion:   Dev-AnimPhys (29E575DD-E0A3-4627-9D10-D276232CDCEA): 17
LogDevObjectVersion:   Dev-Anim (AF43A65D-7FD3-4947-9873-3E8ED9C1BB05): 15
LogDevObjectVersion:   Dev-ReflectionCapture (6B266CEC-1EC7-4B8F-A30B-E4D90942FC07): 1
LogDevObjectVersion:   Dev-Automation (0DF73D61-A23F-47EA-B727-89E90C41499A): 1
LogDevObjectVersion:   FortniteMain (601D1886-AC64-4F84-AA16-D3DE0DEAC7D6): 47
LogDevObjectVersion:   FortniteRelease (E7086368-6B23-4C58-8439-1B7016265E91): 1
LogDevObjectVersion:   Dev-Enterprise (9DFFBCD6-494F-0158-E221-12823C92A888): 10
LogDevObjectVersion:   Dev-Niagara (F2AED0AC-9AFE-416F-8664-AA7FFA26D6FC): 1
LogDevObjectVersion:   Dev-Destruction (174F1F0B-B4C6-45A5-B13F-2EE8D0FB917D): 10
LogDevObjectVersion:   Dev-Physics-Ext (35F94A83-E258-406C-A318-09F59610247C): 41
LogDevObjectVersion:   Dev-PhysicsMaterial-Chaos (B68FC16E-8B1B-42E2-B453-215C058844FE): 1
LogDevObjectVersion:   Dev-CineCamera (B2E18506-4273-CFC2-A54E-F4BB758BBA07): 1
LogDevObjectVersion:   Dev-VirtualProduction (64F58936-FD1B-42BA-BA96-7289D5D0FA4E): 1
LogDevObjectVersion:   Dev-MediaFramework (6F0ED827-A609-4895-9C91-998D90180EA4): 2
LogInit: Presizing for max 25165824 objects, including 0 objects not considered by GC, pre-allocating 0 bytes for permanent pool.
LogConfig: Applying CVar settings from Section [/Script/Engine.StreamingSettings] File [C:/Users/Yatharth Padharia/Downloads/SpiderMan Traversal Project/SpiderMan Traversal Project_Portfolio/Saved/Config/Windows/Engine.ini]
LogConfig: Setting CVar [[s.MinBulkDataSizeForAsyncLoading:131072]]
LogConfig: Setting CVar [[s.AsyncLoadingThreadEnabled:0]]
LogConfig: Setting CVar [[s.EventDrivenLoaderEnabled:1]]
LogConfig: Setting CVar [[s.WarnIfTimeLimitExceeded:0]]
LogConfig: Setting CVar [[s.TimeLimitExceededMultiplier:1.5]]
LogConfig: Setting CVar [[s.TimeLimitExceededMinTime:0.005]]
LogConfig: Setting CVar [[s.UseBackgroundLevelStreaming:1]]
LogConfig: Setting CVar [[s.PriorityAsyncLoadingExtraTime:15.0]]
LogConfig: Setting CVar [[s.LevelStreamingActorsUpdateTimeLimit:5.0]]
LogConfig: Setting CVar [[s.PriorityLevelStreamingActorsUpdateExtraTime:5.0]]
LogConfig: Setting CVar [[s.LevelStreamingComponentsRegistrationGranularity:10]]
LogConfig: Setting CVar [[s.UnregisterComponentsTimeLimit:1.0]]
LogConfig: Setting CVar [[s.LevelStreamingComponentsUnregistrationGranularity:5]]
LogConfig: Setting CVar [[s.FlushStreamingOnExit:1]]
LogInit: Object subsystem initialized
LogConfig: Setting CVar [[con.DebugEarlyDefault:1]]
LogConfig: Setting CVar [[r.setres:1280x720]]
[2026.04.20-21.24.18:036][  0]LogConfig: Setting CVar [[r.VSync:0]]
[2026.04.20-21.24.18:036][  0]LogConfig: Setting CVar [[r.RHICmdBypass:0]]
[2026.04.20-21.24.18:036][  0]LogConfig: Applying CVar settings from Section [/Script/Engine.RendererSettings] File [C:/Users/Yatharth Padharia/Downloads/SpiderMan Traversal Project/SpiderMan Traversal Project_Portfolio/Saved/Config/Windows/Engine.ini]
[2026.04.20-21.24.18:036][  0]LogConfig: Setting CVar [[r.GPUCrashDebugging:0]]
[2026.04.20-21.24.18:036][  0]LogConfig: Setting CVar [[r.EarlyZPass:2]]
[2026.04.20-21.24.18:036][  0]LogConfig: Setting CVar [[r.EarlyZPassOnlyMaterialMasking:1]]
[2026.04.20-21.24.18:036][  0]LogConfig: Applying CVar settings from Section [/Script/Engine.RendererOverrideSettings] File [C:/Users/Yatharth Padharia/Downloads/SpiderMan Traversal Project/SpiderMan Traversal Project_Portfolio/Saved/Config/Windows/Engine.ini]
[2026.04.20-21.24.18:036][  0]LogConfig: Applying CVar settings from Section [/Script/Engine.StreamingSettings] File [C:/Users/Yatharth Padharia/Downloads/SpiderMan Traversal Project/SpiderMan Traversal Project_Portfolio/Saved/Config/Windows/Engine.ini]
[2026.04.20-21.24.18:036][  0]LogConfig: Setting CVar [[s.MinBulkDataSizeForAsyncLoading:131072]]
[2026.04.20-21.24.18:036][  0]LogConfig: Setting CVar [[s.AsyncLoadingThreadEnabled:0]]
[2026.04.20-21.24.18:036][  0]LogConfig: Setting CVar [[s.EventDrivenLoaderEnabled:1]]
[2026.04.20-21.24.18:036][  0]LogConfig: Setting CVar [[s.WarnIfTimeLimitExceeded:0]]
[2026.04.20-21.24.18:036][  0]LogConfig: Setting CVar [[s.TimeLimitExceededMultiplier:1.5]]
[2026.04.20-21.24.18:036][  0]LogConfig: Setting CVar [[s.TimeLimitExceededMinTime:0.005]]
[2026.04.20-21.24.18:036][  0]LogConfig: Setting CVar [[s.UseBackgroundLevelStreaming:1]]
[2026.04.20-21.24.18:036][  0]LogConfig: Setting CVar [[s.PriorityAsyncLoadingExtraTime:15.0]]
[2026.04.20-21.24.18:036][  0]LogConfig: Setting CVar [[s.LevelStreamingActorsUpdateTimeLimit:5.0]]
[2026.04.20-21.24.18:036][  0]LogConfig: Setting CVar [[s.PriorityLevelStreamingActorsUpdateExtraTime:5.0]]
[2026.04.20-21.24.18:036][  0]LogConfig: Setting CVar [[s.LevelStreamingComponentsRegistrationGranularity:10]]
[2026.04.20-21.24.18:036][  0]LogConfig: Setting CVar [[s.UnregisterComponentsTimeLimit:1.0]]
[2026.04.20-21.24.18:036][  0]LogConfig: Setting CVar [[s.LevelStreamingComponentsUnregistrationGranularity:5]]
[2026.04.20-21.24.18:036][  0]LogConfig: Setting CVar [[s.FlushStreamingOnExit:1]]
[2026.04.20-21.24.18:036][  0]LogConfig: Applying CVar settings from Section [/Script/Engine.GarbageCollectionSettings] File [C:/Users/Yatharth Padharia/Downloads/SpiderMan Traversal Project/SpiderMan Traversal Project_Portfolio/Saved/Config/Windows/Engine.ini]
[2026.04.20-21.24.18:036][  0]LogConfig: Setting CVar [[gc.MaxObjectsNotConsideredByGC:1]]
[2026.04.20-21.24.18:036][  0]LogConfig: Setting CVar [[gc.SizeOfPermanentObjectPool:0]]
[2026.04.20-21.24.18:036][  0]LogConfig: Setting CVar [[gc.FlushStreamingOnGC:0]]
[2026.04.20-21.24.18:036][  0]LogConfig: Setting CVar [[gc.NumRetriesBeforeForcingGC:10]]
[2026.04.20-21.24.18:036][  0]LogConfig: Setting CVar [[gc.AllowParallelGC:1]]
[2026.04.20-21.24.18:036][  0]LogConfig: Setting CVar [[gc.TimeBetweenPurgingPendingKillObjects:61.1]]
[2026.04.20-21.24.18:036][  0]LogConfig: Setting CVar [[gc.MaxObjectsInEditor:25165824]]
[2026.04.20-21.24.18:036][  0]LogConfig: Setting CVar [[gc.IncrementalBeginDestroyEnabled:1]]
[2026.04.20-21.24.18:036][  0]LogConfig: Setting CVar [[gc.CreateGCClusters:1]]
[2026.04.20-21.24.18:036][  0]LogConfig: Setting CVar [[gc.MinGCClusterSize:5]]
[2026.04.20-21.24.18:036][  0]LogConfig: Setting CVar [[gc.ActorClusteringEnabled:0]]
[2026.04.20-21.24.18:036][  0]LogConfig: Setting CVar [[gc.BlueprintClusteringEnabled:0]]
[2026.04.20-21.24.18:036][  0]LogConfig: Setting CVar [[gc.UseDisregardForGCOnDedicatedServers:0]]
[2026.04.20-21.24.18:036][  0]LogConfig: Setting CVar [[gc.MultithreadedDestructionEnabled:1]]
[2026.04.20-21.24.18:036][  0]LogConfig: Applying CVar settings from Section [/Script/Engine.NetworkSettings] File [C:/Users/Yatharth Padharia/Downloads/SpiderMan Traversal Project/SpiderMan Traversal Project_Portfolio/Saved/Config/Windows/Engine.ini]
[2026.04.20-21.24.18:036][  0]LogConfig: Applying CVar settings from Section [/Script/UnrealEd.CookerSettings] File [C:/Users/Yatharth Padharia/Downloads/SpiderMan Traversal Project/SpiderMan Traversal Project_Portfolio/Saved/Config/Windows/Engine.ini]
[2026.04.20-21.24.18:051][  0]LogConfig: Applying CVar settings from Section [ViewDistanceQuality@3] File [C:/Users/Yatharth Padharia/Downloads/SpiderMan Traversal Project/SpiderMan Traversal Project_Portfolio/Saved/Config/Windows/Scalability.ini]
[2026.04.20-21.24.18:052][  0]LogConfig: Setting CVar [[r.SkeletalMeshLODBias:0]]
[2026.04.20-21.24.18:052][  0]LogConfig: Setting CVar [[r.ViewDistanceScale:1.0]]
[2026.04.20-21.24.18:052][  0]LogConfig: Applying CVar settings from Section [AntiAliasingQuality@3] File [C:/Users/Yatharth Padharia/Downloads/SpiderMan Traversal Project/SpiderMan Traversal Project_Portfolio/Saved/Config/Windows/Scalability.ini]
[2026.04.20-21.24.18:052][  0]LogConfig: Setting CVar [[r.PostProcessAAQuality:4]]
[2026.04.20-21.24.18:052][  0]LogConfig: Applying CVar settings from Section [ShadowQuality@3] File [C:/Users/Yatharth Padharia/Downloads/SpiderMan Traversal Project/SpiderMan Traversal Project_Portfolio/Saved/Config/Windows/Scalability.ini]
[2026.04.20-21.24.18:052][  0]LogConfig: Setting CVar [[r.LightFunctionQuality:1]]
[2026.04.20-21.24.18:052][  0]LogConfig: Setting CVar [[r.ShadowQuality:5]]
[2026.04.20-21.24.18:052][  0]LogConfig: Setting CVar [[r.Shadow.CSM.MaxCascades:10]]
[2026.04.20-21.24.18:052][  0]LogConfig: Setting CVar [[r.Shadow.MaxResolution:2048]]
[2026.04.20-21.24.18:052][  0]LogConfig: Setting CVar [[r.Shadow.MaxCSMResolution:2048]]
[2026.04.20-21.24.18:052][  0]LogConfig: Setting CVar [[r.Shadow.RadiusThreshold:0.01]]
[2026.04.20-21.24.18:052][  0]LogConfig: Setting CVar [[r.Shadow.DistanceScale:1.0]]
[2026.04.20-21.24.18:052][  0]LogConfig: Setting CVar [[r.Shadow.CSM.TransitionScale:1.0]]
[2026.04.20-21.24.18:052][  0]LogConfig: Setting CVar [[r.Shadow.PreShadowResolutionFactor:1.0]]
[2026.04.20-21.24.18:052][  0]LogConfig: Setting CVar [[r.DistanceFieldShadowing:1]]
[2026.04.20-21.24.18:052][  0]LogConfig: Setting CVar [[r.DistanceFieldAO:1]]
[2026.04.20-21.24.18:052][  0]LogConfig: Setting CVar [[r.AOQuality:2]]
[2026.04.20-21.24.18:052][  0]LogConfig: Setting CVar [[r.VolumetricFog:1]]
[2026.04.20-21.24.18:052][  0]LogConfig: Setting CVar [[r.VolumetricFog.GridPixelSize:8]]
[2026.04.20-21.24.18:052][  0]LogConfig: Setting CVar [[r.VolumetricFog.GridSizeZ:128]]
[2026.04.20-21.24.18:052][  0]LogConfig: Setting CVar [[r.VolumetricFog.HistoryMissSupersampleCount:4]]
[2026.04.20-21.24.18:052][  0]LogConfig: Setting CVar [[r.LightMaxDrawDistanceScale:1]]
[2026.04.20-21.24.18:052][  0]LogConfig: Setting CVar [[r.CapsuleShadows:1]]
[2026.04.20-21.24.18:052][  0]LogConfig: Applying CVar settings from Section [PostProcessQuality@3] File [C:/Users/Yatharth Padharia/Downloads/SpiderMan Traversal Project/SpiderMan Traversal Project_Portfolio/Saved/Config/Windows/Scalability.ini]
[2026.04.20-21.24.18:052][  0]LogConfig: Setting CVar [[r.MotionBlurQuality:4]]
[2026.04.20-21.24.18:052][  0]LogConfig: Setting CVar [[r.AmbientOcclusionMipLevelFactor:0.4]]
[2026.04.20-21.24.18:052][  0]LogConfig: Setting CVar [[r.AmbientOcclusionMaxQuality:100]]
[2026.04.20-21.24.18:052][  0]LogConfig: Setting CVar [[r.AmbientOcclusionLevels:-1]]
[2026.04.20-21.24.18:052][  0]LogConfig: Setting CVar [[r.AmbientOcclusionRadiusScale:1.0]]
[2026.04.20-21.24.18:052][  0]LogConfig: Setting CVar [[r.DepthOfFieldQuality:2]]
[2026.04.20-21.24.18:052][  0]LogConfig: Setting CVar [[r.RenderTargetPoolMin:400]]
[2026.04.20-21.24.18:052][  0]LogConfig: Setting CVar [[r.LensFlareQuality:2]]
[2026.04.20-21.24.18:052][  0]LogConfig: Setting CVar [[r.SceneColorFringeQuality:1]]
[2026.04.20-21.24.18:052][  0]LogConfig: Setting CVar [[r.EyeAdaptationQuality:2]]
[2026.04.20-21.24.18:052][  0]LogConfig: Setting CVar [[r.BloomQuality:5]]
[2026.04.20-21.24.18:052][  0]LogConfig: Setting CVar [[r.FastBlurThreshold:100]]
[2026.04.20-21.24.18:052][  0]LogConfig: Setting CVar [[r.Upscale.Quality:3]]
[2026.04.20-21.24.18:052][  0]LogConfig: Setting CVar [[r.Tonemapper.GrainQuantization:1]]
[2026.04.20-21.24.18:052][  0]LogConfig: Setting CVar [[r.LightShaftQuality:1]]
[2026.04.20-21.24.18:052][  0]LogConfig: Setting CVar [[r.Filter.SizeScale:1]]
[2026.04.20-21.24.18:052][  0]LogConfig: Setting CVar [[r.Tonemapper.Quality:5]]
[2026.04.20-21.24.18:052][  0]LogConfig: Setting CVar [[r.DOF.Gather.AccumulatorQuality:1        ; higher gathering accumulator quality]]
[2026.04.20-21.24.18:052][  0]LogConfig: Setting CVar [[r.DOF.Gather.PostfilterMethod:1          ; Median3x3 postfilering method]]
[2026.04.20-21.24.18:052][  0]LogConfig: Setting CVar [[r.DOF.Gather.EnableBokehSettings:0       ; no bokeh simulation when gathering]]
[2026.04.20-21.24.18:052][  0]LogConfig: Setting CVar [[r.DOF.Gather.RingCount:4                 ; medium number of samples when gathering]]
[2026.04.20-21.24.18:052][  0]LogConfig: Setting CVar [[r.DOF.Scatter.ForegroundCompositing:1    ; additive foreground scattering]]
[2026.04.20-21.24.18:052][  0]LogConfig: Setting CVar [[r.DOF.Scatter.BackgroundCompositing:2    ; additive background scattering]]
[2026.04.20-21.24.18:052][  0]LogConfig: Setting CVar [[r.DOF.Scatter.EnableBokehSettings:1      ; bokeh simulation when scattering]]
[2026.04.20-21.24.18:052][  0]LogConfig: Setting CVar [[r.DOF.Scatter.MaxSpriteRatio:0.1         ; only a maximum of 10% of scattered bokeh]]
[2026.04.20-21.24.18:052][  0]LogConfig: Setting CVar [[r.DOF.Recombine.Quality:1                ; cheap slight out of focus]]
[2026.04.20-21.24.18:052][  0]LogConfig: Setting CVar [[r.DOF.Recombine.EnableBokehSettings:0    ; no bokeh simulation on slight out of focus]]
[2026.04.20-21.24.18:052][  0]LogConfig: Setting CVar [[r.DOF.TemporalAAQuality:1                ; more stable temporal accumulation]]
[2026.04.20-21.24.18:052][  0]LogConfig: Setting CVar [[r.DOF.Kernel.MaxForegroundRadius:0.025]]
[2026.04.20-21.24.18:052][  0]LogConfig: Setting CVar [[r.DOF.Kernel.MaxBackgroundRadius:0.025]]
[2026.04.20-21.24.18:052][  0]LogConfig: Applying CVar settings from Section [TextureQuality@3] File [C:/Users/Yatharth Padharia/Downloads/SpiderMan Traversal Project/SpiderMan Traversal Project_Portfolio/Saved/Config/Windows/Scalability.ini]
[2026.04.20-21.24.18:052][  0]LogConfig: Setting CVar [[r.Streaming.MipBias:0]]
[2026.04.20-21.24.18:052][  0]LogConfig: Setting CVar [[r.Streaming.AmortizeCPUToGPUCopy:0]]
[2026.04.20-21.24.18:052][  0]LogConfig: Setting CVar [[r.Streaming.MaxNumTexturesToStreamPerFrame:0]]
[2026.04.20-21.24.18:052][  0]LogConfig: Setting CVar [[r.Streaming.Boost:1]]
[2026.04.20-21.24.18:052][  0]LogConfig: Setting CVar [[r.MaxAnisotropy:8]]
[2026.04.20-21.24.18:052][  0]LogConfig: Setting CVar [[r.VT.MaxAnisotropy:8]]
[2026.04.20-21.24.18:052][  0]LogConfig: Setting CVar [[r.Streaming.LimitPoolSizeToVRAM:0]]
[2026.04.20-21.24.18:052][  0]LogConfig: Setting CVar [[r.Streaming.PoolSize:1000]]
[2026.04.20-21.24.18:052][  0]LogConfig: Setting CVar [[r.Streaming.MaxEffectiveScreenSize:0]]
[2026.04.20-21.24.18:052][  0]LogConfig: Applying CVar settings from Section [EffectsQuality@3] File [C:/Users/Yatharth Padharia/Downloads/SpiderMan Traversal Project/SpiderMan Traversal Project_Portfolio/Saved/Config/Windows/Scalability.ini]
[2026.04.20-21.24.18:052][  0]LogConfig: Setting CVar [[r.TranslucencyLightingVolumeDim:64]]
[2026.04.20-21.24.18:052][  0]LogConfig: Setting CVar [[r.RefractionQuality:2]]
[2026.04.20-21.24.18:052][  0]LogConfig: Setting CVar [[r.SSR.Quality:3]]
[2026.04.20-21.24.18:052][  0]LogConfig: Setting CVar [[r.SSR.HalfResSceneColor:0]]
[2026.04.20-21.24.18:052][  0]LogConfig: Setting CVar [[r.SceneColorFormat:4]]
[2026.04.20-21.24.18:052][  0]LogConfig: Setting CVar [[r.DetailMode:2]]
[2026.04.20-21.24.18:052][  0]LogConfig: Setting CVar [[r.TranslucencyVolumeBlur:1]]
[2026.04.20-21.24.18:052][  0]LogConfig: Setting CVar [[r.MaterialQualityLevel:1 ; High quality]]
[2026.04.20-21.24.18:052][  0]LogConfig: Setting CVar [[r.AnisotropicMaterials:1]]
[2026.04.20-21.24.18:052][  0]LogConfig: Setting CVar [[r.SSS.Scale:1]]
[2026.04.20-21.24.18:052][  0]LogConfig: Setting CVar [[r.SSS.SampleSet:2]]
[2026.04.20-21.24.18:052][  0]LogConfig: Setting CVar [[r.SSS.Quality:1]]
[2026.04.20-21.24.18:052][  0]LogConfig: Setting CVar [[r.SSS.HalfRes:0]]
[2026.04.20-21.24.18:052][  0]LogConfig: Setting CVar [[r.SSGI.Quality:3]]
[2026.04.20-21.24.18:052][  0]LogConfig: Setting CVar [[r.EmitterSpawnRateScale:1.0]]
[2026.04.20-21.24.18:052][  0]LogConfig: Setting CVar [[r.ParticleLightQuality:2]]
[2026.04.20-21.24.18:052][  0]LogConfig: Setting CVar [[r.SkyAtmosphere.AerialPerspectiveLUT.FastApplyOnOpaque:1 ; Always have FastSkyLUT 1 in this case to avoid wrong sky]]
[2026.04.20-21.24.18:052][  0]LogConfig: Setting CVar [[r.SkyAtmosphere.AerialPerspectiveLUT.SampleCountMaxPerSlice:4]]
[2026.04.20-21.24.18:052][  0]LogConfig: Setting CVar [[r.SkyAtmosphere.AerialPerspectiveLUT.DepthResolution:16.0]]
[2026.04.20-21.24.18:052][  0]LogConfig: Setting CVar [[r.SkyAtmosphere.FastSkyLUT:1]]
[2026.04.20-21.24.18:052][  0]LogConfig: Setting CVar [[r.SkyAtmosphere.FastSkyLUT.SampleCountMin:4.0]]
[2026.04.20-21.24.18:052][  0]LogConfig: Setting CVar [[r.SkyAtmosphere.FastSkyLUT.SampleCountMax:128.0]]
[2026.04.20-21.24.18:052][  0]LogConfig: Setting CVar [[r.SkyAtmosphere.SampleCountMin:4.0]]
[2026.04.20-21.24.18:052][  0]LogConfig: Setting CVar [[r.SkyAtmosphere.SampleCountMax:128.0]]
[2026.04.20-21.24.18:052][  0]LogConfig: Setting CVar [[r.SkyAtmosphere.TransmittanceLUT.UseSmallFormat:0]]
[2026.04.20-21.24.18:052][  0]LogConfig: Setting CVar [[r.SkyAtmosphere.TransmittanceLUT.SampleCount:10.0]]
[2026.04.20-21.24.18:052][  0]LogConfig: Setting CVar [[r.SkyAtmosphere.MultiScatteringLUT.SampleCount:15.0]]
[2026.04.20-21.24.18:052][  0]LogConfig: Setting CVar [[r.SkyLight.RealTimeReflectionCapture:1]]
[2026.04.20-21.24.18:052][  0]LogConfig: Applying CVar settings from Section [FoliageQuality@3] File [C:/Users/Yatharth Padharia/Downloads/SpiderMan Traversal Project/SpiderMan Traversal Project_Portfolio/Saved/Config/Windows/Scalability.ini]
[2026.04.20-21.24.18:052][  0]LogConfig: Setting CVar [[foliage.DensityScale:1.0]]
[2026.04.20-21.24.18:052][  0]LogConfig: Setting CVar [[grass.DensityScale:1.0]]
[2026.04.20-21.24.18:052][  0]LogConfig: Applying CVar settings from Section [ShadingQuality@3] File [C:/Users/Yatharth Padharia/Downloads/SpiderMan Traversal Project/SpiderMan Traversal Project_Portfolio/Saved/Config/Windows/Scalability.ini]
[2026.04.20-21.24.18:052][  0]LogConfig: Setting CVar [[r.HairStrands.SkyLighting.IntegrationType:2]]
[2026.04.20-21.24.18:052][  0]LogConfig: Setting CVar [[r.HairStrands.SkyAO.SampleCount:4]]
[2026.04.20-21.24.18:052][  0]LogConfig: Setting CVar [[r.HairStrands.Visibility.MSAA.SamplePerPixel:4]]
[2026.04.20-21.24.18:053][  0]LogInit: Selected Device Profile: [Windows]
[2026.04.20-21.24.18:053][  0]LogInit: Applying CVar settings loaded from the selected device profile: [Windows]
[2026.04.20-21.24.18:053][  0]LogHAL: Display: Platform has ~ 16 GB [16855977984 / 17179869184 / 16], which maps to Larger [LargestMinGB=32, LargerMinGB=12, DefaultMinGB=8, SmallerMinGB=6, SmallestMinGB=0)
[2026.04.20-21.24.18:053][  0]LogInit: Going up to parent DeviceProfile []
[2026.04.20-21.24.18:053][  0]LogConfig: Applying CVar settings from Section [ViewDistanceQuality@3] File [C:/Users/Yatharth Padharia/Downloads/SpiderMan Traversal Project/SpiderMan Traversal Project_Portfolio/Saved/Config/Windows/Scalability.ini]
[2026.04.20-21.24.18:053][  0]LogConfig: Setting CVar [[r.SkeletalMeshLODBias:0]]
[2026.04.20-21.24.18:053][  0]LogConfig: Setting CVar [[r.ViewDistanceScale:1.0]]
[2026.04.20-21.24.18:053][  0]LogConfig: Applying CVar settings from Section [AntiAliasingQuality@3] File [C:/Users/Yatharth Padharia/Downloads/SpiderMan Traversal Project/SpiderMan Traversal Project_Portfolio/Saved/Config/Windows/Scalability.ini]
[2026.04.20-21.24.18:053][  0]LogConfig: Setting CVar [[r.PostProcessAAQuality:4]]
[2026.04.20-21.24.18:053][  0]LogConfig: Applying CVar settings from Section [ShadowQuality@3] File [C:/Users/Yatharth Padharia/Downloads/SpiderMan Traversal Project/SpiderMan Traversal Project_Portfolio/Saved/Config/Windows/Scalability.ini]
[2026.04.20-21.24.18:053][  0]LogConfig: Setting CVar [[r.LightFunctionQuality:1]]
[2026.04.20-21.24.18:053][  0]LogConfig: Setting CVar [[r.ShadowQuality:5]]
[2026.04.20-21.24.18:053][  0]LogConfig: Setting CVar [[r.Shadow.CSM.MaxCascades:10]]
[2026.04.20-21.24.18:053][  0]LogConfig: Setting CVar [[r.Shadow.MaxResolution:2048]]
[2026.04.20-21.24.18:053][  0]LogConfig: Setting CVar [[r.Shadow.MaxCSMResolution:2048]]
[2026.04.20-21.24.18:053][  0]LogConfig: Setting CVar [[r.Shadow.RadiusThreshold:0.01]]
[2026.04.20-21.24.18:053][  0]LogConfig: Setting CVar [[r.Shadow.DistanceScale:1.0]]
[2026.04.20-21.24.18:053][  0]LogConfig: Setting CVar [[r.Shadow.CSM.TransitionScale:1.0]]
[2026.04.20-21.24.18:053][  0]LogConfig: Setting CVar [[r.Shadow.PreShadowResolutionFactor:1.0]]
[2026.04.20-21.24.18:053][  0]LogConfig: Setting CVar [[r.DistanceFieldShadowing:1]]
[2026.04.20-21.24.18:053][  0]LogConfig: Setting CVar [[r.DistanceFieldAO:1]]
[2026.04.20-21.24.18:053][  0]LogConfig: Setting CVar [[r.AOQuality:2]]
[2026.04.20-21.24.18:053][  0]LogConfig: Setting CVar [[r.VolumetricFog:1]]
[2026.04.20-21.24.18:053][  0]LogConfig: Setting CVar [[r.VolumetricFog.GridPixelSize:8]]
[2026.04.20-21.24.18:053][  0]LogConfig: Setting CVar [[r.VolumetricFog.GridSizeZ:128]]
[2026.04.20-21.24.18:053][  0]LogConfig: Setting CVar [[r.VolumetricFog.HistoryMissSupersampleCount:4]]
[2026.04.20-21.24.18:053][  0]LogConfig: Setting CVar [[r.LightMaxDrawDistanceScale:1]]
[2026.04.20-21.24.18:053][  0]LogConfig: Setting CVar [[r.CapsuleShadows:1]]
[2026.04.20-21.24.18:053][  0]LogConfig: Applying CVar settings from Section [PostProcessQuality@3] File [C:/Users/Yatharth Padharia/Downloads/SpiderMan Traversal Project/SpiderMan Traversal Project_Portfolio/Saved/Config/Windows/Scalability.ini]
[2026.04.20-21.24.18:053][  0]LogConfig: Setting CVar [[r.MotionBlurQuality:4]]
[2026.04.20-21.24.18:053][  0]LogConfig: Setting CVar [[r.AmbientOcclusionMipLevelFactor:0.4]]
[2026.04.20-21.24.18:053][  0]LogConfig: Setting CVar [[r.AmbientOcclusionMaxQuality:100]]
[2026.04.20-21.24.18:053][  0]LogConfig: Setting CVar [[r.AmbientOcclusionLevels:-1]]
[2026.04.20-21.24.18:053][  0]LogConfig: Setting CVar [[r.AmbientOcclusionRadiusScale:1.0]]
[2026.04.20-21.24.18:053][  0]LogConfig: Setting CVar [[r.DepthOfFieldQuality:2]]
[2026.04.20-21.24.18:053][  0]LogConfig: Setting CVar [[r.RenderTargetPoolMin:400]]
[2026.04.20-21.24.18:053][  0]LogConfig: Setting CVar [[r.LensFlareQuality:2]]
[2026.04.20-21.24.18:053][  0]LogConfig: Setting CVar [[r.SceneColorFringeQuality:1]]
[2026.04.20-21.24.18:053][  0]LogConfig: Setting CVar [[r.EyeAdaptationQuality:2]]
[2026.04.20-21.24.18:053][  0]LogConfig: Setting CVar [[r.BloomQuality:5]]
[2026.04.20-21.24.18:053][  0]LogConfig: Setting CVar [[r.FastBlurThreshold:100]]
[2026.04.20-21.24.18:053][  0]LogConfig: Setting CVar [[r.Upscale.Quality:3]]
[2026.04.20-21.24.18:053][  0]LogConfig: Setting CVar [[r.Tonemapper.GrainQuantization:1]]
[2026.04.20-21.24.18:053][  0]LogConfig: Setting CVar [[r.LightShaftQuality:1]]
[2026.04.20-21.24.18:053][  0]LogConfig: Setting CVar [[r.Filter.SizeScale:1]]
[2026.04.20-21.24.18:053][  0]LogConfig: Setting CVar [[r.Tonemapper.Quality:5]]
[2026.04.20-21.24.18:053][  0]LogConfig: Setting CVar [[r.DOF.Gather.AccumulatorQuality:1        ; higher gathering accumulator quality]]
[2026.04.20-21.24.18:053][  0]LogConfig: Setting CVar [[r.DOF.Gather.PostfilterMethod:1          ; Median3x3 postfilering method]]
[2026.04.20-21.24.18:053][  0]LogConfig: Setting CVar [[r.DOF.Gather.EnableBokehSettings:0       ; no bokeh simulation when gathering]]
[2026.04.20-21.24.18:053][  0]LogConfig: Setting CVar [[r.DOF.Gather.RingCount:4                 ; medium number of samples when gathering]]
[2026.04.20-21.24.18:053][  0]LogConfig: Setting CVar [[r.DOF.Scatter.ForegroundCompositing:1    ; additive foreground scattering]]
[2026.04.20-21.24.18:053][  0]LogConfig: Setting CVar [[r.DOF.Scatter.BackgroundCompositing:2    ; additive background scattering]]
[2026.04.20-21.24.18:053][  0]LogConfig: Setting CVar [[r.DOF.Scatter.EnableBokehSettings:1      ; bokeh simulation when scattering]]
[2026.04.20-21.24.18:053][  0]LogConfig: Setting CVar [[r.DOF.Scatter.MaxSpriteRatio:0.1         ; only a maximum of 10% of scattered bokeh]]
[2026.04.20-21.24.18:053][  0]LogConfig: Setting CVar [[r.DOF.Recombine.Quality:1                ; cheap slight out of focus]]
[2026.04.20-21.24.18:053][  0]LogConfig: Setting CVar [[r.DOF.Recombine.EnableBokehSettings:0    ; no bokeh simulation on slight out of focus]]
[2026.04.20-21.24.18:053][  0]LogConfig: Setting CVar [[r.DOF.TemporalAAQuality:1                ; more stable temporal accumulation]]
[2026.04.20-21.24.18:053][  0]LogConfig: Setting CVar [[r.DOF.Kernel.MaxForegroundRadius:0.025]]
[2026.04.20-21.24.18:053][  0]LogConfig: Setting CVar [[r.DOF.Kernel.MaxBackgroundRadius:0.025]]
[2026.04.20-21.24.18:053][  0]LogConfig: Applying CVar settings from Section [TextureQuality@3] File [C:/Users/Yatharth Padharia/Downloads/SpiderMan Traversal Project/SpiderMan Traversal Project_Portfolio/Saved/Config/Windows/Scalability.ini]
[2026.04.20-21.24.18:053][  0]LogConfig: Setting CVar [[r.Streaming.MipBias:0]]
[2026.04.20-21.24.18:053][  0]LogConfig: Setting CVar [[r.Streaming.AmortizeCPUToGPUCopy:0]]
[2026.04.20-21.24.18:053][  0]LogConfig: Setting CVar [[r.Streaming.MaxNumTexturesToStreamPerFrame:0]]
[2026.04.20-21.24.18:053][  0]LogConfig: Setting CVar [[r.Streaming.Boost:1]]
[2026.04.20-21.24.18:053][  0]LogConfig: Setting CVar [[r.MaxAnisotropy:8]]
[2026.04.20-21.24.18:053][  0]LogConfig: Setting CVar [[r.VT.MaxAnisotropy:8]]
[2026.04.20-21.24.18:053][  0]LogConfig: Setting CVar [[r.Streaming.LimitPoolSizeToVRAM:0]]
[2026.04.20-21.24.18:053][  0]LogConfig: Setting CVar [[r.Streaming.PoolSize:1000]]
[2026.04.20-21.24.18:053][  0]LogConfig: Setting CVar [[r.Streaming.MaxEffectiveScreenSize:0]]
[2026.04.20-21.24.18:053][  0]LogConfig: Applying CVar settings from Section [EffectsQuality@3] File [C:/Users/Yatharth Padharia/Downloads/SpiderMan Traversal Project/SpiderMan Traversal Project_Portfolio/Saved/Config/Windows/Scalability.ini]
[2026.04.20-21.24.18:053][  0]LogConfig: Setting CVar [[r.TranslucencyLightingVolumeDim:64]]
[2026.04.20-21.24.18:054][  0]LogConfig: Setting CVar [[r.RefractionQuality:2]]
[2026.04.20-21.24.18:054][  0]LogConfig: Setting CVar [[r.SSR.Quality:3]]
[2026.04.20-21.24.18:054][  0]LogConfig: Setting CVar [[r.SSR.HalfResSceneColor:0]]
[2026.04.20-21.24.18:054][  0]LogConfig: Setting CVar [[r.SceneColorFormat:4]]
[2026.04.20-21.24.18:054][  0]LogConfig: Setting CVar [[r.DetailMode:2]]
[2026.04.20-21.24.18:054][  0]LogConfig: Setting CVar [[r.TranslucencyVolumeBlur:1]]
[2026.04.20-21.24.18:054][  0]LogConfig: Setting CVar [[r.MaterialQualityLevel:1 ; High quality]]
[2026.04.20-21.24.18:054][  0]LogConfig: Setting CVar [[r.AnisotropicMaterials:1]]
[2026.04.20-21.24.18:054][  0]LogConfig: Setting CVar [[r.SSS.Scale:1]]
[2026.04.20-21.24.18:054][  0]LogConfig: Setting CVar [[r.SSS.SampleSet:2]]
[2026.04.20-21.24.18:054][  0]LogConfig: Setting CVar [[r.SSS.Quality:1]]
[2026.04.20-21.24.18:054][  0]LogConfig: Setting CVar [[r.SSS.HalfRes:0]]
[2026.04.20-21.24.18:054][  0]LogConfig: Setting CVar [[r.SSGI.Quality:3]]
[2026.04.20-21.24.18:054][  0]LogConfig: Setting CVar [[r.EmitterSpawnRateScale:1.0]]
[2026.04.20-21.24.18:054][  0]LogConfig: Setting CVar [[r.ParticleLightQuality:2]]
[2026.04.20-21.24.18:054][  0]LogConfig: Setting CVar [[r.SkyAtmosphere.AerialPerspectiveLUT.FastApplyOnOpaque:1 ; Always have FastSkyLUT 1 in this case to avoid wrong sky]]
[2026.04.20-21.24.18:054][  0]LogConfig: Setting CVar [[r.SkyAtmosphere.AerialPerspectiveLUT.SampleCountMaxPerSlice:4]]
[2026.04.20-21.24.18:054][  0]LogConfig: Setting CVar [[r.SkyAtmosphere.AerialPerspectiveLUT.DepthResolution:16.0]]
[2026.04.20-21.24.18:054][  0]LogConfig: Setting CVar [[r.SkyAtmosphere.FastSkyLUT:1]]
[2026.04.20-21.24.18:054][  0]LogConfig: Setting CVar [[r.SkyAtmosphere.FastSkyLUT.SampleCountMin:4.0]]
[2026.04.20-21.24.18:054][  0]LogConfig: Setting CVar [[r.SkyAtmosphere.FastSkyLUT.SampleCountMax:128.0]]
[2026.04.20-21.24.18:054][  0]LogConfig: Setting CVar [[r.SkyAtmosphere.SampleCountMin:4.0]]
[2026.04.20-21.24.18:054][  0]LogConfig: Setting CVar [[r.SkyAtmosphere.SampleCountMax:128.0]]
[2026.04.20-21.24.18:054][  0]LogConfig: Setting CVar [[r.SkyAtmosphere.TransmittanceLUT.UseSmallFormat:0]]
[2026.04.20-21.24.18:054][  0]LogConfig: Setting CVar [[r.SkyAtmosphere.TransmittanceLUT.SampleCount:10.0]]
[2026.04.20-21.24.18:054][  0]LogConfig: Setting CVar [[r.SkyAtmosphere.MultiScatteringLUT.SampleCount:15.0]]
[2026.04.20-21.24.18:054][  0]LogConfig: Setting CVar [[r.SkyLight.RealTimeReflectionCapture:1]]
[2026.04.20-21.24.18:054][  0]LogConfig: Applying CVar settings from Section [FoliageQuality@3] File [C:/Users/Yatharth Padharia/Downloads/SpiderMan Traversal Project/SpiderMan Traversal Project_Portfolio/Saved/Config/Windows/Scalability.ini]
[2026.04.20-21.24.18:054][  0]LogConfig: Setting CVar [[foliage.DensityScale:1.0]]
[2026.04.20-21.24.18:054][  0]LogConfig: Setting CVar [[grass.DensityScale:1.0]]
[2026.04.20-21.24.18:054][  0]LogConfig: Applying CVar settings from Section [ShadingQuality@3] File [C:/Users/Yatharth Padharia/Downloads/SpiderMan Traversal Project/SpiderMan Traversal Project_Portfolio/Saved/Config/Windows/Scalability.ini]
[2026.04.20-21.24.18:054][  0]LogConfig: Setting CVar [[r.HairStrands.SkyLighting.IntegrationType:2]]
[2026.04.20-21.24.18:054][  0]LogConfig: Setting CVar [[r.HairStrands.SkyAO.SampleCount:4]]
[2026.04.20-21.24.18:054][  0]LogConfig: Setting CVar [[r.HairStrands.Visibility.MSAA.SamplePerPixel:4]]
[2026.04.20-21.24.18:054][  0]LogConfig: Applying CVar settings from Section [Startup] File [../../../Engine/Config/ConsoleVariables.ini]
[2026.04.20-21.24.18:054][  0]LogConfig: Setting CVar [[net.UseAdaptiveNetUpdateFrequency:0]]
[2026.04.20-21.24.18:054][  0]LogConfig: Setting CVar [[p.chaos.AllowCreatePhysxBodies:1]]
[2026.04.20-21.24.18:054][  0]LogConfig: Setting CVar [[fx.SkipVectorVMBackendOptimizations:1]]
[2026.04.20-21.24.18:054][  0]LogConfig: Applying CVar settings from Section [ConsoleVariables] File [C:/Users/Yatharth Padharia/Downloads/SpiderMan Traversal Project/SpiderMan Traversal Project_Portfolio/Saved/Config/Windows/Engine.ini]
[2026.04.20-21.24.18:054][  0]LogConfig: Applying CVar settings from Section [ConsoleVariables] File [C:/Users/Yatharth Padharia/Downloads/SpiderMan Traversal Project/SpiderMan Traversal Project_Portfolio/Saved/Config/Windows/Editor.ini]
[2026.04.20-21.24.18:055][  0]LogInit: Computer: YATHARTH
[2026.04.20-21.24.18:055][  0]LogInit: User: YatharthPadharia
[2026.04.20-21.24.18:055][  0]LogInit: CPU Page size=4096, Cores=14
[2026.04.20-21.24.18:055][  0]LogInit: High frequency timer resolution =10.000000 MHz
[2026.04.20-21.24.18:055][  0]LogMemory: Memory total: Physical=15.7GB (16GB approx)
[2026.04.20-21.24.18:055][  0]LogMemory: Platform Memory Stats for Windows
[2026.04.20-21.24.18:055][  0]LogMemory: Process Physical Memory: 159.40 MB used, 159.40 MB peak
[2026.04.20-21.24.18:055][  0]LogMemory: Process Virtual Memory: 135.07 MB used, 135.07 MB peak
[2026.04.20-21.24.18:055][  0]LogMemory: Physical Memory: 11538.58 MB used,  4536.54 MB free, 16075.11 MB total
[2026.04.20-21.24.18:055][  0]LogMemory: Virtual Memory: 134210048.00 MB used,  7678.68 MB free, 134217728.00 MB total
[2026.04.20-21.24.18:061][  0]LogWindows: WindowsPlatformFeatures enabled
[2026.04.20-21.24.18:127][  0]LogInit: Physics initialised using underlying interface: PhysX
[2026.04.20-21.24.18:130][  0]LogInit: Using OS detected language (en-US).
[2026.04.20-21.24.18:130][  0]LogInit: Using OS detected locale (en-US).
[2026.04.20-21.24.18:139][  0]LogTextLocalizationManager: No specific localization for 'en-US' exists, so the 'en' localization will be used.
[2026.04.20-21.24.18:362][  0]LogInit: Setting process to per monitor DPI aware
[2026.04.20-21.24.18:377][  0]LogWindowsTextInputMethodSystem: Display: IME system deactivated.
[2026.04.20-21.24.18:399][  0]LogSlate: New Slate User Created.  User Index 0, Is Virtual User: 0
[2026.04.20-21.24.18:399][  0]LogSlate: Slate User Registered.  User Index 0, Is Virtual User: 0
[2026.04.20-21.24.18:595][  0]LogD3D11RHI: Loaded GFSDK_Aftermath_Lib.x64.dll
[2026.04.20-21.24.18:612][  0]LogHMD: Failed to initialize OpenVR with code 100
[2026.04.20-21.24.18:613][  0]LogD3D11RHI: D3D11 min allowed feature level: 11_0
[2026.04.20-21.24.18:613][  0]LogD3D11RHI: D3D11 max allowed feature level: 11_0
[2026.04.20-21.24.18:613][  0]LogD3D11RHI: D3D11 adapters:
[2026.04.20-21.24.19:089][  0]LogD3D11RHI:    0. 'NVIDIA GeForce RTX 3070 Ti Laptop GPU' (Feature Level 11_0)
[2026.04.20-21.24.19:089][  0]LogD3D11RHI:       8018/0/8037 MB DedicatedVideo/DedicatedSystem/SharedSystem, Outputs:1, VendorId:0x10de
[2026.04.20-21.24.19:222][  0]LogD3D11RHI:    1. 'Intel(R) Iris(R) Xe Graphics' (Feature Level 11_0)
[2026.04.20-21.24.19:222][  0]LogD3D11RHI:       128/0/8037 MB DedicatedVideo/DedicatedSystem/SharedSystem, Outputs:0, VendorId:0x8086
[2026.04.20-21.24.19:233][  0]LogD3D11RHI:    2. 'Microsoft Basic Render Driver' (Feature Level 11_0)
[2026.04.20-21.24.19:233][  0]LogD3D11RHI:       0/0/8037 MB DedicatedVideo/DedicatedSystem/SharedSystem, Outputs:0, VendorId:0x1414
[2026.04.20-21.24.19:233][  0]LogD3D11RHI: Chosen D3D11 Adapter:
[2026.04.20-21.24.19:233][  0]LogD3D11RHI:     Description : NVIDIA GeForce RTX 3070 Ti Laptop GPU
[2026.04.20-21.24.19:233][  0]LogD3D11RHI:     VendorId    : 10de
[2026.04.20-21.24.19:233][  0]LogD3D11RHI:     DeviceId    : 24a0
[2026.04.20-21.24.19:233][  0]LogD3D11RHI:     SubSysId    : 1a8c1043
[2026.04.20-21.24.19:233][  0]LogD3D11RHI:     Revision    : 00a1
[2026.04.20-21.24.19:233][  0]LogD3D11RHI:     DedicatedVideoMemory : 8407482368 bytes
[2026.04.20-21.24.19:233][  0]LogD3D11RHI:     DedicatedSystemMemory : 0 bytes
[2026.04.20-21.24.19:233][  0]LogD3D11RHI:     SharedSystemMemory : 8427988992 bytes
[2026.04.20-21.24.19:233][  0]LogD3D11RHI:     AdapterLuid : 0 77823
[2026.04.20-21.24.19:249][  0]LogD3D11RHI: Creating new Direct3DDevice
[2026.04.20-21.24.19:249][  0]LogD3D11RHI:     GPU DeviceId: 0x24a0 (for the marketing name, search the web for "GPU Device Id")
[2026.04.20-21.24.19:249][  0]LogWindows: EnumDisplayDevices:
[2026.04.20-21.24.19:249][  0]LogWindows:    0. 'Intel(R) Iris(R) Xe Graphics' (P:0 D:0)
[2026.04.20-21.24.19:249][  0]LogWindows:    1. 'Intel(R) Iris(R) Xe Graphics' (P:0 D:0)
[2026.04.20-21.24.19:249][  0]LogWindows:    2. 'Intel(R) Iris(R) Xe Graphics' (P:0 D:0)
[2026.04.20-21.24.19:249][  0]LogWindows:    3. 'Intel(R) Iris(R) Xe Graphics' (P:0 D:0)
[2026.04.20-21.24.19:249][  0]LogWindows:    4. 'NVIDIA GeForce RTX 3070 Ti Laptop GPU' (P:1 D:1)
[2026.04.20-21.24.19:249][  0]LogWindows:    5. 'NVIDIA GeForce RTX 3070 Ti Laptop GPU' (P:0 D:0)
[2026.04.20-21.24.19:250][  0]LogWindows:    6. 'NVIDIA GeForce RTX 3070 Ti Laptop GPU' (P:0 D:0)
[2026.04.20-21.24.19:250][  0]LogWindows:    7. 'NVIDIA GeForce RTX 3070 Ti Laptop GPU' (P:0 D:0)
[2026.04.20-21.24.19:250][  0]LogWindows: DebugString: PrimaryIsNotTheChoosenAdapter PrimaryIsNotTheChoosenAdapter PrimaryIsNotTheChoosenAdapter PrimaryIsNotTheChoosenAdapter FoundDriverCount:4 
[2026.04.20-21.24.19:250][  0]LogD3D11RHI:     Adapter Name: NVIDIA GeForce RTX 3070 Ti Laptop GPU
[2026.04.20-21.24.19:250][  0]LogD3D11RHI:   Driver Version: 581.57 (internal:32.0.15.8157, unified:581.57)
[2026.04.20-21.24.19:250][  0]LogD3D11RHI:      Driver Date: 10-9-2025
[2026.04.20-21.24.19:250][  0]LogRHI: Texture pool is 5612 MB (70% of 8018 MB)
[2026.04.20-21.24.19:250][  0]LogD3D11RHI: Creating D3DDevice using adapter:
[2026.04.20-21.24.19:250][  0]LogD3D11RHI:     Description : NVIDIA GeForce RTX 3070 Ti Laptop GPU
[2026.04.20-21.24.19:250][  0]LogD3D11RHI:     VendorId    : 10de
[2026.04.20-21.24.19:250][  0]LogD3D11RHI:     DeviceId    : 24a0
[2026.04.20-21.24.19:250][  0]LogD3D11RHI:     SubSysId    : 1a8c1043
[2026.04.20-21.24.19:250][  0]LogD3D11RHI:     Revision    : 00a1
[2026.04.20-21.24.19:250][  0]LogD3D11RHI:     DedicatedVideoMemory : 8407482368 bytes
[2026.04.20-21.24.19:250][  0]LogD3D11RHI:     DedicatedSystemMemory : 0 bytes
[2026.04.20-21.24.19:250][  0]LogD3D11RHI:     SharedSystemMemory : 8427988992 bytes
[2026.04.20-21.24.19:250][  0]LogD3D11RHI:     AdapterLuid : 0 77823
[2026.04.20-21.24.19:399][  0]LogD3D11RHI: RHI has support for 64 bit atomics
[2026.04.20-21.24.19:400][  0]LogD3D11RHI: Async texture creation enabled
[2026.04.20-21.24.19:400][  0]LogD3D11RHI: Array index from any shader is supported
[2026.04.20-21.24.19:437][  0]LogD3D11RHI: GPU Timing Frequency: 1000.000000 (Debug: 2 2)
[2026.04.20-21.24.19:480][  0]LogRHI: GeForceNow SDK initialized: 1
[2026.04.20-21.24.19:876][  0]LogTargetPlatformManager: Display: Loaded TargetPlatform 'AllDesktop'
[2026.04.20-21.24.19:905][  0]LogTargetPlatformManager: Display: Loaded TargetPlatform 'Android'
[2026.04.20-21.24.19:905][  0]LogTargetPlatformManager: Display: Loaded TargetPlatform 'Android_ASTC'
[2026.04.20-21.24.19:905][  0]LogTargetPlatformManager: Display: Loaded TargetPlatform 'Android_DXT'
[2026.04.20-21.24.19:905][  0]LogTargetPlatformManager: Display: Loaded TargetPlatform 'Android_ETC2'
[2026.04.20-21.24.19:906][  0]LogTargetPlatformManager: Display: Loaded TargetPlatform 'AndroidClient'
[2026.04.20-21.24.19:906][  0]LogTargetPlatformManager: Display: Loaded TargetPlatform 'Android_ASTCClient'
[2026.04.20-21.24.19:906][  0]LogTargetPlatformManager: Display: Loaded TargetPlatform 'Android_DXTClient'
[2026.04.20-21.24.19:906][  0]LogTargetPlatformManager: Display: Loaded TargetPlatform 'Android_ETC2Client'
[2026.04.20-21.24.19:906][  0]LogTargetPlatformManager: Display: Loaded TargetPlatform 'Android_Multi'
[2026.04.20-21.24.19:906][  0]LogTargetPlatformManager: Display: Loaded TargetPlatform 'Android_MultiClient'
[2026.04.20-21.24.19:927][  0]LogTargetPlatformManager: Display: Loaded TargetPlatform 'IOSClient'
[2026.04.20-21.24.19:927][  0]LogTargetPlatformManager: Display: Loaded TargetPlatform 'IOS'
[2026.04.20-21.24.19:937][  0]LogTargetPlatformManager: Display: Loaded TargetPlatform 'Linux'
[2026.04.20-21.24.19:942][  0]LogTargetPlatformManager: Display: Loaded TargetPlatform 'LinuxNoEditor'
[2026.04.20-21.24.19:946][  0]LogTargetPlatformManager: Display: Loaded TargetPlatform 'LinuxClient'
[2026.04.20-21.24.19:950][  0]LogTargetPlatformManager: Display: Loaded TargetPlatform 'LinuxServer'
[2026.04.20-21.24.19:959][  0]LogTargetPlatformManager: Display: Loaded TargetPlatform 'LinuxAArch64NoEditor'
[2026.04.20-21.24.19:963][  0]LogTargetPlatformManager: Display: Loaded TargetPlatform 'LinuxAArch64Client'
[2026.04.20-21.24.19:968][  0]LogTargetPlatformManager: Display: Loaded TargetPlatform 'LinuxAArch64Server'
[2026.04.20-21.24.19:986][  0]LogTargetPlatformManager: Display: Loaded TargetPlatform 'Lumin'
[2026.04.20-21.24.19:986][  0]LogTargetPlatformManager: Display: Loaded TargetPlatform 'LuminClient'
[2026.04.20-21.24.19:994][  0]LogTargetPlatformManager: Display: Loaded TargetPlatform 'MacNoEditor'
[2026.04.20-21.24.19:998][  0]LogTargetPlatformManager: Display: Loaded TargetPlatform 'Mac'
[2026.04.20-21.24.20:002][  0]LogTargetPlatformManager: Display: Loaded TargetPlatform 'MacClient'
[2026.04.20-21.24.20:006][  0]LogTargetPlatformManager: Display: Loaded TargetPlatform 'MacServer'
[2026.04.20-21.24.20:017][  0]LogTargetPlatformManager: Display: Loaded TargetPlatform 'TVOSClient'
[2026.04.20-21.24.20:017][  0]LogTargetPlatformManager: Display: Loaded TargetPlatform 'TVOS'
[2026.04.20-21.24.20:028][  0]LogTargetPlatformManager: Display: Loaded TargetPlatform 'WindowsNoEditor'
[2026.04.20-21.24.20:033][  0]LogTargetPlatformManager: Display: Loaded TargetPlatform 'Windows'
[2026.04.20-21.24.20:037][  0]LogTargetPlatformManager: Display: Loaded TargetPlatform 'WindowsClient'
[2026.04.20-21.24.20:042][  0]LogTargetPlatformManager: Display: Loaded TargetPlatform 'WindowsServer'
[2026.04.20-21.24.20:042][  0]LogTargetPlatformManager: Display: Building Assets For Windows
[2026.04.20-21.24.20:050][  0]LogAudioDebug: Display: Lib vorbis DLL was dynamically loaded.
[2026.04.20-21.24.20:087][  0]LogTextureFormatOodle: Display: Oodle Texture 2.9.0 init RDO Off
[2026.04.20-21.24.20:164][  0]LogRendererCore: Ray tracing is disabled. Reason: r.RayTracing=0.
[2026.04.20-21.24.20:165][  0]LogShaderCompilers: Guid format shader working directory is -60 characters bigger than the processId version (../../../../../../Users/Yatharth Padharia/Downloads/SpiderMan Traversal Project/SpiderMan Traversal Project_Portfolio/Intermediate/Shaders/WorkingDirectory/65084/).
[2026.04.20-21.24.20:165][  0]LogShaderCompilers: Cleaned the shader compiler working directory 'C:/Users/Yatharth Padharia/AppData/Local/Temp/UnrealShaderWorkingDir/A54EEEF9462952F3898ABEB577FA67D8/'.
[2026.04.20-21.24.20:166][  0]LogXGEController: Cannot use XGE Controller as Incredibuild is not installed on this machine.
[2026.04.20-21.24.20:166][  0]LogShaderCompilers: Cannot use XGE Shader Compiler as Incredibuild is not installed on this machine.
[2026.04.20-21.24.20:166][  0]LogShaderCompilers: Display: Using Local Shader Compiler.
[2026.04.20-21.24.21:712][  0]LogDerivedDataCache: Display: Max Cache Size: 512 MB
[2026.04.20-21.24.21:794][  0]LogDerivedDataCache: Loaded boot cache 0.08s 95MB C:/Users/Yatharth Padharia/AppData/Local/UnrealEngine/4.27/DerivedDataCache/Boot.ddc.
[2026.04.20-21.24.21:794][  0]LogDerivedDataCache: Display: Loaded Boot cache: C:/Users/Yatharth Padharia/AppData/Local/UnrealEngine/4.27/DerivedDataCache/Boot.ddc
[2026.04.20-21.24.21:794][  0]LogDerivedDataCache: FDerivedDataBackendGraph:  Pak pak cache file ../../../../../../Users/Yatharth Padharia/Downloads/SpiderMan Traversal Project/SpiderMan Traversal Project_Portfolio/DerivedDataCache/DDC.ddp not found, will not use a pak cache.
[2026.04.20-21.24.21:794][  0]LogDerivedDataCache: Unable to find inner node Pak for hierarchical cache Hierarchy.
[2026.04.20-21.24.21:794][  0]LogDerivedDataCache: FDerivedDataBackendGraph:  CompressedPak pak cache file ../../../../../../Users/Yatharth Padharia/Downloads/SpiderMan Traversal Project/SpiderMan Traversal Project_Portfolio/DerivedDataCache/Compressed.ddp not found, will not use a pak cache.
[2026.04.20-21.24.21:794][  0]LogDerivedDataCache: Unable to find inner node CompressedPak for hierarchical cache Hierarchy.
[2026.04.20-21.24.21:808][  0]LogDerivedDataCache: Display: Pak cache opened for reading ../../../Engine/DerivedDataCache/Compressed.ddp.
[2026.04.20-21.24.21:809][  0]LogDerivedDataCache: FDerivedDataBackendGraph:  EnterprisePak pak cache file ../../../Enterprise/DerivedDataCache/Compressed.ddp not found, will not use a pak cache.
[2026.04.20-21.24.21:809][  0]LogDerivedDataCache: Unable to find inner node EnterprisePak for hierarchical cache Hierarchy.
[2026.04.20-21.24.21:829][  0]LogDerivedDataCache: Speed tests for C:/Users/Yatharth Padharia/AppData/Local/UnrealEngine/Common/DerivedDataCache took 0.02 seconds
[2026.04.20-21.24.21:829][  0]LogDerivedDataCache: Display: Performance to C:/Users/Yatharth Padharia/AppData/Local/UnrealEngine/Common/DerivedDataCache: Latency=0.04ms. RandomReadSpeed=87.79MBs, RandomWriteSpeed=107.62MBs. Assigned SpeedClass 'Local'
[2026.04.20-21.24.21:830][  0]LogDerivedDataCache: Using Local data cache path C:/Users/Yatharth Padharia/AppData/Local/UnrealEngine/Common/DerivedDataCache: Writable
[2026.04.20-21.24.21:830][  0]LogDerivedDataCache: Shared data cache path not found in *engine.ini, will not use an Shared cache.
[2026.04.20-21.24.21:830][  0]LogDerivedDataCache: Unable to find inner node Shared for hierarchical cache Hierarchy.
[2026.04.20-21.24.21:883][  0]LogSlate: Using FreeType 2.10.0
[2026.04.20-21.24.21:884][  0]LogSlate: SlateFontServices - WITH_FREETYPE: 1, WITH_HARFBUZZ: 1
[2026.04.20-21.24.21:917][  0]LogAssetRegistry: FAssetRegistry took 0.0034 seconds to start up
[2026.04.20-21.24.23:406][  0]LogInit: Selected Device Profile: [Windows]
[2026.04.20-21.24.23:406][  0]LogInit: Active device profile: [00000190DF86B500][00000190D9CD2640 49] Windows
[2026.04.20-21.24.23:406][  0]LogInit: Profiles: [00000190DF86B500][00000190D9CD2640 49] Windows, [00000190E0672700][00000190DBFBC9C0 49] WindowsNoEditor, [00000190DF868B00][00000190D9CD6D40 49] WindowsServer, [00000190E0673100][00000190D9CDB0C0 49] WindowsClient, [00000190DF86B000][00000190D9CDF440 49] IOS, [00000190E0671700][00000190D9CE7780 49] iPadAir, [00000190DF869600][00000190D9CEB7C0 49] iPadAir2, [00000190E026E100][00000190D9CE2300 49] IPadPro, [00000190E026E200][00000190D9CFE340 49] iPadAir3, [00000190DF86A800][00000190D9CEE6C0 49] iPadAir4, [00000190E026D400][00000190D9CF2A40 49] iPadMini2, [00000190DF869B00][00000190D9CFADC0 49] iPadMini3, [00000190E026FC00][00000190D9CF7140 49] iPadMini4, [00000190DF86B300][00000190D9D0B4C0 49] iPadMini5, [00000190E0670600][00000190DD15BB40 49] iPhone6, [00000190E0672C00][00000190DD16BB80 49] iPodTouch6, [00000190E026F300][00000190DD1563C0 49] iPhone7, [00000190E026EE00][00000190DD172700 49] iPodTouch7, [00000190E0672A00][00000190DD15E780 49] iPhone5S, [00000190E026D000][00000190DD166B00 49] iPhone6Plus, [00000190E0673F00][00000190DD16EE80 49] iPhone6S, [00000190E026CC00][00000190DD163200 49] iPhone6SPlus, [00000190E0673900][00000190DD17B540 49] iPhone7Plus, [00000190E026FE00][00000190DD17F880 49] iPhoneSE, [00000190E0673700][00000190DD177C00 49] iPhone8, [00000190E026ED00][00000190DD182100 49] iPhone8Plus, [00000190E0672400][00000190DD186480 49] iPhoneX, [00000190E026D200][00000190DD18A800 49] iPhoneXS, [00000190E0673A00][00000190DD18EB80 49] iPhoneXSMax, [00000190E026C100][00000190DD192F00 49] iPhoneXR, [00000190E0673200][00000190DD197880 49] iPhone11, [00000190E026F800][00000190DF601BC0 49] iPhone11Pro, [00000190E0673400][00000190DD19A3C0 49] iPhone11ProMax, [00000190E026CE00][00000190DF604740 49] iPhoneSE2, [00000190E0672B00][00000190DF608AC0 49] iPhone12Mini, [00000190E026DC00][00000190DF60CE40 49] iPhone12, [00000190E0671A00][00000190DF6111C0 49] iPhone12Pro, [00000190E026DE00][00000190DF615540 49] iPhone12ProMax, [00000190E0670200][00000190DF618FC0 49] iPadPro105, [00000190E026E300][00000190DF621300 49] iPadPro129, [00000190E0672900][00000190DF625640 49] iPadPro97, [00000190E026F400][00000190DF61D9C0 49] iPadPro2_129, [00000190E0670B00][00000190DF629D40 49] iPad5, [00000190E026C400][00000190DF62C240 49] iPad6, [00000190E0672300][00000190DF6311C0 49] iPad7, [00000190E026C600][00000190DF635540 49] iPad8, [00000190E0673600][00000190DF638CC0 49] iPadPro11, [00000190E026C700][00000190DF63C0C0 49] iPadPro2_11, [00000190E0673E00][00000190DF645380 49] iPadPro3_129, [00000190E026D800][00000190DF640780 49] iPadPro4_129, [00000190E0670E00][00000190DF649A80 49] AppleTV, [00000190E026F200][00000190DF64DE00 49] AppleTV4K, [00000190E0673000][00000190DF650300 49] TVOS, [00000190E026E000][00000190DF654680 49] Mac, [00000190E0672E00][00000190DF658A00 49] MacClient, [00000190E026D600][00000190DF65CD80 49] MacNoEditor, [00000190E0673C00][00000190DF6650C0 49] MacServer, [00000190DF86A200][00000190DF669400 49] Linux, [00000190E026CD00][00000190DF660B00 49] LinuxAArch64, [00000190DF86B100][00000190DF671B00 49] LinuxNoEditor, [00000190E026F500][00000190DF675200 49] LinuxAArch64NoEditor, [00000190DF86A100][00000190DF678380 49] LinuxClient, [00000190E026CA00][00000190DF67D900 49] LinuxAArch64Client, [00000190DF869C00][00000190DF680A80 49] LinuxServer, [00000190E026F900][00000190DF684480 49] LinuxAArch64Server, [00000190DF868200][00000190DF68D140 49] Android, [00000190E026FF00][00000190DF6894C0 49] Android_Low, [00000190DF86A000][00000190DF691840 49] Android_Mid, [00000190E026E600][00000190DF695BC0 49] Android_High, [00000190DF869100][00000190DF3760C0 49] Android_Default, [00000190E026C300][00000190DF6F2440 49] Android_Adreno4xx, [00000190DF86B200][00000190E0BEE140 49] Android_Adreno5xx_Low, [00000190E0673500][00000190D18DAB40 49] Android_Adreno5xx, [00000190DF868900][00000190D18F4EC0 49] Android_Adreno6xx, [00000190E0670F00][00000190DC1E8B80 49] Android_Adreno6xx_Vulkan, [00000190DF86BC00][00000190DC073580 49] Android_Mali_T6xx, [00000190E0672D00][00000190DC1E5900 49] Android_Mali_T7xx, [00000190DF86BD00][00000190DC1E1C80 49] Android_Mali_T8xx, [00000190E0671600][00000190DF37E180 49] Android_Mali_G71, [00000190DF869D00][00000190DC1CC500 49] Android_Mali_G72, [00000190E0673300][00000190DF6FA500 49] Android_Mali_G72_Vulkan, [00000190DF868D00][00000190E0F1CC00 49] Android_Mali_G76, [00000190E0671800][00000190DF37ABC0 49] Android_Mali_G76_Vulkan, [00000190DF869700][00000190E0F18F40 49] Android_Mali_G77, [00000190E0670100][00000190DC0632C0 49] Android_Mali_G77_Vulkan, [00000190DF868600][00000190D18E3640 49] Android_Mali_G78, [00000190E0670900][00000190D18DF9C0 49] Android_Mali_G78_Vulkan, [00000190DF868700][00000190E08AA1C0 49] Android_Mali_G710, [00000190E0673B00][00000190E08AE540 49] Android_Mali_G710_Vulkan, [00000190DF868F00][00000190E08B28C0 49] Android_Vulkan_SM5, [00000190E0671400][00000190E08B6CC0 49] Android_PowerVR_G6xxx, [00000190DF86AD00][00000190E0BDAF80 49] Android_PowerVR_GT7xxx, [00000190E0672100][00000190E0BD7300 49] Android_PowerVR_GE8xxx, [00000190DF868500][00000190E0BDF680 49] Android_PowerVR_GM9xxx, [00000190E0672200][00000190E0BE3A00 49] Android_PowerVR_GM9xxx_Vulkan, [00000190DF868400][00000190E0BE7E00 49] Android_TegraK1, [00000190E0671500][00000190E0BEA580 49] Android_Unknown_Vulkan, [00000190DF869000][00000190E147A680 49] Lumin, [00000190E0670300][00000190E147EA00 49] Lumin_Desktop, [00000190DF869500][00000190E1486FC0 49] HoloLens, 
[2026.04.20-21.24.23:594][  0]LogMeshReduction: Using QuadricMeshReduction for automatic static mesh reduction
[2026.04.20-21.24.23:594][  0]LogMeshReduction: Using SimplygonMeshReduction for automatic skeletal mesh reduction
[2026.04.20-21.24.23:594][  0]LogMeshReduction: Using ProxyLODMeshReduction for automatic mesh merging
[2026.04.20-21.24.23:594][  0]LogMeshReduction: No distributed automatic mesh merging module available
[2026.04.20-21.24.23:594][  0]LogMeshMerging: No distributed automatic mesh merging module available
[2026.04.20-21.24.23:614][  0]LogNetVersion: SpiderMan_Mk2 1.0.0, NetCL: 17155196, EngineNetVer: 17, GameNetVer: 0 (Checksum: 451616927)
[2026.04.20-21.24.24:233][  0]LogTexture: Default maximum texture size for cubemaps generated from long-lat sources has been changed from 512 to unlimited. In order to preserve old behaiour for '/Engine/MapTemplates/Sky/DaylightAmbientCubemap.DaylightAmbientCubemap', its maximum texture size has been explicitly set to 512.
[2026.04.20-21.24.24:302][  0]LogHMD: PokeAHoleMaterial loaded successfully
[2026.04.20-21.24.24:309][  0]LogUObjectArray: 17174 objects as part of root set at end of initial load.
[2026.04.20-21.24.24:309][  0]LogUObjectAllocator: 4300480 out of 0 bytes used by permanent object pool.
[2026.04.20-21.24.24:309][  0]LogUObjectArray: CloseDisregardForGC: 0/0 objects in disregard for GC pool
[2026.04.20-21.24.24:576][  0]LogFMOD: FFMODStudioModule startup
[2026.04.20-21.24.24:576][  0]LogFMOD: Lib path = '../../../Engine/Plugins/FMODStudio/Binaries'
[2026.04.20-21.24.24:576][  0]LogFMOD: FFMODStudioModule::LoadDll: Loading ../../../Engine/Plugins/FMODStudio/Binaries/Win64/fmodL.dll
[2026.04.20-21.24.24:581][  0]LogFMOD: FFMODStudioModule::LoadDll: Loading ../../../Engine/Plugins/FMODStudio/Binaries/Win64/fmodstudioL.dll
[2026.04.20-21.24.24:588][  0]LogFMOD: Error: Failed to load bank lookup
[2026.04.20-21.24.24:588][  0]LogFMOD: Error: Failed to load asset lookup
[2026.04.20-21.24.24:639][  0]LogFMOD: Default sample rate = 48000
[2026.04.20-21.24.24:639][  0]LogFMOD: System sample rate = 48000
[2026.04.20-21.24.24:639][  0]LogFMOD: Matching system sample rate 48000
[2026.04.20-21.24.24:735][  0]LogFMOD: Default sample rate = 48000
[2026.04.20-21.24.24:735][  0]LogFMOD: System sample rate = 48000
[2026.04.20-21.24.24:735][  0]LogFMOD: Matching system sample rate 48000
[2026.04.20-21.24.24:968][  0]LogNiagaraDebuggerClient: Niagara Debugger Client Initialized | Session: 222BE22E43E8646BA89A37AD92CCF2A3 | Instance: 0C32A8C6438EFBB11535E1B706C1C35E (YATHARTH-65084).
[2026.04.20-21.24.25:029][  0]LogPython: Using Python 3.7.7
[2026.04.20-21.24.25:719][  0]LogTcpMessaging: Initializing TcpMessaging bridge
[2026.04.20-21.24.25:727][  0]LogUdpMessaging: Initializing bridge on interface 0.0.0.0:0 to multicast group 230.0.0.1:6666.
[2026.04.20-21.24.25:842][  0]LogLinker: Warning: Failed to load '/Game/TopDownBP/TopDownOverview': Can't find file.
[2026.04.20-21.24.25:843][  0]LogLinker: Warning: Failed to load '/Game/TopDownBP/TopDownOverview': Can't find file.
[2026.04.20-21.24.25:843][  0]LogUObjectGlobals: Warning: Failed to find object 'Class /Game/TopDownBP/TopDownOverview.TopDownOverview_C'
[2026.04.20-21.24.26:173][  0]LogOpenImageDenoise: OIDN starting up
[2026.04.20-21.24.26:188][  0]SourceControl: Source control is disabled
[2026.04.20-21.24.26:188][  0]SourceControl: Source control is disabled
[2026.04.20-21.24.26:193][  0]SourceControl: Source control is disabled
[2026.04.20-21.24.26:200][  0]SourceControl: Source control is disabled
[2026.04.20-21.24.26:216][  0]SourceControl: Source control is disabled
[2026.04.20-21.24.26:223][  0]LogUProjectInfo: Found projects:
[2026.04.20-21.24.26:314][  0]LogAndroidPermission: UAndroidPermissionCallbackProxy::GetInstance
[2026.04.20-21.24.26:334][  0]LogAudioCaptureCore: Display: No Audio Capture implementations found. Audio input will be silent.
[2026.04.20-21.24.26:334][  0]LogAudioCaptureCore: Display: No Audio Capture implementations found. Audio input will be silent.
[2026.04.20-21.24.26:379][  0]LogHoudiniEngine: Starting the Houdini Engine module...
[2026.04.20-21.24.26:379][  0]LogHoudiniEngine: Failed locating or loading libHAPIL.dll
[2026.04.20-21.24.26:380][  0]LogLinker: Warning: Asset '../../Plugins/Runtime/HoudiniEngine/Content/houdini_default_material.uasset' has been saved with empty engine version. The asset will be loaded but may be incompatible.
[2026.04.20-21.24.26:539][  0]LogCollectionManager: Loaded 0 collections in 0.001409 seconds
[2026.04.20-21.24.26:563][  0]LogFileCache: Scanning file cache for directory 'C:/Users/Yatharth Padharia/Downloads/SpiderMan Traversal Project/SpiderMan Traversal Project_Portfolio/Saved/Collections/' took 0.00s
[2026.04.20-21.24.26:563][  0]LogFileCache: Scanning file cache for directory 'C:/Users/Yatharth Padharia/Downloads/SpiderMan Traversal Project/SpiderMan Traversal Project_Portfolio/Content/Developers/YatharthPadharia/Collections/' took 0.00s
[2026.04.20-21.24.26:563][  0]LogFileCache: Scanning file cache for directory 'C:/Users/Yatharth Padharia/Downloads/SpiderMan Traversal Project/SpiderMan Traversal Project_Portfolio/Content/Collections/' took 0.00s
[2026.04.20-21.24.26:563][  0]LogOcInput: OculusInput pre-init called
[2026.04.20-21.24.26:814][  0]LogClass: Warning: ObjectProperty FConstructionSystemSaveConstructedItem::PrefabAsset is not initialized properly. Module:ConstructionSystemRuntime File:Public/Save/ConstructionSystemSaveGame.h
[2026.04.20-21.24.26:814][  0]LogClass: Display: IntProperty FConstructionSystemSaveConstructedItem::Seed is not initialized properly. Module:ConstructionSystemRuntime File:Public/Save/ConstructionSystemSaveGame.h
[2026.04.20-21.24.26:814][  0]LogClass: Warning: ObjectProperty FConstructionSystemUICategory::Icon is not initialized properly. Module:ConstructionSystemRuntime File:Public/ConstructionSystem/UI/ConstructionSystemUIAsset.h
[2026.04.20-21.24.26:814][  0]LogClass: Warning: ObjectProperty FConstructionSystemUIPrefabEntry::Icon is not initialized properly. Module:ConstructionSystemRuntime File:Public/ConstructionSystem/UI/ConstructionSystemUIAsset.h
[2026.04.20-21.24.26:814][  0]LogClass: Warning: ObjectProperty FConstructionSystemUIPrefabEntry::Prefab is not initialized properly. Module:ConstructionSystemRuntime File:Public/ConstructionSystem/UI/ConstructionSystemUIAsset.h
[2026.04.20-21.24.26:818][  0]LogClass: Display: 5 Uninitialized script struct members found including 4 object properties
[2026.04.20-21.24.26:819][  0]LogAutomationTest: Warning: ObjectProperty FConstructionSystemSaveConstructedItem::PrefabAsset is not initialized properly. Module:ConstructionSystemRuntime File:Public/Save/ConstructionSystemSaveGame.h
[2026.04.20-21.24.26:819][  0]LogAutomationTest: Warning: ObjectProperty FConstructionSystemUICategory::Icon is not initialized properly. Module:ConstructionSystemRuntime File:Public/ConstructionSystem/UI/ConstructionSystemUIAsset.h
[2026.04.20-21.24.26:819][  0]LogAutomationTest: Warning: ObjectProperty FConstructionSystemUIPrefabEntry::Icon is not initialized properly. Module:ConstructionSystemRuntime File:Public/ConstructionSystem/UI/ConstructionSystemUIAsset.h
[2026.04.20-21.24.26:819][  0]LogAutomationTest: Warning: ObjectProperty FConstructionSystemUIPrefabEntry::Prefab is not initialized properly. Module:ConstructionSystemRuntime File:Public/ConstructionSystem/UI/ConstructionSystemUIAsset.h
[2026.04.20-21.24.26:821][  0]LogEngine: Initializing Engine...
[2026.04.20-21.24.26:825][  0]LogHMD: Failed to enumerate extensions. Please check that you have a valid OpenXR runtime installed.
[2026.04.20-21.24.26:825][  0]LogHMD: Failed to initialize OpenVR with code 100
[2026.04.20-21.24.26:825][  0]LogMagicLeap: Warning: VR disabled because ZI is not enabled.  To enable, in the editor, Edit -> Project Settings -> Plugins -> Magic Leap Plugin -> Enable Zero Iteration
[2026.04.20-21.24.26:828][  0]LogStats: UGameplayTagsManager::InitializeManager -  0.001 s
[2026.04.20-21.24.26:946][  0]LogInit: Initializing FReadOnlyCVARCache
[2026.04.20-21.24.26:957][  0]LogAIModule: Creating AISystem for world Untitled
[2026.04.20-21.24.26:958][  0]LogAudio: Display: Initializing Audio Device Manager...
[2026.04.20-21.24.26:961][  0]LogAudio: Display: Loading Default Audio Settings Objects...
[2026.04.20-21.24.26:962][  0]LogAudio: Display: No default SoundConcurrencyObject specified (or failed to load).
[2026.04.20-21.24.26:962][  0]LogAudio: Display: Audio Device Manager Initialized
[2026.04.20-21.24.26:963][  0]LogAudio: Display: Creating Audio Device:                 Id: 1, Scope: Shared, Realtime: True
[2026.04.20-21.24.26:963][  0]LogAudioMixer: Display: Audio Mixer Platform Settings:
[2026.04.20-21.24.26:963][  0]LogAudioMixer: Display: 	Sample Rate:						  48000
[2026.04.20-21.24.26:963][  0]LogAudioMixer: Display: 	Callback Buffer Frame Size Requested: 1024
[2026.04.20-21.24.26:963][  0]LogAudioMixer: Display: 	Callback Buffer Frame Size To Use:	  1024
[2026.04.20-21.24.26:963][  0]LogAudioMixer: Display: 	Number of buffers to queue:			  2
[2026.04.20-21.24.26:963][  0]LogAudioMixer: Display: 	Max Channels (voices):				  32
[2026.04.20-21.24.26:963][  0]LogAudioMixer: Display: 	Number of Async Source Workers:		  0
[2026.04.20-21.24.26:963][  0]LogAudio: Display: AudioDevice MaxSources: 32
[2026.04.20-21.24.26:964][  0]LogAudio: Display: Audio Spatialization Plugin: None (built-in).
[2026.04.20-21.24.26:964][  0]LogAudio: Display: Audio Reverb Plugin: None (built-in).
[2026.04.20-21.24.26:964][  0]LogAudio: Display: Audio Occlusion Plugin: None (built-in).
[2026.04.20-21.24.26:964][  0]LogAudioMixer: Display: Initializing audio mixer.
[2026.04.20-21.24.26:981][  0]LogAudioMixer: Display: 0: FrontLeft
[2026.04.20-21.24.26:981][  0]LogAudioMixer: Display: 1: FrontRight
[2026.04.20-21.24.26:998][  0]LogAudioMixer: Display: Using Audio Device Headphones (Xbox Controller)
[2026.04.20-21.24.27:001][  0]LogAudioMixer: Display: Initializing Sound Submixes...
[2026.04.20-21.24.27:003][  0]LogAudioMixer: Display: Creating Master Submix 'MasterSubmixDefault'
[2026.04.20-21.24.27:003][  0]LogAudioMixer: Display: Creating Master Submix 'MasterReverbSubmixDefault'
[2026.04.20-21.24.27:004][  0]LogAudioMixer: Display: Creating Master Submix 'MasterEQSubmixDefault'
[2026.04.20-21.24.27:004][  0]LogAudioMixer: FMixerPlatformXAudio2::StartAudioStream() called
[2026.04.20-21.24.27:004][  0]LogAudioMixer: Display: Output buffers initialized: Frames=1024, Channels=2, Samples=2048
[2026.04.20-21.24.27:005][  0]LogAudioMixer: Display: Starting AudioMixerPlatformInterface::RunInternal()
[2026.04.20-21.24.27:005][  0]LogAudioMixer: Display: FMixerPlatformXAudio2::SubmitBuffer() called for the first time
[2026.04.20-21.24.27:005][  0]LogInit: FAudioDevice initialized.
[2026.04.20-21.24.27:006][  0]LogAudio: Display: Audio Device (ID: 1) registered with world 'Untitled'.
[2026.04.20-21.24.27:006][  0]LogNetVersion: Set ProjectVersion to 1.0.0.0. Version Checksum will be recalculated on next use.
[2026.04.20-21.24.27:155][  0]LogDerivedDataCache: Saved boot cache 0.15s 95MB C:/Users/Yatharth Padharia/AppData/Local/UnrealEngine/4.27/DerivedDataCache/Boot.ddc.
[2026.04.20-21.24.27:155][  0]LogInit: Texture streaming: Enabled
[2026.04.20-21.24.27:168][  0]LogAnalytics: Display: [UEEditor.Rocket.Release] APIServer = https://datarouter.ol.epicgames.com/. AppVersion = 4.27.2-18319896+++UE4+Release-4.27
[2026.04.20-21.24.27:172][  0]LogEngineSessionManager: EngineSessionManager initialized
[2026.04.20-21.24.27:173][  0]LogEngineSessionManager: EngineSessionManager sent abnormal shutdown report. Type=Crashed, SessionId={093C9755-4B0C-6B7B-E9EF-CCB360FF6D38}
[2026.04.20-21.24.27:173][  0]LogEditorSessionSummary: Verbose: Initializing EditorSessionSummaryWriter for editor session tracking
[2026.04.20-21.24.27:177][  0]LogEditorSessionSummary: EditorSessionSummaryWriter initialized
[2026.04.20-21.24.27:235][  0]LogInit: Transaction tracking system initialized
[2026.04.20-21.24.27:261][  0]BlueprintLog: New page: Editor Load
[2026.04.20-21.24.27:333][  0]LocalizationService: Localization service is disabled
[2026.04.20-21.24.27:370][  0]TimingProfiler: Initialize
[2026.04.20-21.24.27:372][  0]TimingProfiler: OnSessionChanged
[2026.04.20-21.24.27:372][  0]LoadingProfiler: Initialize
[2026.04.20-21.24.27:372][  0]LoadingProfiler: OnSessionChanged
[2026.04.20-21.24.27:373][  0]NetworkingProfiler: Initialize
[2026.04.20-21.24.27:373][  0]NetworkingProfiler: OnSessionChanged
[2026.04.20-21.24.27:373][  0]MemoryProfiler: Initialize
[2026.04.20-21.24.27:373][  0]MemoryProfiler: OnSessionChanged
[2026.04.20-21.24.27:378][  0]LogClass: Warning: In asset 'None', there is an enum property of type 'EIOSVersion' with an invalid value of 'IOS_11'
[2026.04.20-21.24.27:378][  0]LogObj: Error: LoadConfig (/Script/IOSRuntimeSettings.Default__IOSRuntimeSettings): import failed for MinimumiOSVersion in: IOS_11
[2026.04.20-21.24.27:671][  0]LogCook: Display: CookSettings for Memory: MemoryMaxUsedVirtual 0MiB, MemoryMaxUsedPhysical 16384MiB, MemoryMinFreeVirtual 0MiB, MemoryMinFreePhysical 1024MiB
[2026.04.20-21.24.27:671][  0]LogCook: Display: Mobile HDR setting 1
[2026.04.20-21.24.27:754][  0]LogFileCache: Scanning file cache for directory 'C:/Users/Yatharth Padharia/Downloads/SpiderMan Traversal Project/SpiderMan Traversal Project_Portfolio/Content/' took 0.01s
[2026.04.20-21.24.27:754][  0]LogFMOD: FFMODStudioEditorModule startup
[2026.04.20-21.24.28:512][  0]LogHoudiniEngineEditor: Starting the Houdini Engine Editor module.
[2026.04.20-21.24.28:521][  0]LogHoudiniEngineEditor: Houdini Spline Component Visualizer Registered!
[2026.04.20-21.24.28:522][  0]LogHoudiniEngineEditor: Houdini Engine Editor module startup complete.
[2026.04.20-21.24.28:751][  0]LogInit: Display: Engine is initialized. Leaving FEngineLoop::Init()
[2026.04.20-21.24.28:755][  0]SourceControl: Source control is disabled
[2026.04.20-21.24.28:757][  0]LogUnrealEdMisc: Loading editor; pre map load, took 12.028
[2026.04.20-21.24.28:760][  0]LightingResults: New page: Lighting Build
[2026.04.20-21.24.28:761][  0]LogWorld: UWorld::CleanupWorld for Untitled, bSessionEnded=true, bCleanupResources=true
[2026.04.20-21.24.28:763][  0]LogSlate: InvalidateAllWidgets triggered.  All widgets were invalidated
[2026.04.20-21.24.28:764][  0]MapCheck: New page: Map Check
[2026.04.20-21.24.28:764][  0]LightingResults: New page: Lighting Build
[2026.04.20-21.24.28:777][  0]LogAudio: Display: Audio Device unregistered from world 'None'.
[2026.04.20-21.24.28:787][  0]LogUObjectHash: Compacting FUObjectHashTables data took   1.00ms
[2026.04.20-21.24.30:399][  0]LogAudio: Display: Audio Device (ID: 1) registered with world 'TestCity'.
[2026.04.20-21.24.30:399][  0]LogAIModule: Creating AISystem for world TestCity
[2026.04.20-21.24.31:548][  0]LogEditorServer: Finished looking for orphan Actors (0.000 secs)
[2026.04.20-21.24.31:574][  0]LogUObjectHash: Compacting FUObjectHashTables data took   1.18ms
[2026.04.20-21.24.31:576][  0]Cmd: MAP CHECKDEP NOCLEARLOG
[2026.04.20-21.24.31:576][  0]MapCheck: Map check complete: 0 Error(s), 0 Warning(s), took 0.41ms to complete.
[2026.04.20-21.24.31:576][  0]LogFileHelpers: Loading map 'TestCity' took 2.820
[2026.04.20-21.24.31:583][  0]LogUnrealEdMisc: Total Editor Startup Time, took 14.853
[2026.04.20-21.24.31:734][  0]LogSlate: Updating window title bar state: overlay mode, drag disabled, window buttons hidden, title bar hidden
[2026.04.20-21.24.31:739][  0]LogSlate: Updating window title bar state: overlay mode, drag disabled, window buttons hidden, title bar hidden
[2026.04.20-21.24.31:744][  0]LogSlate: Updating window title bar state: overlay mode, drag disabled, window buttons hidden, title bar hidden
[2026.04.20-21.24.31:748][  0]LogSlate: Updating window title bar state: overlay mode, drag disabled, window buttons hidden, title bar hidden
[2026.04.20-21.24.31:911][  0]LogLoad: (Engine Initialization) Total time: 15.18 seconds
[2026.04.20-21.24.31:911][  0]LogLoad: (Engine Initialization) Total Blueprint compile time: 0.00 seconds
[2026.04.20-21.24.31:978][  0]LogAssetRegistry: Asset discovery search completed in 10.0628 seconds
[2026.04.20-21.24.32:086][  0]LogFMOD: Display: Loaded bank lookup
[2026.04.20-21.24.32:086][  0]LogFMOD: Error: Failed to load asset lookup
[2026.04.20-21.24.32:095][  0]LogFMOD: Default sample rate = 48000
[2026.04.20-21.24.32:095][  0]LogFMOD: System sample rate = 48000
[2026.04.20-21.24.32:095][  0]LogFMOD: Matching system sample rate 48000
[2026.04.20-21.24.32:118][  0]LogFMOD: Warning: Master bank (Master.bank) not found.
[2026.04.20-21.24.32:241][  0]LogFMOD: Default sample rate = 48000
[2026.04.20-21.24.32:241][  0]LogFMOD: System sample rate = 48000
[2026.04.20-21.24.32:241][  0]LogFMOD: Matching system sample rate 48000
[2026.04.20-21.24.32:251][  0]LogFMOD: Warning: Master bank (Master.bank) not found.
[2026.04.20-21.24.32:294][  0]LogFMOD: Warning: Problem loading FMOD Bank: Could not find master bank (Master.bank). Check project settings.
[2026.04.20-21.24.32:303][  0]LogFMOD: Display: Loaded bank lookup
[2026.04.20-21.24.32:303][  0]LogFMOD: Error: Failed to load asset lookup
[2026.04.20-21.24.32:306][  0]LogCollectionManager: Fixed up redirectors for 0 collections in 0.000002 seconds (updated 0 objects)
[2026.04.20-21.24.32:307][  0]LogContentStreaming: Texture pool size now 1000 MB
[2026.04.20-21.24.32:323][  0]LogSlate: Took 0.000792 seconds to synchronously load lazily loaded font '../../../Engine/Content/Slate/Fonts/Roboto-Regular.ttf' (155K)
[2026.04.20-21.24.32:324][  0]LogSlate: Took 0.000568 seconds to synchronously load lazily loaded font '../../../Engine/Content/Editor/Slate/Fonts/FontAwesome.ttf' (139K)
[2026.04.20-21.24.32:326][  0]LogSlate: Took 0.000513 seconds to synchronously load lazily loaded font '../../../Engine/Content/Slate/Fonts/Roboto-Bold.ttf' (160K)
[2026.04.20-21.24.32:439][  0]LogRenderer: Reallocating scene render targets to support 1364x888 Format 10 NumSamples 1 (Frame:1).
[2026.04.20-21.24.35:012][  3]LogSlate: Took 0.001075 seconds to synchronously load lazily loaded font '../../../Engine/Content/Slate/Fonts/Roboto-Light.ttf' (167K)
[2026.04.20-21.25.29:001][ 39]LogAssetEditorSubsystem: Opening Asset editor for SkeletalMesh /Game/Retarget/Mixamo/Retarget_New/Mesh/Flying_Kick__1_.Flying_Kick__1_
[2026.04.20-21.25.29:025][ 39]LogTexture: Default maximum texture size for cubemaps generated from long-lat sources has been changed from 512 to unlimited. In order to preserve old behaiour for '/Engine/EditorMaterials/AssetViewer/EpicQuadPanorama_CC+EV1.EpicQuadPanorama_CC+EV1', its maximum texture size has been explicitly set to 512.
[2026.04.20-21.25.29:107][ 39]LogTexture: Default maximum texture size for cubemaps generated from long-lat sources has been changed from 512 to unlimited. In order to preserve old behaiour for '/Engine/MapTemplates/Sky/SunsetAmbientCubemap.SunsetAmbientCubemap', its maximum texture size has been explicitly set to 512.
[2026.04.20-21.25.29:208][ 39]LogActorComponent: RegisterComponentWithWorld: (/Engine/Transient.World_0:PersistentLevel.AnimationEditorPreviewActor_0.DebugSkelMeshComponent_0) Already registered. Aborting.
[2026.04.20-21.25.29:583][ 39]LogAssetEditorSubsystem: Opening Asset editor for Skeleton /Game/Retarget/Mixamo/Retarget_New/Mesh/Flying_Kick__1__Skeleton.Flying_Kick__1__Skeleton
[2026.04.20-21.25.29:586][ 39]LogActorComponent: RegisterComponentWithWorld: (/Engine/Transient.World_1:PersistentLevel.AnimationEditorPreviewActor_0.DebugSkelMeshComponent_0) Already registered. Aborting.
[2026.04.20-21.25.29:801][ 39]LogAssetEditorSubsystem: Opening Asset editor for AnimSequence /Game/Retarget/Mixamo/Retarget_New/Animations/Flying_Kick_Anim.Flying_Kick_Anim
[2026.04.20-21.25.29:811][ 39]LogActorComponent: RegisterComponentWithWorld: (/Engine/Transient.World_2:PersistentLevel.AnimationEditorPreviewActor_0.DebugSkelMeshComponent_0) Already registered. Aborting.
[2026.04.20-21.25.30:249][ 39]LogStaticMesh: Allocated 30x30x30 distance field atlas = 0.1Mb, with 1 objects containing 0.1Mb backing data
[2026.04.20-21.25.30:249][ 39]LogNativeClassHierarchy: Verbose: Native class hierarchy populated in 0.0276 seconds. Added 3988 classes and 974 folders.
[2026.04.20-21.25.30:254][ 39]LogContentBrowser: Verbose: The majority of assets in the view are of type: AnimSequence
[2026.04.20-21.25.31:644][135]LogNativeClassHierarchy: Verbose: Native class hierarchy updated for 'WidgetCarousel' in 0.0002 seconds. Added 0 classes and 0 folders.
[2026.04.20-21.25.31:650][135]LogPakFile: PakFile PrimaryIndexSize=187
[2026.04.20-21.25.31:650][135]LogPakFile: PakFile PathHashIndexSize=101
[2026.04.20-21.25.31:650][135]LogPakFile: PakFile FullDirectoryIndexSize=148
[2026.04.20-21.25.31:651][135]LogShaderLibrary: Display: ShaderCodeLibraryPakFileMountedCallback: PakFile 'C:/Program Files/Epic Games/UE_4.27/FeaturePacks/FP_FirstPerson.upack' (chunk index -1, root 'root:/') mounted
[2026.04.20-21.25.31:651][135]LogShaderLibrary: Display: ShaderCodeLibraryPakFileMountedCallback: pending pak file info (ChunkID:-1 Root:root:/ File:C:/Program Files/Epic Games/UE_4.27/FeaturePacks/FP_FirstPerson.upack)
[2026.04.20-21.25.31:651][135]LogPakFile: OnPakFileMounted2Time == 0.000793
[2026.04.20-21.25.31:655][135]LogPakFile: PakFile PrimaryIndexSize=189
[2026.04.20-21.25.31:655][135]LogPakFile: PakFile PathHashIndexSize=101
[2026.04.20-21.25.31:655][135]LogPakFile: PakFile FullDirectoryIndexSize=152
[2026.04.20-21.25.31:655][135]LogShaderLibrary: Display: ShaderCodeLibraryPakFileMountedCallback: PakFile 'C:/Program Files/Epic Games/UE_4.27/FeaturePacks/FP_FirstPersonBP.upack' (chunk index -1, root 'root:/') mounted
[2026.04.20-21.25.31:655][135]LogShaderLibrary: Display: ShaderCodeLibraryPakFileMountedCallback: pending pak file info (ChunkID:-1 Root:root:/ File:C:/Program Files/Epic Games/UE_4.27/FeaturePacks/FP_FirstPersonBP.upack)
[2026.04.20-21.25.31:655][135]LogPakFile: OnPakFileMounted2Time == 0.000272
[2026.04.20-21.25.31:656][135]LogPakFile: PakFile PrimaryIndexSize=191
[2026.04.20-21.25.31:656][135]LogPakFile: PakFile PathHashIndexSize=101
[2026.04.20-21.25.31:657][135]LogPakFile: PakFile FullDirectoryIndexSize=160
[2026.04.20-21.25.31:657][135]LogShaderLibrary: Display: ShaderCodeLibraryPakFileMountedCallback: PakFile 'C:/Program Files/Epic Games/UE_4.27/FeaturePacks/MobileStarterContent.upack' (chunk index -1, root 'root:/') mounted
[2026.04.20-21.25.31:657][135]LogShaderLibrary: Display: ShaderCodeLibraryPakFileMountedCallback: pending pak file info (ChunkID:-1 Root:root:/ File:C:/Program Files/Epic Games/UE_4.27/FeaturePacks/MobileStarterContent.upack)
[2026.04.20-21.25.31:657][135]LogPakFile: OnPakFileMounted2Time == 0.000036
[2026.04.20-21.25.31:658][135]LogPakFile: PakFile PrimaryIndexSize=185
[2026.04.20-21.25.31:658][135]LogPakFile: PakFile PathHashIndexSize=101
[2026.04.20-21.25.31:658][135]LogPakFile: PakFile FullDirectoryIndexSize=148
[2026.04.20-21.25.31:658][135]LogShaderLibrary: Display: ShaderCodeLibraryPakFileMountedCallback: PakFile 'C:/Program Files/Epic Games/UE_4.27/FeaturePacks/StarterContent.upack' (chunk index -1, root 'root:/') mounted
[2026.04.20-21.25.31:658][135]LogShaderLibrary: Display: ShaderCodeLibraryPakFileMountedCallback: pending pak file info (ChunkID:-1 Root:root:/ File:C:/Program Files/Epic Games/UE_4.27/FeaturePacks/StarterContent.upack)
[2026.04.20-21.25.31:658][135]LogPakFile: OnPakFileMounted2Time == 0.000047
[2026.04.20-21.25.31:660][135]LogPakFile: PakFile PrimaryIndexSize=190
[2026.04.20-21.25.31:660][135]LogPakFile: PakFile PathHashIndexSize=101
[2026.04.20-21.25.31:660][135]LogPakFile: PakFile FullDirectoryIndexSize=154
[2026.04.20-21.25.31:660][135]LogShaderLibrary: Display: ShaderCodeLibraryPakFileMountedCallback: PakFile 'C:/Program Files/Epic Games/UE_4.27/FeaturePacks/TP_2DSideScroller.upack' (chunk index -1, root 'root:/') mounted
[2026.04.20-21.25.31:660][135]LogShaderLibrary: Display: ShaderCodeLibraryPakFileMountedCallback: pending pak file info (ChunkID:-1 Root:root:/ File:C:/Program Files/Epic Games/UE_4.27/FeaturePacks/TP_2DSideScroller.upack)
[2026.04.20-21.25.31:660][135]LogPakFile: OnPakFileMounted2Time == 0.000037
[2026.04.20-21.25.31:661][135]LogPakFile: PakFile PrimaryIndexSize=192
[2026.04.20-21.25.31:661][135]LogPakFile: PakFile PathHashIndexSize=101
[2026.04.20-21.25.31:661][135]LogPakFile: PakFile FullDirectoryIndexSize=158
[2026.04.20-21.25.31:661][135]LogShaderLibrary: Display: ShaderCodeLibraryPakFileMountedCallback: PakFile 'C:/Program Files/Epic Games/UE_4.27/FeaturePacks/TP_2DSideScrollerBP.upack' (chunk index -1, root 'root:/') mounted
[2026.04.20-21.25.31:661][135]LogShaderLibrary: Display: ShaderCodeLibraryPakFileMountedCallback: pending pak file info (ChunkID:-1 Root:root:/ File:C:/Program Files/Epic Games/UE_4.27/FeaturePacks/TP_2DSideScrollerBP.upack)
[2026.04.20-21.25.31:661][135]LogPakFile: OnPakFileMounted2Time == 0.000044
[2026.04.20-21.25.31:662][135]LogPakFile: PakFile PrimaryIndexSize=182
[2026.04.20-21.25.31:662][135]LogPakFile: PakFile PathHashIndexSize=101
[2026.04.20-21.25.31:662][135]LogPakFile: PakFile FullDirectoryIndexSize=138
[2026.04.20-21.25.31:662][135]LogShaderLibrary: Display: ShaderCodeLibraryPakFileMountedCallback: PakFile 'C:/Program Files/Epic Games/UE_4.27/FeaturePacks/TP_Flying.upack' (chunk index -1, root 'root:/') mounted
[2026.04.20-21.25.31:662][135]LogShaderLibrary: Display: ShaderCodeLibraryPakFileMountedCallback: pending pak file info (ChunkID:-1 Root:root:/ File:C:/Program Files/Epic Games/UE_4.27/FeaturePacks/TP_Flying.upack)
[2026.04.20-21.25.31:662][135]LogPakFile: OnPakFileMounted2Time == 0.000038
[2026.04.20-21.25.31:664][135]LogPakFile: PakFile PrimaryIndexSize=184
[2026.04.20-21.25.31:664][135]LogPakFile: PakFile PathHashIndexSize=101
[2026.04.20-21.25.31:664][135]LogPakFile: PakFile FullDirectoryIndexSize=142
[2026.04.20-21.25.31:664][135]LogShaderLibrary: Display: ShaderCodeLibraryPakFileMountedCallback: PakFile 'C:/Program Files/Epic Games/UE_4.27/FeaturePacks/TP_FlyingBP.upack' (chunk index -1, root 'root:/') mounted
[2026.04.20-21.25.31:664][135]LogShaderLibrary: Display: ShaderCodeLibraryPakFileMountedCallback: pending pak file info (ChunkID:-1 Root:root:/ File:C:/Program Files/Epic Games/UE_4.27/FeaturePacks/TP_FlyingBP.upack)
[2026.04.20-21.25.31:664][135]LogPakFile: OnPakFileMounted2Time == 0.000038
[2026.04.20-21.25.31:665][135]LogPakFile: PakFile PrimaryIndexSize=188
[2026.04.20-21.25.31:665][135]LogPakFile: PakFile PathHashIndexSize=101
[2026.04.20-21.25.31:665][135]LogPakFile: PakFile FullDirectoryIndexSize=150
[2026.04.20-21.25.31:665][135]LogShaderLibrary: Display: ShaderCodeLibraryPakFileMountedCallback: PakFile 'C:/Program Files/Epic Games/UE_4.27/FeaturePacks/TP_HandheldARBP.upack' (chunk index -1, root 'root:/') mounted
[2026.04.20-21.25.31:665][135]LogShaderLibrary: Display: ShaderCodeLibraryPakFileMountedCallback: pending pak file info (ChunkID:-1 Root:root:/ File:C:/Program Files/Epic Games/UE_4.27/FeaturePacks/TP_HandheldARBP.upack)
[2026.04.20-21.25.31:665][135]LogPakFile: OnPakFileMounted2Time == 0.000035
[2026.04.20-21.25.31:668][135]LogPakFile: PakFile PrimaryIndexSize=182
[2026.04.20-21.25.31:668][135]LogPakFile: PakFile PathHashIndexSize=101
[2026.04.20-21.25.31:668][135]LogPakFile: PakFile FullDirectoryIndexSize=138
[2026.04.20-21.25.31:668][135]LogShaderLibrary: Display: ShaderCodeLibraryPakFileMountedCallback: PakFile 'C:/Program Files/Epic Games/UE_4.27/FeaturePacks/TP_Puzzle.upack' (chunk index -1, root 'root:/') mounted
[2026.04.20-21.25.31:668][135]LogShaderLibrary: Display: ShaderCodeLibraryPakFileMountedCallback: pending pak file info (ChunkID:-1 Root:root:/ File:C:/Program Files/Epic Games/UE_4.27/FeaturePacks/TP_Puzzle.upack)
[2026.04.20-21.25.31:668][135]LogPakFile: OnPakFileMounted2Time == 0.000039
[2026.04.20-21.25.31:670][135]LogPakFile: PakFile PrimaryIndexSize=184
[2026.04.20-21.25.31:670][135]LogPakFile: PakFile PathHashIndexSize=101
[2026.04.20-21.25.31:670][135]LogPakFile: PakFile FullDirectoryIndexSize=142
[2026.04.20-21.25.31:670][135]LogShaderLibrary: Display: ShaderCodeLibraryPakFileMountedCallback: PakFile 'C:/Program Files/Epic Games/UE_4.27/FeaturePacks/TP_PuzzleBP.upack' (chunk index -1, root 'root:/') mounted
[2026.04.20-21.25.31:670][135]LogShaderLibrary: Display: ShaderCodeLibraryPakFileMountedCallback: pending pak file info (ChunkID:-1 Root:root:/ File:C:/Program Files/Epic Games/UE_4.27/FeaturePacks/TP_PuzzleBP.upack)
[2026.04.20-21.25.31:670][135]LogPakFile: OnPakFileMounted2Time == 0.000040
[2026.04.20-21.25.31:671][135]LogPakFile: PakFile PrimaryIndexSize=183
[2026.04.20-21.25.31:671][135]LogPakFile: PakFile PathHashIndexSize=101
[2026.04.20-21.25.31:671][135]LogPakFile: PakFile FullDirectoryIndexSize=140
[2026.04.20-21.25.31:671][135]LogShaderLibrary: Display: ShaderCodeLibraryPakFileMountedCallback: PakFile 'C:/Program Files/Epic Games/UE_4.27/FeaturePacks/TP_Rolling.upack' (chunk index -1, root 'root:/') mounted
[2026.04.20-21.25.31:671][135]LogShaderLibrary: Display: ShaderCodeLibraryPakFileMountedCallback: pending pak file info (ChunkID:-1 Root:root:/ File:C:/Program Files/Epic Games/UE_4.27/FeaturePacks/TP_Rolling.upack)
[2026.04.20-21.25.31:671][135]LogPakFile: OnPakFileMounted2Time == 0.000034
[2026.04.20-21.25.31:672][135]LogPakFile: PakFile PrimaryIndexSize=185
[2026.04.20-21.25.31:672][135]LogPakFile: PakFile PathHashIndexSize=101
[2026.04.20-21.25.31:672][135]LogPakFile: PakFile FullDirectoryIndexSize=144
[2026.04.20-21.25.31:672][135]LogShaderLibrary: Display: ShaderCodeLibraryPakFileMountedCallback: PakFile 'C:/Program Files/Epic Games/UE_4.27/FeaturePacks/TP_RollingBP.upack' (chunk index -1, root 'root:/') mounted
[2026.04.20-21.25.31:672][135]LogShaderLibrary: Display: ShaderCodeLibraryPakFileMountedCallback: pending pak file info (ChunkID:-1 Root:root:/ File:C:/Program Files/Epic Games/UE_4.27/FeaturePacks/TP_RollingBP.upack)
[2026.04.20-21.25.31:672][135]LogPakFile: OnPakFileMounted2Time == 0.000036
[2026.04.20-21.25.31:674][135]LogPakFile: PakFile PrimaryIndexSize=188
[2026.04.20-21.25.31:674][135]LogPakFile: PakFile PathHashIndexSize=101
[2026.04.20-21.25.31:674][135]LogPakFile: PakFile FullDirectoryIndexSize=150
[2026.04.20-21.25.31:674][135]LogShaderLibrary: Display: ShaderCodeLibraryPakFileMountedCallback: PakFile 'C:/Program Files/Epic Games/UE_4.27/FeaturePacks/TP_SideScroller.upack' (chunk index -1, root 'root:/') mounted
[2026.04.20-21.25.31:674][135]LogShaderLibrary: Display: ShaderCodeLibraryPakFileMountedCallback: pending pak file info (ChunkID:-1 Root:root:/ File:C:/Program Files/Epic Games/UE_4.27/FeaturePacks/TP_SideScroller.upack)
[2026.04.20-21.25.31:674][135]LogPakFile: OnPakFileMounted2Time == 0.000034
[2026.04.20-21.25.31:675][135]LogPakFile: PakFile PrimaryIndexSize=190
[2026.04.20-21.25.31:675][135]LogPakFile: PakFile PathHashIndexSize=101
[2026.04.20-21.25.31:675][135]LogPakFile: PakFile FullDirectoryIndexSize=154
[2026.04.20-21.25.31:675][135]LogShaderLibrary: Display: ShaderCodeLibraryPakFileMountedCallback: PakFile 'C:/Program Files/Epic Games/UE_4.27/FeaturePacks/TP_SideScrollerBP.upack' (chunk index -1, root 'root:/') mounted
[2026.04.20-21.25.31:675][135]LogShaderLibrary: Display: ShaderCodeLibraryPakFileMountedCallback: pending pak file info (ChunkID:-1 Root:root:/ File:C:/Program Files/Epic Games/UE_4.27/FeaturePacks/TP_SideScrollerBP.upack)
[2026.04.20-21.25.31:675][135]LogPakFile: OnPakFileMounted2Time == 0.000039
[2026.04.20-21.25.31:676][135]LogPakFile: PakFile PrimaryIndexSize=187
[2026.04.20-21.25.31:676][135]LogPakFile: PakFile PathHashIndexSize=101
[2026.04.20-21.25.31:676][135]LogPakFile: PakFile FullDirectoryIndexSize=148
[2026.04.20-21.25.31:676][135]LogShaderLibrary: Display: ShaderCodeLibraryPakFileMountedCallback: PakFile 'C:/Program Files/Epic Games/UE_4.27/FeaturePacks/TP_ThirdPerson.upack' (chunk index -1, root 'root:/') mounted
[2026.04.20-21.25.31:676][135]LogShaderLibrary: Display: ShaderCodeLibraryPakFileMountedCallback: pending pak file info (ChunkID:-1 Root:root:/ File:C:/Program Files/Epic Games/UE_4.27/FeaturePacks/TP_ThirdPerson.upack)
[2026.04.20-21.25.31:676][135]LogPakFile: OnPakFileMounted2Time == 0.000033
[2026.04.20-21.25.31:678][135]LogPakFile: PakFile PrimaryIndexSize=189
[2026.04.20-21.25.31:678][135]LogPakFile: PakFile PathHashIndexSize=101
[2026.04.20-21.25.31:678][135]LogPakFile: PakFile FullDirectoryIndexSize=152
[2026.04.20-21.25.31:678][135]LogShaderLibrary: Display: ShaderCodeLibraryPakFileMountedCallback: PakFile 'C:/Program Files/Epic Games/UE_4.27/FeaturePacks/TP_ThirdPersonBP.upack' (chunk index -1, root 'root:/') mounted
[2026.04.20-21.25.31:678][135]LogShaderLibrary: Display: ShaderCodeLibraryPakFileMountedCallback: pending pak file info (ChunkID:-1 Root:root:/ File:C:/Program Files/Epic Games/UE_4.27/FeaturePacks/TP_ThirdPersonBP.upack)
[2026.04.20-21.25.31:678][135]LogPakFile: OnPakFileMounted2Time == 0.000033
[2026.04.20-21.25.31:679][135]LogPakFile: PakFile PrimaryIndexSize=183
[2026.04.20-21.25.31:679][135]LogPakFile: PakFile PathHashIndexSize=101
[2026.04.20-21.25.31:679][135]LogPakFile: PakFile FullDirectoryIndexSize=140
[2026.04.20-21.25.31:679][135]LogShaderLibrary: Display: ShaderCodeLibraryPakFileMountedCallback: PakFile 'C:/Program Files/Epic Games/UE_4.27/FeaturePacks/TP_TopDown.upack' (chunk index -1, root 'root:/') mounted
[2026.04.20-21.25.31:679][135]LogShaderLibrary: Display: ShaderCodeLibraryPakFileMountedCallback: pending pak file info (ChunkID:-1 Root:root:/ File:C:/Program Files/Epic Games/UE_4.27/FeaturePacks/TP_TopDown.upack)
[2026.04.20-21.25.31:679][135]LogPakFile: OnPakFileMounted2Time == 0.000039
[2026.04.20-21.25.31:680][135]LogPakFile: PakFile PrimaryIndexSize=185
[2026.04.20-21.25.31:680][135]LogPakFile: PakFile PathHashIndexSize=101
[2026.04.20-21.25.31:680][135]LogPakFile: PakFile FullDirectoryIndexSize=144
[2026.04.20-21.25.31:680][135]LogShaderLibrary: Display: ShaderCodeLibraryPakFileMountedCallback: PakFile 'C:/Program Files/Epic Games/UE_4.27/FeaturePacks/TP_TopDownBP.upack' (chunk index -1, root 'root:/') mounted
[2026.04.20-21.25.31:680][135]LogShaderLibrary: Display: ShaderCodeLibraryPakFileMountedCallback: pending pak file info (ChunkID:-1 Root:root:/ File:C:/Program Files/Epic Games/UE_4.27/FeaturePacks/TP_TopDownBP.upack)
[2026.04.20-21.25.31:680][135]LogPakFile: OnPakFileMounted2Time == 0.000029
[2026.04.20-21.25.31:681][135]LogPakFile: PakFile PrimaryIndexSize=185
[2026.04.20-21.25.31:681][135]LogPakFile: PakFile PathHashIndexSize=101
[2026.04.20-21.25.31:681][135]LogPakFile: PakFile FullDirectoryIndexSize=144
[2026.04.20-21.25.31:681][135]LogShaderLibrary: Display: ShaderCodeLibraryPakFileMountedCallback: PakFile 'C:/Program Files/Epic Games/UE_4.27/FeaturePacks/TP_TwinStick.upack' (chunk index -1, root 'root:/') mounted
[2026.04.20-21.25.31:681][135]LogShaderLibrary: Display: ShaderCodeLibraryPakFileMountedCallback: pending pak file info (ChunkID:-1 Root:root:/ File:C:/Program Files/Epic Games/UE_4.27/FeaturePacks/TP_TwinStick.upack)
[2026.04.20-21.25.31:681][135]LogPakFile: OnPakFileMounted2Time == 0.000030
[2026.04.20-21.25.31:682][135]LogPakFile: PakFile PrimaryIndexSize=187
[2026.04.20-21.25.31:682][135]LogPakFile: PakFile PathHashIndexSize=101
[2026.04.20-21.25.31:682][135]LogPakFile: PakFile FullDirectoryIndexSize=148
[2026.04.20-21.25.31:682][135]LogShaderLibrary: Display: ShaderCodeLibraryPakFileMountedCallback: PakFile 'C:/Program Files/Epic Games/UE_4.27/FeaturePacks/TP_TwinStickBP.upack' (chunk index -1, root 'root:/') mounted
[2026.04.20-21.25.31:682][135]LogShaderLibrary: Display: ShaderCodeLibraryPakFileMountedCallback: pending pak file info (ChunkID:-1 Root:root:/ File:C:/Program Files/Epic Games/UE_4.27/FeaturePacks/TP_TwinStickBP.upack)
[2026.04.20-21.25.31:682][135]LogPakFile: OnPakFileMounted2Time == 0.000031
[2026.04.20-21.25.31:685][135]LogPakFile: PakFile PrimaryIndexSize=183
[2026.04.20-21.25.31:685][135]LogPakFile: PakFile PathHashIndexSize=101
[2026.04.20-21.25.31:685][135]LogPakFile: PakFile FullDirectoryIndexSize=140
[2026.04.20-21.25.31:685][135]LogShaderLibrary: Display: ShaderCodeLibraryPakFileMountedCallback: PakFile 'C:/Program Files/Epic Games/UE_4.27/FeaturePacks/TP_Vehicle.upack' (chunk index -1, root 'root:/') mounted
[2026.04.20-21.25.31:685][135]LogShaderLibrary: Display: ShaderCodeLibraryPakFileMountedCallback: pending pak file info (ChunkID:-1 Root:root:/ File:C:/Program Files/Epic Games/UE_4.27/FeaturePacks/TP_Vehicle.upack)
[2026.04.20-21.25.31:685][135]LogPakFile: OnPakFileMounted2Time == 0.000031
[2026.04.20-21.25.31:686][135]LogPakFile: PakFile PrimaryIndexSize=186
[2026.04.20-21.25.31:686][135]LogPakFile: PakFile PathHashIndexSize=101
[2026.04.20-21.25.31:686][135]LogPakFile: PakFile FullDirectoryIndexSize=146
[2026.04.20-21.25.31:686][135]LogShaderLibrary: Display: ShaderCodeLibraryPakFileMountedCallback: PakFile 'C:/Program Files/Epic Games/UE_4.27/FeaturePacks/TP_VehicleAdv.upack' (chunk index -1, root 'root:/') mounted
[2026.04.20-21.25.31:686][135]LogShaderLibrary: Display: ShaderCodeLibraryPakFileMountedCallback: pending pak file info (ChunkID:-1 Root:root:/ File:C:/Program Files/Epic Games/UE_4.27/FeaturePacks/TP_VehicleAdv.upack)
[2026.04.20-21.25.31:686][135]LogPakFile: OnPakFileMounted2Time == 0.000032
[2026.04.20-21.25.31:687][135]LogPakFile: PakFile PrimaryIndexSize=188
[2026.04.20-21.25.31:687][135]LogPakFile: PakFile PathHashIndexSize=101
[2026.04.20-21.25.31:687][135]LogPakFile: PakFile FullDirectoryIndexSize=150
[2026.04.20-21.25.31:687][135]LogShaderLibrary: Display: ShaderCodeLibraryPakFileMountedCallback: PakFile 'C:/Program Files/Epic Games/UE_4.27/FeaturePacks/TP_VehicleAdvBP.upack' (chunk index -1, root 'root:/') mounted
[2026.04.20-21.25.31:687][135]LogShaderLibrary: Display: ShaderCodeLibraryPakFileMountedCallback: pending pak file info (ChunkID:-1 Root:root:/ File:C:/Program Files/Epic Games/UE_4.27/FeaturePacks/TP_VehicleAdvBP.upack)
[2026.04.20-21.25.31:687][135]LogPakFile: OnPakFileMounted2Time == 0.000031
[2026.04.20-21.25.31:689][135]LogPakFile: PakFile PrimaryIndexSize=185
[2026.04.20-21.25.31:689][135]LogPakFile: PakFile PathHashIndexSize=101
[2026.04.20-21.25.31:689][135]LogPakFile: PakFile FullDirectoryIndexSize=144
[2026.04.20-21.25.31:689][135]LogShaderLibrary: Display: ShaderCodeLibraryPakFileMountedCallback: PakFile 'C:/Program Files/Epic Games/UE_4.27/FeaturePacks/TP_VehicleBP.upack' (chunk index -1, root 'root:/') mounted
[2026.04.20-21.25.31:689][135]LogShaderLibrary: Display: ShaderCodeLibraryPakFileMountedCallback: pending pak file info (ChunkID:-1 Root:root:/ File:C:/Program Files/Epic Games/UE_4.27/FeaturePacks/TP_VehicleBP.upack)
[2026.04.20-21.25.31:689][135]LogPakFile: OnPakFileMounted2Time == 0.000029
[2026.04.20-21.25.31:690][135]LogPakFile: PakFile PrimaryIndexSize=192
[2026.04.20-21.25.31:690][135]LogPakFile: PakFile PathHashIndexSize=101
[2026.04.20-21.25.31:690][135]LogPakFile: PakFile FullDirectoryIndexSize=158
[2026.04.20-21.25.31:690][135]LogShaderLibrary: Display: ShaderCodeLibraryPakFileMountedCallback: PakFile 'C:/Program Files/Epic Games/UE_4.27/FeaturePacks/TP_VirtualRealityBP.upack' (chunk index -1, root 'root:/') mounted
[2026.04.20-21.25.31:690][135]LogShaderLibrary: Display: ShaderCodeLibraryPakFileMountedCallback: pending pak file info (ChunkID:-1 Root:root:/ File:C:/Program Files/Epic Games/UE_4.27/FeaturePacks/TP_VirtualRealityBP.upack)
[2026.04.20-21.25.31:690][135]LogPakFile: OnPakFileMounted2Time == 0.000035
[2026.04.20-21.25.31:800][135]LogNativeClassHierarchy: Verbose: Native class hierarchy updated for 'AddContentDialog' in 0.0002 seconds. Added 0 classes and 0 folders.
[2026.04.20-21.25.31:840][135]LogSlate: Took 0.000255 seconds to synchronously load lazily loaded font '../../../Engine/Content/Slate/Fonts/Roboto-Light.ttf' (167K)
[2026.04.20-21.25.39:866][317]LogFactory: FactoryCreateFile: StaticMesh with FbxFactory (0 0 ../../../../../../Users/Yatharth Padharia/Downloads/Flying Kick Bones.fbx)
[2026.04.20-21.25.39:893][317]LogFbx: Loading FBX Scene from ../../../../../../Users/Yatharth Padharia/Downloads/Flying Kick Bones.fbx
[2026.04.20-21.25.39:918][317]LogFbx: FBX Scene Loaded Succesfully
[2026.04.20-21.25.45:181][317]LogSlate: Window 'FBX Import Options' being destroyed
[2026.04.20-21.25.45:209][317]LogFbx: SortedLinks :(0) Hips
[2026.04.20-21.25.45:209][317]LogFbx: SortedLinks :(1) Spine
[2026.04.20-21.25.45:209][317]LogFbx: SortedLinks :(2) Spine1
[2026.04.20-21.25.45:209][317]LogFbx: SortedLinks :(3) Spine2
[2026.04.20-21.25.45:209][317]LogFbx: SortedLinks :(4) Neck
[2026.04.20-21.25.45:209][317]LogFbx: SortedLinks :(5) Head
[2026.04.20-21.25.45:209][317]LogFbx: SortedLinks :(6) HeadTop_End
[2026.04.20-21.25.45:209][317]LogFbx: SortedLinks :(7) LeftShoulder
[2026.04.20-21.25.45:209][317]LogFbx: SortedLinks :(8) LeftArm
[2026.04.20-21.25.45:209][317]LogFbx: SortedLinks :(9) LeftForeArm
[2026.04.20-21.25.45:209][317]LogFbx: SortedLinks :(10) LeftHand
[2026.04.20-21.25.45:209][317]LogFbx: SortedLinks :(11) LeftHandThumb1
[2026.04.20-21.25.45:209][317]LogFbx: SortedLinks :(12) LeftHandThumb2
[2026.04.20-21.25.45:210][317]LogFbx: SortedLinks :(13) LeftHandThumb3
[2026.04.20-21.25.45:210][317]LogFbx: SortedLinks :(14) LeftHandThumb4
[2026.04.20-21.25.45:210][317]LogFbx: SortedLinks :(15) LeftHandIndex1
[2026.04.20-21.25.45:210][317]LogFbx: SortedLinks :(16) LeftHandIndex2
[2026.04.20-21.25.45:210][317]LogFbx: SortedLinks :(17) LeftHandIndex3
[2026.04.20-21.25.45:210][317]LogFbx: SortedLinks :(18) LeftHandIndex4
[2026.04.20-21.25.45:210][317]LogFbx: SortedLinks :(19) LeftHandMiddle1
[2026.04.20-21.25.45:210][317]LogFbx: SortedLinks :(20) LeftHandMiddle2
[2026.04.20-21.25.45:210][317]LogFbx: SortedLinks :(21) LeftHandMiddle3
[2026.04.20-21.25.45:210][317]LogFbx: SortedLinks :(22) LeftHandMiddle4
[2026.04.20-21.25.45:210][317]LogFbx: SortedLinks :(23) LeftHandRing1
[2026.04.20-21.25.45:210][317]LogFbx: SortedLinks :(24) LeftHandRing2
[2026.04.20-21.25.45:210][317]LogFbx: SortedLinks :(25) LeftHandRing3
[2026.04.20-21.25.45:210][317]LogFbx: SortedLinks :(26) LeftHandRing4
[2026.04.20-21.25.45:210][317]LogFbx: SortedLinks :(27) LeftHandPinky1
[2026.04.20-21.25.45:210][317]LogFbx: SortedLinks :(28) LeftHandPinky2
[2026.04.20-21.25.45:210][317]LogFbx: SortedLinks :(29) LeftHandPinky3
[2026.04.20-21.25.45:210][317]LogFbx: SortedLinks :(30) LeftHandPinky4
[2026.04.20-21.25.45:210][317]LogFbx: SortedLinks :(31) RightShoulder
[2026.04.20-21.25.45:210][317]LogFbx: SortedLinks :(32) RightArm
[2026.04.20-21.25.45:210][317]LogFbx: SortedLinks :(33) RightForeArm
[2026.04.20-21.25.45:210][317]LogFbx: SortedLinks :(34) RightHand
[2026.04.20-21.25.45:210][317]LogFbx: SortedLinks :(35) RightHandThumb1
[2026.04.20-21.25.45:210][317]LogFbx: SortedLinks :(36) RightHandThumb2
[2026.04.20-21.25.45:210][317]LogFbx: SortedLinks :(37) RightHandThumb3
[2026.04.20-21.25.45:210][317]LogFbx: SortedLinks :(38) RightHandThumb4
[2026.04.20-21.25.45:210][317]LogFbx: SortedLinks :(39) RightHandIndex1
[2026.04.20-21.25.45:210][317]LogFbx: SortedLinks :(40) RightHandIndex2
[2026.04.20-21.25.45:210][317]LogFbx: SortedLinks :(41) RightHandIndex3
[2026.04.20-21.25.45:210][317]LogFbx: SortedLinks :(42) RightHandIndex4
[2026.04.20-21.25.45:210][317]LogFbx: SortedLinks :(43) RightHandMiddle1
[2026.04.20-21.25.45:210][317]LogFbx: SortedLinks :(44) RightHandMiddle2
[2026.04.20-21.25.45:210][317]LogFbx: SortedLinks :(45) RightHandMiddle3
[2026.04.20-21.25.45:210][317]LogFbx: SortedLinks :(46) RightHandMiddle4
[2026.04.20-21.25.45:210][317]LogFbx: SortedLinks :(47) RightHandRing1
[2026.04.20-21.25.45:210][317]LogFbx: SortedLinks :(48) RightHandRing2
[2026.04.20-21.25.45:210][317]LogFbx: SortedLinks :(49) RightHandRing3
[2026.04.20-21.25.45:210][317]LogFbx: SortedLinks :(50) RightHandRing4
[2026.04.20-21.25.45:210][317]LogFbx: SortedLinks :(51) RightHandPinky1
[2026.04.20-21.25.45:210][317]LogFbx: SortedLinks :(52) RightHandPinky2
[2026.04.20-21.25.45:210][317]LogFbx: SortedLinks :(53) RightHandPinky3
[2026.04.20-21.25.45:210][317]LogFbx: SortedLinks :(54) RightHandPinky4
[2026.04.20-21.25.45:210][317]LogFbx: SortedLinks :(55) LeftUpLeg
[2026.04.20-21.25.45:210][317]LogFbx: SortedLinks :(56) LeftLeg
[2026.04.20-21.25.45:210][317]LogFbx: SortedLinks :(57) LeftFoot
[2026.04.20-21.25.45:210][317]LogFbx: SortedLinks :(58) LeftToeBase
[2026.04.20-21.25.45:210][317]LogFbx: SortedLinks :(59) LeftToe_End
[2026.04.20-21.25.45:210][317]LogFbx: SortedLinks :(60) RightUpLeg
[2026.04.20-21.25.45:210][317]LogFbx: SortedLinks :(61) RightLeg
[2026.04.20-21.25.45:210][317]LogFbx: SortedLinks :(62) RightFoot
[2026.04.20-21.25.45:210][317]LogFbx: SortedLinks :(63) RightToeBase
[2026.04.20-21.25.45:210][317]LogFbx: SortedLinks :(64) RightToe_End
[2026.04.20-21.25.45:211][317]LogFbx: Parsing AnimStack Take 001
[2026.04.20-21.25.45:274][317]LogAnimationCompression: Building Anim DDC data for AnimSequence /Game/Retarget/Mixamo/Retarget_New/Animations/Flying_Kick_Bones.Flying_Kick_Bones
[2026.04.20-21.25.45:274][317]LogAnimationCompression: Building Anim DDC data for AnimSequence /Game/Retarget/Mixamo/Retarget_New/Animations/Flying_Kick_Bones.Flying_Kick_Bones
[2026.04.20-21.25.46:468][390]LogAssetEditorSubsystem: Opening Asset editor for AnimSequence /Game/Retarget/Mixamo/Retarget_New/Animations/Flying_Kick_Bones.Flying_Kick_Bones
[2026.04.20-21.26.45:907][224]LogFactory: FactoryCreateFile: StaticMesh with FbxFactory (0 0 ../../../../../../Users/Yatharth Padharia/Downloads/Flying Kick 3.fbx)
[2026.04.20-21.26.45:915][224]LogFbx: Loading FBX Scene from ../../../../../../Users/Yatharth Padharia/Downloads/Flying Kick 3.fbx
[2026.04.20-21.26.45:936][224]LogFbx: FBX Scene Loaded Succesfully
[2026.04.20-21.26.49:464][224]LogSlate: Window 'FBX Import Options' being destroyed
[2026.04.20-21.26.49:488][224]LogFbx: SortedLinks :(0) Hips
[2026.04.20-21.26.49:488][224]LogFbx: SortedLinks :(1) Spine
[2026.04.20-21.26.49:489][224]LogFbx: SortedLinks :(2) Spine1
[2026.04.20-21.26.49:489][224]LogFbx: SortedLinks :(3) Spine2
[2026.04.20-21.26.49:489][224]LogFbx: SortedLinks :(4) Neck
[2026.04.20-21.26.49:489][224]LogFbx: SortedLinks :(5) Head
[2026.04.20-21.26.49:489][224]LogFbx: SortedLinks :(6) HeadTop_End
[2026.04.20-21.26.49:489][224]LogFbx: SortedLinks :(7) LeftShoulder
[2026.04.20-21.26.49:489][224]LogFbx: SortedLinks :(8) LeftArm
[2026.04.20-21.26.49:489][224]LogFbx: SortedLinks :(9) LeftForeArm
[2026.04.20-21.26.49:489][224]LogFbx: SortedLinks :(10) LeftHand
[2026.04.20-21.26.49:489][224]LogFbx: SortedLinks :(11) LeftHandThumb1
[2026.04.20-21.26.49:489][224]LogFbx: SortedLinks :(12) LeftHandThumb2
[2026.04.20-21.26.49:489][224]LogFbx: SortedLinks :(13) LeftHandThumb3
[2026.04.20-21.26.49:489][224]LogFbx: SortedLinks :(14) LeftHandThumb4
[2026.04.20-21.26.49:489][224]LogFbx: SortedLinks :(15) LeftHandIndex1
[2026.04.20-21.26.49:489][224]LogFbx: SortedLinks :(16) LeftHandIndex2
[2026.04.20-21.26.49:489][224]LogFbx: SortedLinks :(17) LeftHandIndex3
[2026.04.20-21.26.49:489][224]LogFbx: SortedLinks :(18) LeftHandIndex4
[2026.04.20-21.26.49:489][224]LogFbx: SortedLinks :(19) LeftHandMiddle1
[2026.04.20-21.26.49:489][224]LogFbx: SortedLinks :(20) LeftHandMiddle2
[2026.04.20-21.26.49:489][224]LogFbx: SortedLinks :(21) LeftHandMiddle3
[2026.04.20-21.26.49:489][224]LogFbx: SortedLinks :(22) LeftHandMiddle4
[2026.04.20-21.26.49:489][224]LogFbx: SortedLinks :(23) LeftHandRing1
[2026.04.20-21.26.49:489][224]LogFbx: SortedLinks :(24) LeftHandRing2
[2026.04.20-21.26.49:489][224]LogFbx: SortedLinks :(25) LeftHandRing3
[2026.04.20-21.26.49:489][224]LogFbx: SortedLinks :(26) LeftHandRing4
[2026.04.20-21.26.49:489][224]LogFbx: SortedLinks :(27) LeftHandPinky1
[2026.04.20-21.26.49:489][224]LogFbx: SortedLinks :(28) LeftHandPinky2
[2026.04.20-21.26.49:489][224]LogFbx: SortedLinks :(29) LeftHandPinky3
[2026.04.20-21.26.49:489][224]LogFbx: SortedLinks :(30) LeftHandPinky4
[2026.04.20-21.26.49:489][224]LogFbx: SortedLinks :(31) RightShoulder
[2026.04.20-21.26.49:489][224]LogFbx: SortedLinks :(32) RightArm
[2026.04.20-21.26.49:489][224]LogFbx: SortedLinks :(33) RightForeArm
[2026.04.20-21.26.49:489][224]LogFbx: SortedLinks :(34) RightHand
[2026.04.20-21.26.49:489][224]LogFbx: SortedLinks :(35) RightHandThumb1
[2026.04.20-21.26.49:489][224]LogFbx: SortedLinks :(36) RightHandThumb2
[2026.04.20-21.26.49:489][224]LogFbx: SortedLinks :(37) RightHandThumb3
[2026.04.20-21.26.49:489][224]LogFbx: SortedLinks :(38) RightHandThumb4
[2026.04.20-21.26.49:489][224]LogFbx: SortedLinks :(39) RightHandIndex1
[2026.04.20-21.26.49:489][224]LogFbx: SortedLinks :(40) RightHandIndex2
[2026.04.20-21.26.49:489][224]LogFbx: SortedLinks :(41) RightHandIndex3
[2026.04.20-21.26.49:489][224]LogFbx: SortedLinks :(42) RightHandIndex4
[2026.04.20-21.26.49:489][224]LogFbx: SortedLinks :(43) RightHandMiddle1
[2026.04.20-21.26.49:489][224]LogFbx: SortedLinks :(44) RightHandMiddle2
[2026.04.20-21.26.49:489][224]LogFbx: SortedLinks :(45) RightHandMiddle3
[2026.04.20-21.26.49:489][224]LogFbx: SortedLinks :(46) RightHandMiddle4
[2026.04.20-21.26.49:489][224]LogFbx: SortedLinks :(47) RightHandRing1
[2026.04.20-21.26.49:489][224]LogFbx: SortedLinks :(48) RightHandRing2
[2026.04.20-21.26.49:489][224]LogFbx: SortedLinks :(49) RightHandRing3
[2026.04.20-21.26.49:489][224]LogFbx: SortedLinks :(50) RightHandRing4
[2026.04.20-21.26.49:489][224]LogFbx: SortedLinks :(51) RightHandPinky1
[2026.04.20-21.26.49:489][224]LogFbx: SortedLinks :(52) RightHandPinky2
[2026.04.20-21.26.49:489][224]LogFbx: SortedLinks :(53) RightHandPinky3
[2026.04.20-21.26.49:489][224]LogFbx: SortedLinks :(54) RightHandPinky4
[2026.04.20-21.26.49:489][224]LogFbx: SortedLinks :(55) LeftUpLeg
[2026.04.20-21.26.49:489][224]LogFbx: SortedLinks :(56) LeftLeg
[2026.04.20-21.26.49:489][224]LogFbx: SortedLinks :(57) LeftFoot
[2026.04.20-21.26.49:489][224]LogFbx: SortedLinks :(58) LeftToeBase
[2026.04.20-21.26.49:489][224]LogFbx: SortedLinks :(59) LeftToe_End
[2026.04.20-21.26.49:489][224]LogFbx: SortedLinks :(60) RightUpLeg
[2026.04.20-21.26.49:489][224]LogFbx: SortedLinks :(61) RightLeg
[2026.04.20-21.26.49:489][224]LogFbx: SortedLinks :(62) RightFoot
[2026.04.20-21.26.49:489][224]LogFbx: SortedLinks :(63) RightToeBase
[2026.04.20-21.26.49:489][224]LogFbx: SortedLinks :(64) RightToe_End
[2026.04.20-21.26.49:490][224]LogFbx: Parsing AnimStack Flying Kick 3
[2026.04.20-21.26.49:554][224]LogAnimationCompression: Building Anim DDC data for AnimSequence /Game/Retarget/Mixamo/Retarget_New/Animations/Flying_Kick_3.Flying_Kick_3
[2026.04.20-21.26.50:486][288]LogAssetEditorSubsystem: Opening Asset editor for AnimSequence /Game/Retarget/Mixamo/Retarget_New/Animations/Flying_Kick_3.Flying_Kick_3
[2026.04.20-21.26.58:293][750]LogUObjectHash: Compacting FUObjectHashTables data took   1.19ms
[2026.04.20-21.26.59:252][750]LogSlate: Window 'Delete Assets' being destroyed
[2026.04.20-21.26.59:302][750]LogUObjectGlobals: Force Deleting 1 Package(s):
	Asset Name: /Game/Retarget/Mixamo/Retarget_New/Animations/Flying_Kick_Bones.Flying_Kick_Bones
[2026.04.20-21.27.02:518][750]LogUObjectHash: Compacting FUObjectHashTables data took   0.87ms
[2026.04.20-21.27.03:640][813]LogUObjectHash: Compacting FUObjectHashTables data took   0.31ms
[2026.04.20-21.27.04:667][813]LogSlate: Window 'Delete Assets' being destroyed
[2026.04.20-21.27.04:727][813]LogUObjectGlobals: Force Deleting 1 Package(s):
	Asset Name: /Game/Retarget/Mixamo/Retarget_New/Animations/Flying_Kick_Anim.Flying_Kick_Anim
[2026.04.20-21.27.04:936][813]LogUObjectHash: Compacting FUObjectHashTables data took   1.03ms
[2026.04.20-21.27.04:947][813]LogUObjectHash: Compacting FUObjectHashTables data took   0.74ms
[2026.04.20-21.27.04:954][813]LogUObjectHash: Compacting FUObjectHashTables data took   0.31ms
[2026.04.20-21.27.13:131][404]LogSavePackage: Moving '../../../../../../Users/Yatharth Padharia/Downloads/SpiderMan Traversal Project/SpiderMan Traversal Project_Portfolio/Saved/Flying_Kick_35CE44ED548569F44B71967ABCDEC14D9.tmp' to '../../../../../../Users/Yatharth Padharia/Downloads/SpiderMan Traversal Project/SpiderMan Traversal Project_Portfolio/Content/Retarget/Mixamo/Retarget_New/Animations/Flying_Kick_3.uasset'
[2026.04.20-21.27.13:154][404]AssetCheck: New page: Asset Save: Flying_Kick_3
[2026.04.20-21.27.13:155][404]LogContentValidation: Display: Validating AnimSequence /Game/Retarget/Mixamo/Retarget_New/Animations/Flying_Kick_3.Flying_Kick_3
[2026.04.20-21.27.18:054][611]LogSlate: Window 'New Level' being destroyed
[2026.04.20-21.27.18:072][611]Cmd: MAP LOAD FILE="../../../Engine/Content/Maps/Templates/Template_Default.umap" TEMPLATE=1 SHOWPROGRESS=1 FEATURELEVEL=3
[2026.04.20-21.27.18:126][611]LightingResults: New page: Lighting Build
[2026.04.20-21.27.18:126][611]LoadErrors: New page: Loading map: Template_Default.umap
[2026.04.20-21.27.18:250][611]LogWorld: UWorld::CleanupWorld for TestCity, bSessionEnded=true, bCleanupResources=true
[2026.04.20-21.27.18:251][611]LogSlate: InvalidateAllWidgets triggered.  All widgets were invalidated
[2026.04.20-21.27.18:255][611]MapCheck: New page: Map Check
[2026.04.20-21.27.18:255][611]LightingResults: New page: Lighting Build
[2026.04.20-21.27.18:263][611]LogAudio: Display: Audio Device unregistered from world 'None'.
[2026.04.20-21.27.18:421][611]LogUObjectHash: Compacting FUObjectHashTables data took   1.70ms
[2026.04.20-21.27.18:527][611]LogTexture: Display: Building textures: DeprecatedTextureEB9CBE3C423008B5E8E130901E171C89 (BGRA8, 128X128)
[2026.04.20-21.27.18:535][611]LogAudio: Display: Audio Device (ID: 1) registered with world 'Untitled_1'.
[2026.04.20-21.27.18:536][611]LogAIModule: Creating AISystem for world Untitled_1
[2026.04.20-21.27.18:596][611]LogEditorServer: Finished looking for orphan Actors (0.000 secs)
[2026.04.20-21.27.18:607][611]LogUObjectHash: Compacting FUObjectHashTables data took   0.84ms
[2026.04.20-21.27.18:617][611]Cmd: MAP CHECKDEP NOCLEARLOG
[2026.04.20-21.27.18:618][611]MapCheck: Map check complete: 0 Error(s), 0 Warning(s), took 0.175ms to complete.
[2026.04.20-21.27.18:618][611]LogFileHelpers: Loading map 'Template_Default' took 0.546
[2026.04.20-21.27.25:429][236]LogSlate: Took 0.000682 seconds to synchronously load lazily loaded font '../../../Engine/Content/Slate/Fonts/Roboto-Italic.ttf' (157K)
[2026.04.20-21.27.25:511][236]LogContentBrowser: Verbose: The majority of assets in the view are of type: Skeleton
[2026.04.20-21.27.28:760][562]LogOutputDevice: Warning: 

Script Stack (0 frames):

[2026.04.20-21.27.28:760][562]LogWindows: Windows GetLastError: The operation completed successfully. (0)
[2026.04.20-21.27.31:064][562]LogFMOD: Warning: d:\jk\workspace\Build__2.2__Unreal_Win\core_api\platforms\win\src\fmod_output_wasapi.cpp(622) - Starvation detected in WASAPI output buffer!

[2026.04.20-21.27.31:064][562]LogFMOD: Warning: d:\jk\workspace\Build__2.2__Unreal_Win\core_api\platforms\win\src\fmod_output_wasapi.cpp(622) - Starvation detected in WASAPI output buffer!

[2026.04.20-21.27.31:064][562]LogWindows: Error: === Critical error: ===
[2026.04.20-21.27.31:064][562]LogWindows: Error: 
[2026.04.20-21.27.31:064][562]LogWindows: Error: Assertion failed: (Index >= 0) & (Index < ArrayNum) [File:D:\Build\++UE4\Sync\Engine\Source\Runtime\Core\Public\Containers/Array.h] [Line: 703] 
[2026.04.20-21.27.31:064][562]LogWindows: Error: Array index out of bounds: 57 from an array of size 53
[2026.04.20-21.27.31:064][562]LogWindows: Error: 
[2026.04.20-21.27.31:064][562]LogWindows: Error: 
[2026.04.20-21.27.31:064][562]LogWindows: Error: [Callstack] 0x00007ffc8ac579da KERNELBASE.dll!UnknownFunction []
[2026.04.20-21.27.31:064][562]LogWindows: Error: [Callstack] 0x00007ffbe80d0216 UE4Editor-Core.dll!UnknownFunction []
[2026.04.20-21.27.31:064][562]LogWindows: Error: [Callstack] 0x00007ffbe80d4218 UE4Editor-Core.dll!UnknownFunction []
[2026.04.20-21.27.31:064][562]LogWindows: Error: [Callstack] 0x00007ffbe7df242d UE4Editor-Core.dll!UnknownFunction []
[2026.04.20-21.27.31:064][562]LogWindows: Error: [Callstack] 0x00007ffbe7d46a45 UE4Editor-Core.dll!UnknownFunction []
[2026.04.20-21.27.31:064][562]LogWindows: Error: [Callstack] 0x00007ffbe7d480a0 UE4Editor-Core.dll!UnknownFunction []
[2026.04.20-21.27.31:064][562]LogWindows: Error: [Callstack] 0x00007ffba9a92fa8 UE4Editor-Engine.dll!UnknownFunction []
[2026.04.20-21.27.31:064][562]LogWindows: Error: [Callstack] 0x00007ffba81f57df UE4Editor-Engine.dll!UnknownFunction []
[2026.04.20-21.27.31:064][562]LogWindows: Error: [Callstack] 0x00007ffba8210977 UE4Editor-Engine.dll!UnknownFunction []
[2026.04.20-21.27.31:064][562]LogWindows: Error: [Callstack] 0x00007ffba82a7b24 UE4Editor-Engine.dll!UnknownFunction []
[2026.04.20-21.27.31:064][562]LogWindows: Error: [Callstack] 0x00007ffbd79389be UE4Editor-UnrealEd.dll!UnknownFunction []
[2026.04.20-21.27.31:064][562]LogWindows: Error: [Callstack] 0x00007ffbd79376c6 UE4Editor-UnrealEd.dll!UnknownFunction []
[2026.04.20-21.27.31:064][562]LogWindows: Error: [Callstack] 0x00007ffbd79386fc UE4Editor-UnrealEd.dll!UnknownFunction []
[2026.04.20-21.27.31:064][562]LogWindows: Error: [Callstack] 0x00007ffbdb59b44e UE4Editor-AssetTools.dll!UnknownFunction []
[2026.04.20-21.27.31:064][562]LogWindows: Error: [Callstack] 0x00007ffbdb4f0b56 UE4Editor-AssetTools.dll!UnknownFunction []
[2026.04.20-21.27.31:064][562]LogWindows: Error: [Callstack] 0x00007ffbd80bfe7c UE4Editor-UnrealEd.dll!UnknownFunction []
[2026.04.20-21.27.31:064][562]LogWindows: Error: [Callstack] 0x00007ffbd80825c7 UE4Editor-UnrealEd.dll!UnknownFunction []
[2026.04.20-21.27.31:064][562]LogWindows: Error: [Callstack] 0x00007ffc37b8a6fe UE4Editor-Slate.dll!UnknownFunction []
[2026.04.20-21.27.31:064][562]LogWindows: Error: [Callstack] 0x00007ffc37ba280e UE4Editor-Slate.dll!UnknownFunction []
[2026.04.20-21.27.31:064][562]LogWindows: Error: [Callstack] 0x00007ffc379f421e UE4Editor-Slate.dll!UnknownFunction []
[2026.04.20-21.27.31:064][562]LogWindows: Error: [Callstack] 0x00007ffc37a6e104 UE4Editor-Slate.dll!UnknownFunction []
[2026.04.20-21.27.31:064][562]LogWindows: Error: [Callstack] 0x00007ffc37a57097 UE4Editor-Slate.dll!UnknownFunction []
[2026.04.20-21.27.31:064][562]LogWindows: Error: [Callstack] 0x00007ffc37a49b62 UE4Editor-Slate.dll!UnknownFunction []
[2026.04.20-21.27.31:064][562]LogWindows: Error: [Callstack] 0x00007ffc7c11c025 UE4Editor-ApplicationCore.dll!UnknownFunction []
[2026.04.20-21.27.31:064][562]LogWindows: Error: [Callstack] 0x00007ffc7c1092b7 UE4Editor-ApplicationCore.dll!UnknownFunction []
[2026.04.20-21.27.31:064][562]LogWindows: Error: [Callstack] 0x00007ffc7c11e465 UE4Editor-ApplicationCore.dll!UnknownFunction []
[2026.04.20-21.27.31:064][562]LogWindows: Error: [Callstack] 0x00007ffc7c104410 UE4Editor-ApplicationCore.dll!UnknownFunction []
[2026.04.20-21.27.31:064][562]LogWindows: Error: [Callstack] 0x00007ffc8d06c396 USER32.dll!UnknownFunction []
[2026.04.20-21.27.31:064][562]LogWindows: Error: [Callstack] 0x00007ffc8d06a7ed USER32.dll!UnknownFunction []
[2026.04.20-21.27.31:064][562]LogWindows: Error: [Callstack] 0x00007ffc7c11fcd4 UE4Editor-ApplicationCore.dll!UnknownFunction []
[2026.04.20-21.27.31:064][562]LogWindows: Error: [Callstack] 0x00007ff741957621 UE4Editor.exe!UnknownFunction []
[2026.04.20-21.27.31:064][562]LogWindows: Error: [Callstack] 0x00007ff741970fcc UE4Editor.exe!UnknownFunction []
[2026.04.20-21.27.31:064][562]LogWindows: Error: [Callstack] 0x00007ff7419710ba UE4Editor.exe!UnknownFunction []
[2026.04.20-21.27.31:064][562]LogWindows: Error: [Callstack] 0x00007ff7419740dd UE4Editor.exe!UnknownFunction []
[2026.04.20-21.27.31:064][562]LogWindows: Error: [Callstack] 0x00007ff741985984 UE4Editor.exe!UnknownFunction []
[2026.04.20-21.27.31:064][562]LogWindows: Error: [Callstack] 0x00007ff74198853a UE4Editor.exe!UnknownFunction []
[2026.04.20-21.27.31:064][562]LogWindows: Error: [Callstack] 0x00007ffc8d7de8d7 KERNEL32.DLL!UnknownFunction []
[2026.04.20-21.27.31:064][562]LogWindows: Error: [Callstack] 0x00007ffc8e10c3fc ntdll.dll!UnknownFunction []
[2026.04.20-21.27.31:064][562]LogWindows: Error: 
[2026.04.20-21.27.31:078][562]LogExit: Executing StaticShutdownAfterError
[2026.04.20-21.27.31:121][562]LogWindows: FPlatformMisc::RequestExit(1)
[2026.04.20-21.27.31:121][562]LogWindows: FPlatformMisc::RequestExitWithStatus(1, 3)
[2026.04.20-21.27.31:121][562]LogCore: Engine exit requested (reason: Win RequestExit)
[2026.04.20-21.27.31:133][562]Log file closed, 04/20/26 14:27:31
