Log file open, 04/20/26 15:15:40
LogWindows: Failed to load 'aqProf.dll' (GetLastError=126)
LogWindows: File 'aqProf.dll' does not exist
LogWindows: Failed to load 'VtuneApi.dll' (GetLastError=126)
LogWindows: File 'VtuneApi.dll' does not exist
LogWindows: Failed to load 'VtuneApi32e.dll' (GetLastError=126)
LogWindows: File 'VtuneApi32e.dll' does not exist
LogConsoleResponse: Display: Failed to find resolution value strings in scalability ini. Falling back to default.
LogConsoleResponse: Display: Failed to find resolution value strings in scalability ini. Falling back to default.
LogInit: Display: Running engine for game: SpiderMan_Mk2
LogPlatformFile: Not using cached read wrapper
LogTaskGraph: Started task graph with 5 named threads and 59 total threads with 3 sets of task threads.
LogStats: Stats thread started at 0.258184
LogICUInternationalization: ICU TimeZone Detection - Raw Offset: -8:00, Platform Override: ''
LogInit: Display: Loading text-based GConfig....
LogPluginManager: Mounting plugin FMODStudio
LogPluginManager: Mounting plugin MeshPainting
LogPluginManager: Mounting plugin XGEController
LogPluginManager: Mounting plugin Paper2D
LogPluginManager: Mounting plugin AISupport
LogPluginManager: Mounting plugin EnvironmentQueryEditor
LogPluginManager: Mounting plugin LiveLink
LogPluginManager: Mounting plugin GameplayCameras
LogPluginManager: Mounting plugin AssetManagerEditor
LogPluginManager: Mounting plugin LightPropagationVolume
LogPluginManager: Mounting plugin CameraShakePreviewer
LogPluginManager: Mounting plugin CryptoKeys
LogPluginManager: Mounting plugin CurveEditorTools
LogPluginManager: Mounting plugin GeometryMode
LogPluginManager: Mounting plugin GameplayTagsEditor
LogPluginManager: Mounting plugin GLTFImporter
LogPluginManager: Mounting plugin MacGraphicsSwitching
LogPluginManager: Mounting plugin DataValidation
LogPluginManager: Mounting plugin PluginBrowser
LogPluginManager: Mounting plugin FacialAnimation
LogPluginManager: Mounting plugin SpeedTreeImporter
LogPluginManager: Mounting plugin OodleNetwork
LogPluginManager: Mounting plugin MaterialAnalyzer
LogPluginManager: Mounting plugin AutomationUtils
LogPluginManager: Mounting plugin MobileLauncherProfileWizard
LogPluginManager: Mounting plugin OodleData
LogPluginManager: Mounting plugin ChaosClothEditor
LogPluginManager: Mounting plugin ChaosEditor
LogPluginManager: Mounting plugin ChaosCloth
LogPluginManager: Mounting plugin BackChannel
LogPluginManager: Mounting plugin ChaosSolverPlugin
LogPluginManager: Mounting plugin AlembicImporter
LogPluginManager: Mounting plugin ChaosNiagara
LogPluginManager: Mounting plugin CharacterAI
LogPluginManager: Mounting plugin DatasmithContent
LogPluginManager: Mounting plugin VariantManagerContent
LogPluginManager: Mounting plugin GeometryCollectionPlugin
LogPluginManager: Mounting plugin GeometryCache
LogPluginManager: Mounting plugin GeometryProcessing
LogPluginManager: Mounting plugin MotoSynth
LogPluginManager: Mounting plugin PlanarCut
LogPluginManager: Mounting plugin OpenImageDenoise
LogPluginManager: Mounting plugin PlatformCrypto
LogPluginManager: Mounting plugin PythonScriptPlugin
LogPluginManager: Mounting plugin Niagara
LogPluginManager: Mounting plugin ProxyLODPlugin
LogPluginManager: Mounting plugin SkeletalReduction
LogPluginManager: Mounting plugin LuminPlatformFeatures
LogPluginManager: Mounting plugin MagicLeapMedia
LogPluginManager: Mounting plugin MagicLeapLightEstimation
LogPluginManager: Mounting plugin MagicLeap
LogPluginManager: Mounting plugin MagicLeapPassableWorld
LogPluginManager: Mounting plugin BlockoutToolsPlugin
LogPluginManager: Mounting plugin MLSDK
LogPluginManager: Mounting plugin Prefabricator
LogPluginManager: Mounting plugin LevelSequenceEditor
LogPluginManager: Mounting plugin TcpMessaging
LogPluginManager: Mounting plugin UdpMessaging
LogPluginManager: Mounting plugin ActorSequence
LogPluginManager: Mounting plugin MatineeToLevelSequence
LogPluginManager: Mounting plugin GitSourceControl
LogPluginManager: Mounting plugin CodeLiteSourceCodeAccess
LogPluginManager: Mounting plugin PerforceSourceControl
LogPluginManager: Mounting plugin AnimationSharing
LogPluginManager: Mounting plugin CLionSourceCodeAccess
LogPluginManager: Mounting plugin PixWinPlugin
LogPluginManager: Mounting plugin PluginUtils
LogPluginManager: Mounting plugin PropertyAccessNode
LogPluginManager: Mounting plugin PlasticSourceControl
LogPluginManager: Mounting plugin NullSourceCodeAccess
LogPluginManager: Mounting plugin RiderSourceCodeAccess
LogPluginManager: Mounting plugin TextureFormatOodle
LogPluginManager: Mounting plugin VisualStudioSourceCodeAccess
LogPluginManager: Mounting plugin SubversionSourceControl
LogPluginManager: Mounting plugin UObjectPlugin
LogPluginManager: Mounting plugin KDevelopSourceCodeAccess
LogPluginManager: Mounting plugin TemplateSequence
LogPluginManager: Mounting plugin VisualStudioCodeSourceCodeAccess
LogPluginManager: Mounting plugin OnlineSubsystemNull
LogPluginManager: Mounting plugin AndroidDeviceProfileSelector
LogPluginManager: Mounting plugin XCodeSourceCodeAccess
LogPluginManager: Mounting plugin ActorLayerUtilities
LogPluginManager: Mounting plugin OnlineSubsystem
LogPluginManager: Mounting plugin AndroidMoviePlayer
LogPluginManager: Mounting plugin AndroidPermission
LogPluginManager: Mounting plugin OnlineSubsystemUtils
LogPluginManager: Mounting plugin AppleMoviePlayer
LogPluginManager: Mounting plugin LauncherChunkInstaller
LogPluginManager: Mounting plugin AudioCapture
LogPluginManager: Mounting plugin CustomMeshComponent
LogPluginManager: Mounting plugin AssetTags
LogPluginManager: Mounting plugin AudioSynesthesia
LogPluginManager: Mounting plugin CableComponent
LogPluginManager: Mounting plugin ChunkDownloader
LogPluginManager: Mounting plugin AppleImageUtils
LogPluginManager: Mounting plugin ArchVisCharacter
LogPluginManager: Mounting plugin ExampleDeviceProfileSelector
LogPluginManager: Mounting plugin GooglePAD
LogPluginManager: Mounting plugin IOSDeviceProfileSelector
LogPluginManager: Mounting plugin EditableMesh
LogPluginManager: Mounting plugin HoudiniEngine
LogPluginManager: Mounting plugin LocationServicesBPLibrary
LogPluginManager: Mounting plugin MobilePatchingUtils
LogPluginManager: Mounting plugin GoogleCloudMessaging
LogPluginManager: Mounting plugin LinuxDeviceProfileSelector
LogPluginManager: Mounting plugin OpenXR
LogPluginManager: Mounting plugin OpenXREyeTracker
LogPluginManager: Mounting plugin OpenXRHandTracking
LogPluginManager: Mounting plugin ScreenshotTools
LogPluginManager: Mounting plugin PostSplashScreen
LogPluginManager: Mounting plugin PhysXVehicles
LogPluginManager: Mounting plugin PropertyAccessEditor
LogPluginManager: Mounting plugin ProceduralMeshComponent
LogPluginManager: Mounting plugin Takes
LogPluginManager: Mounting plugin SoundFields
LogPluginManager: Mounting plugin SignificanceManager
LogPluginManager: Mounting plugin Synthesis
LogPluginManager: Mounting plugin WebMMoviePlayer
LogPluginManager: Mounting plugin RuntimePhysXCooking
LogPluginManager: Mounting plugin WindowsMoviePlayer
LogPluginManager: Mounting plugin AvfMedia
LogPluginManager: Mounting plugin AndroidMedia
LogPluginManager: Mounting plugin ImgMedia
LogPluginManager: Mounting plugin MediaCompositing
LogPluginManager: Mounting plugin WmfMedia
LogPluginManager: Mounting plugin MediaPlayerEditor
LogPluginManager: Mounting plugin WebMMedia
LogPluginManager: Mounting plugin ContentBrowserAssetDataSource
LogPluginManager: Mounting plugin ContentBrowserFileDataSource
LogPluginManager: Mounting plugin ContentBrowserClassDataSource
LogPluginManager: Mounting plugin OnlineSubsystemGooglePlay
LogPluginManager: Mounting plugin OnlineSubsystemIOS
LogPluginManager: Mounting plugin OculusVR
LogPluginManager: Mounting plugin SteamVR
PixWinPlugin: PIX capture plugin failed to initialize! Check that the process is launched from PIX.
LogInit: Using libcurl 7.55.1-DEV
LogInit:  - built for x86_64-pc-win32
LogInit:  - supports SSL with OpenSSL/1.1.1
LogInit:  - supports HTTP deflate (compression) using libz 1.2.8
LogInit:  - other features:
LogInit:      CURL_VERSION_SSL
LogInit:      CURL_VERSION_LIBZ
LogInit:      CURL_VERSION_IPV6
LogInit:      CURL_VERSION_ASYNCHDNS
LogInit:      CURL_VERSION_LARGEFILE
LogInit:      CURL_VERSION_IDN
LogInit:  CurlRequestOptions (configurable via config and command line):
LogInit:  - bVerifyPeer = true  - Libcurl will verify peer certificate
LogInit:  - bUseHttpProxy = false  - Libcurl will NOT use HTTP proxy
LogInit:  - bDontReuseConnections = false  - Libcurl will reuse connections
LogInit:  - MaxHostConnections = 16  - Libcurl will limit the number of connections to a host
LogInit:  - LocalHostAddr = Default
LogInit:  - BufferSize = 65536
LogOnline: OSS: Creating online subsystem instance for: NULL
LogInit: WinSock: version 1.1 (2.2), MaxSocks=32767, MaxUdp=65467
LogOnline: OSS: TryLoadSubsystemAndSetDefault: Loaded subsystem for module [NULL]
LogOculusPluginWrapper: OculusPlugin initialized successfully
LogHMD: Failed initializing OVRPlugin 1.59.0
LogInit: Build: ++UE4+Release-4.27-CL-18319896
LogInit: Engine Version: 4.27.2-18319896+++UE4+Release-4.27
LogInit: Compatible Engine Version: 4.27.0-17155196+++UE4+Release-4.27
LogInit: Net CL: 17155196
LogInit: OS: Windows 10 (Release 2009) (), CPU: 12th Gen Intel(R) Core(TM) i9-12900H, GPU: Intel(R) Iris(R) Xe Graphics
LogInit: Compiled (64-bit): Nov 30 2021 07:12:08
LogInit: Compiled with Visual C++: 19.24.28315.00
LogInit: Build Configuration: Development
LogInit: Branch Name: ++UE4+Release-4.27
LogInit: Command Line: 
LogInit: Base Directory: C:/Program Files/Epic Games/UE_4.27/Engine/Binaries/Win64/
LogInit: Allocator: TBB
LogInit: Installed Engine Build: 1
LogDevObjectVersion: Number of dev versions registered: 29
LogDevObjectVersion:   Dev-Blueprints (B0D832E4-1F89-4F0D-ACCF-7EB736FD4AA2): 10
LogDevObjectVersion:   Dev-Build (E1C64328-A22C-4D53-A36C-8E866417BD8C): 0
LogDevObjectVersion:   Dev-Core (375EC13C-06E4-48FB-B500-84F0262A717E): 4
LogDevObjectVersion:   Dev-Editor (E4B068ED-F494-42E9-A231-DA0B2E46BB41): 40
LogDevObjectVersion:   Dev-Framework (CFFC743F-43B0-4480-9391-14DF171D2073): 37
LogDevObjectVersion:   Dev-Mobile (B02B49B5-BB20-44E9-A304-32B752E40360): 3
LogDevObjectVersion:   Dev-Networking (A4E4105C-59A1-49B5-A7C5-40C4547EDFEE): 0
LogDevObjectVersion:   Dev-Online (39C831C9-5AE6-47DC-9A44-9C173E1C8E7C): 0
LogDevObjectVersion:   Dev-Physics (78F01B33-EBEA-4F98-B9B4-84EACCB95AA2): 14
LogDevObjectVersion:   Dev-Platform (6631380F-2D4D-43E0-8009-CF276956A95A): 0
LogDevObjectVersion:   Dev-Rendering (12F88B9F-8875-4AFC-A67C-D90C383ABD29): 45
LogDevObjectVersion:   Dev-Sequencer (7B5AE74C-D270-4C10-A958-57980B212A5A): 13
LogDevObjectVersion:   Dev-VR (D7296918-1DD6-4BDD-9DE2-64A83CC13884): 3
LogDevObjectVersion:   Dev-LoadTimes (C2A15278-BFE7-4AFE-6C17-90FF531DF755): 1
LogDevObjectVersion:   Private-Geometry (6EACA3D4-40EC-4CC1-B786-8BED09428FC5): 3
LogDevObjectVersion:   Dev-AnimPhys (29E575DD-E0A3-4627-9D10-D276232CDCEA): 17
LogDevObjectVersion:   Dev-Anim (AF43A65D-7FD3-4947-9873-3E8ED9C1BB05): 15
LogDevObjectVersion:   Dev-ReflectionCapture (6B266CEC-1EC7-4B8F-A30B-E4D90942FC07): 1
LogDevObjectVersion:   Dev-Automation (0DF73D61-A23F-47EA-B727-89E90C41499A): 1
LogDevObjectVersion:   FortniteMain (601D1886-AC64-4F84-AA16-D3DE0DEAC7D6): 47
LogDevObjectVersion:   FortniteRelease (E7086368-6B23-4C58-8439-1B7016265E91): 1
LogDevObjectVersion:   Dev-Enterprise (9DFFBCD6-494F-0158-E221-12823C92A888): 10
LogDevObjectVersion:   Dev-Niagara (F2AED0AC-9AFE-416F-8664-AA7FFA26D6FC): 1
LogDevObjectVersion:   Dev-Destruction (174F1F0B-B4C6-45A5-B13F-2EE8D0FB917D): 10
LogDevObjectVersion:   Dev-Physics-Ext (35F94A83-E258-406C-A318-09F59610247C): 41
LogDevObjectVersion:   Dev-PhysicsMaterial-Chaos (B68FC16E-8B1B-42E2-B453-215C058844FE): 1
LogDevObjectVersion:   Dev-CineCamera (B2E18506-4273-CFC2-A54E-F4BB758BBA07): 1
LogDevObjectVersion:   Dev-VirtualProduction (64F58936-FD1B-42BA-BA96-7289D5D0FA4E): 1
LogDevObjectVersion:   Dev-MediaFramework (6F0ED827-A609-4895-9C91-998D90180EA4): 2
LogInit: Presizing for max 25165824 objects, including 0 objects not considered by GC, pre-allocating 0 bytes for permanent pool.
LogConfig: Applying CVar settings from Section [/Script/Engine.StreamingSettings] File [C:/Users/Yatharth Padharia/Downloads/SpiderMan Traversal Project/SpiderMan Traversal Project_Portfolio/Saved/Config/Windows/Engine.ini]
LogConfig: Setting CVar [[s.MinBulkDataSizeForAsyncLoading:131072]]
LogConfig: Setting CVar [[s.AsyncLoadingThreadEnabled:0]]
LogConfig: Setting CVar [[s.EventDrivenLoaderEnabled:1]]
LogConfig: Setting CVar [[s.WarnIfTimeLimitExceeded:0]]
LogConfig: Setting CVar [[s.TimeLimitExceededMultiplier:1.5]]
LogConfig: Setting CVar [[s.TimeLimitExceededMinTime:0.005]]
LogConfig: Setting CVar [[s.UseBackgroundLevelStreaming:1]]
LogConfig: Setting CVar [[s.PriorityAsyncLoadingExtraTime:15.0]]
LogConfig: Setting CVar [[s.LevelStreamingActorsUpdateTimeLimit:5.0]]
LogConfig: Setting CVar [[s.PriorityLevelStreamingActorsUpdateExtraTime:5.0]]
LogConfig: Setting CVar [[s.LevelStreamingComponentsRegistrationGranularity:10]]
LogConfig: Setting CVar [[s.UnregisterComponentsTimeLimit:1.0]]
LogConfig: Setting CVar [[s.LevelStreamingComponentsUnregistrationGranularity:5]]
LogConfig: Setting CVar [[s.FlushStreamingOnExit:1]]
LogInit: Object subsystem initialized
LogConfig: Setting CVar [[con.DebugEarlyDefault:1]]
LogConfig: Setting CVar [[r.setres:1280x720]]
[2026.04.20-22.15.40:913][  0]LogConfig: Setting CVar [[r.VSync:0]]
[2026.04.20-22.15.40:913][  0]LogConfig: Setting CVar [[r.RHICmdBypass:0]]
[2026.04.20-22.15.40:913][  0]LogConfig: Applying CVar settings from Section [/Script/Engine.RendererSettings] File [C:/Users/Yatharth Padharia/Downloads/SpiderMan Traversal Project/SpiderMan Traversal Project_Portfolio/Saved/Config/Windows/Engine.ini]
[2026.04.20-22.15.40:913][  0]LogConfig: Setting CVar [[r.GPUCrashDebugging:0]]
[2026.04.20-22.15.40:913][  0]LogConfig: Setting CVar [[r.EarlyZPass:2]]
[2026.04.20-22.15.40:913][  0]LogConfig: Setting CVar [[r.EarlyZPassOnlyMaterialMasking:1]]
[2026.04.20-22.15.40:913][  0]LogConfig: Applying CVar settings from Section [/Script/Engine.RendererOverrideSettings] File [C:/Users/Yatharth Padharia/Downloads/SpiderMan Traversal Project/SpiderMan Traversal Project_Portfolio/Saved/Config/Windows/Engine.ini]
[2026.04.20-22.15.40:913][  0]LogConfig: Applying CVar settings from Section [/Script/Engine.StreamingSettings] File [C:/Users/Yatharth Padharia/Downloads/SpiderMan Traversal Project/SpiderMan Traversal Project_Portfolio/Saved/Config/Windows/Engine.ini]
[2026.04.20-22.15.40:914][  0]LogConfig: Setting CVar [[s.MinBulkDataSizeForAsyncLoading:131072]]
[2026.04.20-22.15.40:914][  0]LogConfig: Setting CVar [[s.AsyncLoadingThreadEnabled:0]]
[2026.04.20-22.15.40:914][  0]LogConfig: Setting CVar [[s.EventDrivenLoaderEnabled:1]]
[2026.04.20-22.15.40:914][  0]LogConfig: Setting CVar [[s.WarnIfTimeLimitExceeded:0]]
[2026.04.20-22.15.40:914][  0]LogConfig: Setting CVar [[s.TimeLimitExceededMultiplier:1.5]]
[2026.04.20-22.15.40:914][  0]LogConfig: Setting CVar [[s.TimeLimitExceededMinTime:0.005]]
[2026.04.20-22.15.40:914][  0]LogConfig: Setting CVar [[s.UseBackgroundLevelStreaming:1]]
[2026.04.20-22.15.40:914][  0]LogConfig: Setting CVar [[s.PriorityAsyncLoadingExtraTime:15.0]]
[2026.04.20-22.15.40:914][  0]LogConfig: Setting CVar [[s.LevelStreamingActorsUpdateTimeLimit:5.0]]
[2026.04.20-22.15.40:914][  0]LogConfig: Setting CVar [[s.PriorityLevelStreamingActorsUpdateExtraTime:5.0]]
[2026.04.20-22.15.40:914][  0]LogConfig: Setting CVar [[s.LevelStreamingComponentsRegistrationGranularity:10]]
[2026.04.20-22.15.40:914][  0]LogConfig: Setting CVar [[s.UnregisterComponentsTimeLimit:1.0]]
[2026.04.20-22.15.40:914][  0]LogConfig: Setting CVar [[s.LevelStreamingComponentsUnregistrationGranularity:5]]
[2026.04.20-22.15.40:914][  0]LogConfig: Setting CVar [[s.FlushStreamingOnExit:1]]
[2026.04.20-22.15.40:914][  0]LogConfig: Applying CVar settings from Section [/Script/Engine.GarbageCollectionSettings] File [C:/Users/Yatharth Padharia/Downloads/SpiderMan Traversal Project/SpiderMan Traversal Project_Portfolio/Saved/Config/Windows/Engine.ini]
[2026.04.20-22.15.40:914][  0]LogConfig: Setting CVar [[gc.MaxObjectsNotConsideredByGC:1]]
[2026.04.20-22.15.40:914][  0]LogConfig: Setting CVar [[gc.SizeOfPermanentObjectPool:0]]
[2026.04.20-22.15.40:914][  0]LogConfig: Setting CVar [[gc.FlushStreamingOnGC:0]]
[2026.04.20-22.15.40:914][  0]LogConfig: Setting CVar [[gc.NumRetriesBeforeForcingGC:10]]
[2026.04.20-22.15.40:914][  0]LogConfig: Setting CVar [[gc.AllowParallelGC:1]]
[2026.04.20-22.15.40:914][  0]LogConfig: Setting CVar [[gc.TimeBetweenPurgingPendingKillObjects:61.1]]
[2026.04.20-22.15.40:914][  0]LogConfig: Setting CVar [[gc.MaxObjectsInEditor:25165824]]
[2026.04.20-22.15.40:914][  0]LogConfig: Setting CVar [[gc.IncrementalBeginDestroyEnabled:1]]
[2026.04.20-22.15.40:914][  0]LogConfig: Setting CVar [[gc.CreateGCClusters:1]]
[2026.04.20-22.15.40:914][  0]LogConfig: Setting CVar [[gc.MinGCClusterSize:5]]
[2026.04.20-22.15.40:914][  0]LogConfig: Setting CVar [[gc.ActorClusteringEnabled:0]]
[2026.04.20-22.15.40:914][  0]LogConfig: Setting CVar [[gc.BlueprintClusteringEnabled:0]]
[2026.04.20-22.15.40:914][  0]LogConfig: Setting CVar [[gc.UseDisregardForGCOnDedicatedServers:0]]
[2026.04.20-22.15.40:914][  0]LogConfig: Setting CVar [[gc.MultithreadedDestructionEnabled:1]]
[2026.04.20-22.15.40:914][  0]LogConfig: Applying CVar settings from Section [/Script/Engine.NetworkSettings] File [C:/Users/Yatharth Padharia/Downloads/SpiderMan Traversal Project/SpiderMan Traversal Project_Portfolio/Saved/Config/Windows/Engine.ini]
[2026.04.20-22.15.40:914][  0]LogConfig: Applying CVar settings from Section [/Script/UnrealEd.CookerSettings] File [C:/Users/Yatharth Padharia/Downloads/SpiderMan Traversal Project/SpiderMan Traversal Project_Portfolio/Saved/Config/Windows/Engine.ini]
[2026.04.20-22.15.40:930][  0]LogConfig: Applying CVar settings from Section [ViewDistanceQuality@3] File [C:/Users/Yatharth Padharia/Downloads/SpiderMan Traversal Project/SpiderMan Traversal Project_Portfolio/Saved/Config/Windows/Scalability.ini]
[2026.04.20-22.15.40:930][  0]LogConfig: Setting CVar [[r.SkeletalMeshLODBias:0]]
[2026.04.20-22.15.40:930][  0]LogConfig: Setting CVar [[r.ViewDistanceScale:1.0]]
[2026.04.20-22.15.40:930][  0]LogConfig: Applying CVar settings from Section [AntiAliasingQuality@3] File [C:/Users/Yatharth Padharia/Downloads/SpiderMan Traversal Project/SpiderMan Traversal Project_Portfolio/Saved/Config/Windows/Scalability.ini]
[2026.04.20-22.15.40:930][  0]LogConfig: Setting CVar [[r.PostProcessAAQuality:4]]
[2026.04.20-22.15.40:930][  0]LogConfig: Applying CVar settings from Section [ShadowQuality@3] File [C:/Users/Yatharth Padharia/Downloads/SpiderMan Traversal Project/SpiderMan Traversal Project_Portfolio/Saved/Config/Windows/Scalability.ini]
[2026.04.20-22.15.40:930][  0]LogConfig: Setting CVar [[r.LightFunctionQuality:1]]
[2026.04.20-22.15.40:930][  0]LogConfig: Setting CVar [[r.ShadowQuality:5]]
[2026.04.20-22.15.40:930][  0]LogConfig: Setting CVar [[r.Shadow.CSM.MaxCascades:10]]
[2026.04.20-22.15.40:930][  0]LogConfig: Setting CVar [[r.Shadow.MaxResolution:2048]]
[2026.04.20-22.15.40:930][  0]LogConfig: Setting CVar [[r.Shadow.MaxCSMResolution:2048]]
[2026.04.20-22.15.40:930][  0]LogConfig: Setting CVar [[r.Shadow.RadiusThreshold:0.01]]
[2026.04.20-22.15.40:930][  0]LogConfig: Setting CVar [[r.Shadow.DistanceScale:1.0]]
[2026.04.20-22.15.40:930][  0]LogConfig: Setting CVar [[r.Shadow.CSM.TransitionScale:1.0]]
[2026.04.20-22.15.40:930][  0]LogConfig: Setting CVar [[r.Shadow.PreShadowResolutionFactor:1.0]]
[2026.04.20-22.15.40:930][  0]LogConfig: Setting CVar [[r.DistanceFieldShadowing:1]]
[2026.04.20-22.15.40:930][  0]LogConfig: Setting CVar [[r.DistanceFieldAO:1]]
[2026.04.20-22.15.40:930][  0]LogConfig: Setting CVar [[r.AOQuality:2]]
[2026.04.20-22.15.40:930][  0]LogConfig: Setting CVar [[r.VolumetricFog:1]]
[2026.04.20-22.15.40:930][  0]LogConfig: Setting CVar [[r.VolumetricFog.GridPixelSize:8]]
[2026.04.20-22.15.40:930][  0]LogConfig: Setting CVar [[r.VolumetricFog.GridSizeZ:128]]
[2026.04.20-22.15.40:930][  0]LogConfig: Setting CVar [[r.VolumetricFog.HistoryMissSupersampleCount:4]]
[2026.04.20-22.15.40:930][  0]LogConfig: Setting CVar [[r.LightMaxDrawDistanceScale:1]]
[2026.04.20-22.15.40:930][  0]LogConfig: Setting CVar [[r.CapsuleShadows:1]]
[2026.04.20-22.15.40:930][  0]LogConfig: Applying CVar settings from Section [PostProcessQuality@3] File [C:/Users/Yatharth Padharia/Downloads/SpiderMan Traversal Project/SpiderMan Traversal Project_Portfolio/Saved/Config/Windows/Scalability.ini]
[2026.04.20-22.15.40:930][  0]LogConfig: Setting CVar [[r.MotionBlurQuality:4]]
[2026.04.20-22.15.40:930][  0]LogConfig: Setting CVar [[r.AmbientOcclusionMipLevelFactor:0.4]]
[2026.04.20-22.15.40:930][  0]LogConfig: Setting CVar [[r.AmbientOcclusionMaxQuality:100]]
[2026.04.20-22.15.40:930][  0]LogConfig: Setting CVar [[r.AmbientOcclusionLevels:-1]]
[2026.04.20-22.15.40:930][  0]LogConfig: Setting CVar [[r.AmbientOcclusionRadiusScale:1.0]]
[2026.04.20-22.15.40:930][  0]LogConfig: Setting CVar [[r.DepthOfFieldQuality:2]]
[2026.04.20-22.15.40:930][  0]LogConfig: Setting CVar [[r.RenderTargetPoolMin:400]]
[2026.04.20-22.15.40:930][  0]LogConfig: Setting CVar [[r.LensFlareQuality:2]]
[2026.04.20-22.15.40:930][  0]LogConfig: Setting CVar [[r.SceneColorFringeQuality:1]]
[2026.04.20-22.15.40:930][  0]LogConfig: Setting CVar [[r.EyeAdaptationQuality:2]]
[2026.04.20-22.15.40:930][  0]LogConfig: Setting CVar [[r.BloomQuality:5]]
[2026.04.20-22.15.40:930][  0]LogConfig: Setting CVar [[r.FastBlurThreshold:100]]
[2026.04.20-22.15.40:930][  0]LogConfig: Setting CVar [[r.Upscale.Quality:3]]
[2026.04.20-22.15.40:930][  0]LogConfig: Setting CVar [[r.Tonemapper.GrainQuantization:1]]
[2026.04.20-22.15.40:930][  0]LogConfig: Setting CVar [[r.LightShaftQuality:1]]
[2026.04.20-22.15.40:930][  0]LogConfig: Setting CVar [[r.Filter.SizeScale:1]]
[2026.04.20-22.15.40:930][  0]LogConfig: Setting CVar [[r.Tonemapper.Quality:5]]
[2026.04.20-22.15.40:930][  0]LogConfig: Setting CVar [[r.DOF.Gather.AccumulatorQuality:1        ; higher gathering accumulator quality]]
[2026.04.20-22.15.40:930][  0]LogConfig: Setting CVar [[r.DOF.Gather.PostfilterMethod:1          ; Median3x3 postfilering method]]
[2026.04.20-22.15.40:930][  0]LogConfig: Setting CVar [[r.DOF.Gather.EnableBokehSettings:0       ; no bokeh simulation when gathering]]
[2026.04.20-22.15.40:930][  0]LogConfig: Setting CVar [[r.DOF.Gather.RingCount:4                 ; medium number of samples when gathering]]
[2026.04.20-22.15.40:930][  0]LogConfig: Setting CVar [[r.DOF.Scatter.ForegroundCompositing:1    ; additive foreground scattering]]
[2026.04.20-22.15.40:930][  0]LogConfig: Setting CVar [[r.DOF.Scatter.BackgroundCompositing:2    ; additive background scattering]]
[2026.04.20-22.15.40:930][  0]LogConfig: Setting CVar [[r.DOF.Scatter.EnableBokehSettings:1      ; bokeh simulation when scattering]]
[2026.04.20-22.15.40:930][  0]LogConfig: Setting CVar [[r.DOF.Scatter.MaxSpriteRatio:0.1         ; only a maximum of 10% of scattered bokeh]]
[2026.04.20-22.15.40:930][  0]LogConfig: Setting CVar [[r.DOF.Recombine.Quality:1                ; cheap slight out of focus]]
[2026.04.20-22.15.40:930][  0]LogConfig: Setting CVar [[r.DOF.Recombine.EnableBokehSettings:0    ; no bokeh simulation on slight out of focus]]
[2026.04.20-22.15.40:930][  0]LogConfig: Setting CVar [[r.DOF.TemporalAAQuality:1                ; more stable temporal accumulation]]
[2026.04.20-22.15.40:930][  0]LogConfig: Setting CVar [[r.DOF.Kernel.MaxForegroundRadius:0.025]]
[2026.04.20-22.15.40:930][  0]LogConfig: Setting CVar [[r.DOF.Kernel.MaxBackgroundRadius:0.025]]
[2026.04.20-22.15.40:930][  0]LogConfig: Applying CVar settings from Section [TextureQuality@3] File [C:/Users/Yatharth Padharia/Downloads/SpiderMan Traversal Project/SpiderMan Traversal Project_Portfolio/Saved/Config/Windows/Scalability.ini]
[2026.04.20-22.15.40:930][  0]LogConfig: Setting CVar [[r.Streaming.MipBias:0]]
[2026.04.20-22.15.40:930][  0]LogConfig: Setting CVar [[r.Streaming.AmortizeCPUToGPUCopy:0]]
[2026.04.20-22.15.40:930][  0]LogConfig: Setting CVar [[r.Streaming.MaxNumTexturesToStreamPerFrame:0]]
[2026.04.20-22.15.40:930][  0]LogConfig: Setting CVar [[r.Streaming.Boost:1]]
[2026.04.20-22.15.40:930][  0]LogConfig: Setting CVar [[r.MaxAnisotropy:8]]
[2026.04.20-22.15.40:930][  0]LogConfig: Setting CVar [[r.VT.MaxAnisotropy:8]]
[2026.04.20-22.15.40:930][  0]LogConfig: Setting CVar [[r.Streaming.LimitPoolSizeToVRAM:0]]
[2026.04.20-22.15.40:930][  0]LogConfig: Setting CVar [[r.Streaming.PoolSize:1000]]
[2026.04.20-22.15.40:930][  0]LogConfig: Setting CVar [[r.Streaming.MaxEffectiveScreenSize:0]]
[2026.04.20-22.15.40:930][  0]LogConfig: Applying CVar settings from Section [EffectsQuality@3] File [C:/Users/Yatharth Padharia/Downloads/SpiderMan Traversal Project/SpiderMan Traversal Project_Portfolio/Saved/Config/Windows/Scalability.ini]
[2026.04.20-22.15.40:930][  0]LogConfig: Setting CVar [[r.TranslucencyLightingVolumeDim:64]]
[2026.04.20-22.15.40:930][  0]LogConfig: Setting CVar [[r.RefractionQuality:2]]
[2026.04.20-22.15.40:930][  0]LogConfig: Setting CVar [[r.SSR.Quality:3]]
[2026.04.20-22.15.40:930][  0]LogConfig: Setting CVar [[r.SSR.HalfResSceneColor:0]]
[2026.04.20-22.15.40:930][  0]LogConfig: Setting CVar [[r.SceneColorFormat:4]]
[2026.04.20-22.15.40:930][  0]LogConfig: Setting CVar [[r.DetailMode:2]]
[2026.04.20-22.15.40:930][  0]LogConfig: Setting CVar [[r.TranslucencyVolumeBlur:1]]
[2026.04.20-22.15.40:930][  0]LogConfig: Setting CVar [[r.MaterialQualityLevel:1 ; High quality]]
[2026.04.20-22.15.40:930][  0]LogConfig: Setting CVar [[r.AnisotropicMaterials:1]]
[2026.04.20-22.15.40:930][  0]LogConfig: Setting CVar [[r.SSS.Scale:1]]
[2026.04.20-22.15.40:930][  0]LogConfig: Setting CVar [[r.SSS.SampleSet:2]]
[2026.04.20-22.15.40:930][  0]LogConfig: Setting CVar [[r.SSS.Quality:1]]
[2026.04.20-22.15.40:930][  0]LogConfig: Setting CVar [[r.SSS.HalfRes:0]]
[2026.04.20-22.15.40:930][  0]LogConfig: Setting CVar [[r.SSGI.Quality:3]]
[2026.04.20-22.15.40:930][  0]LogConfig: Setting CVar [[r.EmitterSpawnRateScale:1.0]]
[2026.04.20-22.15.40:930][  0]LogConfig: Setting CVar [[r.ParticleLightQuality:2]]
[2026.04.20-22.15.40:930][  0]LogConfig: Setting CVar [[r.SkyAtmosphere.AerialPerspectiveLUT.FastApplyOnOpaque:1 ; Always have FastSkyLUT 1 in this case to avoid wrong sky]]
[2026.04.20-22.15.40:930][  0]LogConfig: Setting CVar [[r.SkyAtmosphere.AerialPerspectiveLUT.SampleCountMaxPerSlice:4]]
[2026.04.20-22.15.40:930][  0]LogConfig: Setting CVar [[r.SkyAtmosphere.AerialPerspectiveLUT.DepthResolution:16.0]]
[2026.04.20-22.15.40:930][  0]LogConfig: Setting CVar [[r.SkyAtmosphere.FastSkyLUT:1]]
[2026.04.20-22.15.40:930][  0]LogConfig: Setting CVar [[r.SkyAtmosphere.FastSkyLUT.SampleCountMin:4.0]]
[2026.04.20-22.15.40:930][  0]LogConfig: Setting CVar [[r.SkyAtmosphere.FastSkyLUT.SampleCountMax:128.0]]
[2026.04.20-22.15.40:930][  0]LogConfig: Setting CVar [[r.SkyAtmosphere.SampleCountMin:4.0]]
[2026.04.20-22.15.40:930][  0]LogConfig: Setting CVar [[r.SkyAtmosphere.SampleCountMax:128.0]]
[2026.04.20-22.15.40:930][  0]LogConfig: Setting CVar [[r.SkyAtmosphere.TransmittanceLUT.UseSmallFormat:0]]
[2026.04.20-22.15.40:930][  0]LogConfig: Setting CVar [[r.SkyAtmosphere.TransmittanceLUT.SampleCount:10.0]]
[2026.04.20-22.15.40:930][  0]LogConfig: Setting CVar [[r.SkyAtmosphere.MultiScatteringLUT.SampleCount:15.0]]
[2026.04.20-22.15.40:930][  0]LogConfig: Setting CVar [[r.SkyLight.RealTimeReflectionCapture:1]]
[2026.04.20-22.15.40:930][  0]LogConfig: Applying CVar settings from Section [FoliageQuality@3] File [C:/Users/Yatharth Padharia/Downloads/SpiderMan Traversal Project/SpiderMan Traversal Project_Portfolio/Saved/Config/Windows/Scalability.ini]
[2026.04.20-22.15.40:930][  0]LogConfig: Setting CVar [[foliage.DensityScale:1.0]]
[2026.04.20-22.15.40:930][  0]LogConfig: Setting CVar [[grass.DensityScale:1.0]]
[2026.04.20-22.15.40:930][  0]LogConfig: Applying CVar settings from Section [ShadingQuality@3] File [C:/Users/Yatharth Padharia/Downloads/SpiderMan Traversal Project/SpiderMan Traversal Project_Portfolio/Saved/Config/Windows/Scalability.ini]
[2026.04.20-22.15.40:930][  0]LogConfig: Setting CVar [[r.HairStrands.SkyLighting.IntegrationType:2]]
[2026.04.20-22.15.40:930][  0]LogConfig: Setting CVar [[r.HairStrands.SkyAO.SampleCount:4]]
[2026.04.20-22.15.40:930][  0]LogConfig: Setting CVar [[r.HairStrands.Visibility.MSAA.SamplePerPixel:4]]
[2026.04.20-22.15.40:930][  0]LogInit: Selected Device Profile: [Windows]
[2026.04.20-22.15.40:930][  0]LogInit: Applying CVar settings loaded from the selected device profile: [Windows]
[2026.04.20-22.15.40:931][  0]LogHAL: Display: Platform has ~ 16 GB [16855977984 / 17179869184 / 16], which maps to Larger [LargestMinGB=32, LargerMinGB=12, DefaultMinGB=8, SmallerMinGB=6, SmallestMinGB=0)
[2026.04.20-22.15.40:931][  0]LogInit: Going up to parent DeviceProfile []
[2026.04.20-22.15.40:931][  0]LogConfig: Applying CVar settings from Section [ViewDistanceQuality@0] File [C:/Users/Yatharth Padharia/Downloads/SpiderMan Traversal Project/SpiderMan Traversal Project_Portfolio/Saved/Config/Windows/Scalability.ini]
[2026.04.20-22.15.40:931][  0]LogConfig: Setting CVar [[r.SkeletalMeshLODBias:2]]
[2026.04.20-22.15.40:931][  0]LogConfig: Setting CVar [[r.ViewDistanceScale:0.4]]
[2026.04.20-22.15.40:931][  0]LogConfig: Applying CVar settings from Section [AntiAliasingQuality@0] File [C:/Users/Yatharth Padharia/Downloads/SpiderMan Traversal Project/SpiderMan Traversal Project_Portfolio/Saved/Config/Windows/Scalability.ini]
[2026.04.20-22.15.40:931][  0]LogConfig: Setting CVar [[r.PostProcessAAQuality:0]]
[2026.04.20-22.15.40:931][  0]LogConfig: Applying CVar settings from Section [ShadowQuality@0] File [C:/Users/Yatharth Padharia/Downloads/SpiderMan Traversal Project/SpiderMan Traversal Project_Portfolio/Saved/Config/Windows/Scalability.ini]
[2026.04.20-22.15.40:931][  0]LogConfig: Setting CVar [[r.LightFunctionQuality:0]]
[2026.04.20-22.15.40:931][  0]LogConfig: Setting CVar [[r.ShadowQuality:0]]
[2026.04.20-22.15.40:931][  0]LogConfig: Setting CVar [[r.Shadow.CSM.MaxCascades:1]]
[2026.04.20-22.15.40:931][  0]LogConfig: Setting CVar [[r.Shadow.MaxResolution:512]]
[2026.04.20-22.15.40:931][  0]LogConfig: Setting CVar [[r.Shadow.MaxCSMResolution:512]]
[2026.04.20-22.15.40:931][  0]LogConfig: Setting CVar [[r.Shadow.RadiusThreshold:0.06]]
[2026.04.20-22.15.40:931][  0]LogConfig: Setting CVar [[r.Shadow.DistanceScale:0.6]]
[2026.04.20-22.15.40:931][  0]LogConfig: Setting CVar [[r.Shadow.CSM.TransitionScale:0]]
[2026.04.20-22.15.40:931][  0]LogConfig: Setting CVar [[r.Shadow.PreShadowResolutionFactor:0.5]]
[2026.04.20-22.15.40:931][  0]LogConfig: Setting CVar [[r.DistanceFieldShadowing:0]]
[2026.04.20-22.15.40:931][  0]LogConfig: Setting CVar [[r.DistanceFieldAO:0]]
[2026.04.20-22.15.40:931][  0]LogConfig: Setting CVar [[r.VolumetricFog:0]]
[2026.04.20-22.15.40:931][  0]LogConfig: Setting CVar [[r.LightMaxDrawDistanceScale:0]]
[2026.04.20-22.15.40:931][  0]LogConfig: Setting CVar [[r.CapsuleShadows:0]]
[2026.04.20-22.15.40:931][  0]LogConfig: Applying CVar settings from Section [PostProcessQuality@0] File [C:/Users/Yatharth Padharia/Downloads/SpiderMan Traversal Project/SpiderMan Traversal Project_Portfolio/Saved/Config/Windows/Scalability.ini]
[2026.04.20-22.15.40:931][  0]LogConfig: Setting CVar [[r.MotionBlurQuality:0]]
[2026.04.20-22.15.40:931][  0]LogConfig: Setting CVar [[r.AmbientOcclusionMipLevelFactor:1.0]]
[2026.04.20-22.15.40:931][  0]LogConfig: Setting CVar [[r.AmbientOcclusionMaxQuality:0]]
[2026.04.20-22.15.40:931][  0]LogConfig: Setting CVar [[r.AmbientOcclusionLevels:0]]
[2026.04.20-22.15.40:931][  0]LogConfig: Setting CVar [[r.AmbientOcclusionRadiusScale:1.2]]
[2026.04.20-22.15.40:931][  0]LogConfig: Setting CVar [[r.DepthOfFieldQuality:0]]
[2026.04.20-22.15.40:931][  0]LogConfig: Setting CVar [[r.RenderTargetPoolMin:300]]
[2026.04.20-22.15.40:931][  0]LogConfig: Setting CVar [[r.LensFlareQuality:0]]
[2026.04.20-22.15.40:931][  0]LogConfig: Setting CVar [[r.SceneColorFringeQuality:0]]
[2026.04.20-22.15.40:931][  0]LogConfig: Setting CVar [[r.EyeAdaptationQuality:2]]
[2026.04.20-22.15.40:931][  0]LogConfig: Setting CVar [[r.BloomQuality:4]]
[2026.04.20-22.15.40:931][  0]LogConfig: Setting CVar [[r.FastBlurThreshold:0]]
[2026.04.20-22.15.40:931][  0]LogConfig: Setting CVar [[r.Upscale.Quality:1]]
[2026.04.20-22.15.40:931][  0]LogConfig: Setting CVar [[r.Tonemapper.GrainQuantization:0]]
[2026.04.20-22.15.40:931][  0]LogConfig: Setting CVar [[r.LightShaftQuality:0]]
[2026.04.20-22.15.40:931][  0]LogConfig: Setting CVar [[r.Filter.SizeScale:0.6]]
[2026.04.20-22.15.40:931][  0]LogConfig: Setting CVar [[r.Tonemapper.Quality:0]]
[2026.04.20-22.15.40:931][  0]LogConfig: Applying CVar settings from Section [TextureQuality@0] File [C:/Users/Yatharth Padharia/Downloads/SpiderMan Traversal Project/SpiderMan Traversal Project_Portfolio/Saved/Config/Windows/Scalability.ini]
[2026.04.20-22.15.40:931][  0]LogConfig: Setting CVar [[r.Streaming.MipBias:16]]
[2026.04.20-22.15.40:931][  0]LogConfig: Setting CVar [[r.Streaming.AmortizeCPUToGPUCopy:1]]
[2026.04.20-22.15.40:931][  0]LogConfig: Setting CVar [[r.Streaming.MaxNumTexturesToStreamPerFrame:1]]
[2026.04.20-22.15.40:931][  0]LogConfig: Setting CVar [[r.Streaming.Boost:0.3]]
[2026.04.20-22.15.40:931][  0]LogConfig: Setting CVar [[r.MaxAnisotropy:0]]
[2026.04.20-22.15.40:931][  0]LogConfig: Setting CVar [[r.VT.MaxAnisotropy:4]]
[2026.04.20-22.15.40:931][  0]LogConfig: Setting CVar [[r.Streaming.LimitPoolSizeToVRAM:1]]
[2026.04.20-22.15.40:931][  0]LogConfig: Setting CVar [[r.Streaming.PoolSize:400]]
[2026.04.20-22.15.40:931][  0]LogConfig: Setting CVar [[r.Streaming.MaxEffectiveScreenSize:0]]
[2026.04.20-22.15.40:931][  0]LogConfig: Applying CVar settings from Section [EffectsQuality@0] File [C:/Users/Yatharth Padharia/Downloads/SpiderMan Traversal Project/SpiderMan Traversal Project_Portfolio/Saved/Config/Windows/Scalability.ini]
[2026.04.20-22.15.40:931][  0]LogConfig: Setting CVar [[r.TranslucencyLightingVolumeDim:24]]
[2026.04.20-22.15.40:931][  0]LogConfig: Setting CVar [[r.RefractionQuality:0]]
[2026.04.20-22.15.40:931][  0]LogConfig: Setting CVar [[r.SSR.Quality:0]]
[2026.04.20-22.15.40:931][  0]LogConfig: Setting CVar [[r.SSR.HalfResSceneColor:1]]
[2026.04.20-22.15.40:931][  0]LogConfig: Setting CVar [[r.SceneColorFormat:3]]
[2026.04.20-22.15.40:931][  0]LogConfig: Setting CVar [[r.DetailMode:0]]
[2026.04.20-22.15.40:931][  0]LogConfig: Setting CVar [[r.TranslucencyVolumeBlur:0]]
[2026.04.20-22.15.40:931][  0]LogConfig: Setting CVar [[r.MaterialQualityLevel:0 ; Low quality]]
[2026.04.20-22.15.40:931][  0]LogConfig: Setting CVar [[r.AnisotropicMaterials:0]]
[2026.04.20-22.15.40:931][  0]LogConfig: Setting CVar [[r.SSS.Scale:0]]
[2026.04.20-22.15.40:931][  0]LogConfig: Setting CVar [[r.SSS.SampleSet:0]]
[2026.04.20-22.15.40:931][  0]LogConfig: Setting CVar [[r.SSS.Quality:0]]
[2026.04.20-22.15.40:931][  0]LogConfig: Setting CVar [[r.SSS.HalfRes:1]]
[2026.04.20-22.15.40:931][  0]LogConfig: Setting CVar [[r.SSGI.Quality:0]]
[2026.04.20-22.15.40:931][  0]LogConfig: Setting CVar [[r.EmitterSpawnRateScale:0.125]]
[2026.04.20-22.15.40:931][  0]LogConfig: Setting CVar [[r.ParticleLightQuality:0]]
[2026.04.20-22.15.40:931][  0]LogConfig: Setting CVar [[r.SkyAtmosphere.AerialPerspectiveLUT.FastApplyOnOpaque:1 ; Always have FastSkyLUT 1 in this case to avoid wrong sky]]
[2026.04.20-22.15.40:931][  0]LogConfig: Setting CVar [[r.SkyAtmosphere.AerialPerspectiveLUT.SampleCountMaxPerSlice:1]]
[2026.04.20-22.15.40:931][  0]LogConfig: Setting CVar [[r.SkyAtmosphere.AerialPerspectiveLUT.DepthResolution:8.0]]
[2026.04.20-22.15.40:931][  0]LogConfig: Setting CVar [[r.SkyAtmosphere.FastSkyLUT:1]]
[2026.04.20-22.15.40:931][  0]LogConfig: Setting CVar [[r.SkyAtmosphere.FastSkyLUT.SampleCountMin:2.0]]
[2026.04.20-22.15.40:931][  0]LogConfig: Setting CVar [[r.SkyAtmosphere.FastSkyLUT.SampleCountMax:16.0]]
[2026.04.20-22.15.40:931][  0]LogConfig: Setting CVar [[r.SkyAtmosphere.SampleCountMin:2.0]]
[2026.04.20-22.15.40:931][  0]LogConfig: Setting CVar [[r.SkyAtmosphere.SampleCountMax:16.0]]
[2026.04.20-22.15.40:931][  0]LogConfig: Setting CVar [[r.SkyAtmosphere.TransmittanceLUT.UseSmallFormat:1]]
[2026.04.20-22.15.40:931][  0]LogConfig: Setting CVar [[r.SkyAtmosphere.TransmittanceLUT.SampleCount:10.0]]
[2026.04.20-22.15.40:931][  0]LogConfig: Setting CVar [[r.SkyAtmosphere.MultiScatteringLUT.SampleCount:15.0]]
[2026.04.20-22.15.40:931][  0]LogConfig: Setting CVar [[r.SkyLight.RealTimeReflectionCapture:0]]
[2026.04.20-22.15.40:931][  0]LogConfig: Applying CVar settings from Section [FoliageQuality@0] File [C:/Users/Yatharth Padharia/Downloads/SpiderMan Traversal Project/SpiderMan Traversal Project_Portfolio/Saved/Config/Windows/Scalability.ini]
[2026.04.20-22.15.40:931][  0]LogConfig: Setting CVar [[foliage.DensityScale:0]]
[2026.04.20-22.15.40:931][  0]LogConfig: Setting CVar [[grass.DensityScale:0]]
[2026.04.20-22.15.40:931][  0]LogConfig: Applying CVar settings from Section [ShadingQuality@0] File [C:/Users/Yatharth Padharia/Downloads/SpiderMan Traversal Project/SpiderMan Traversal Project_Portfolio/Saved/Config/Windows/Scalability.ini]
[2026.04.20-22.15.40:931][  0]LogConfig: Setting CVar [[r.HairStrands.SkyLighting.IntegrationType:2]]
[2026.04.20-22.15.40:931][  0]LogConfig: Setting CVar [[r.HairStrands.SkyAO.SampleCount:4]]
[2026.04.20-22.15.40:931][  0]LogConfig: Setting CVar [[r.HairStrands.Visibility.MSAA.SamplePerPixel:1]]
[2026.04.20-22.15.40:931][  0]LogConfig: Applying CVar settings from Section [Startup] File [../../../Engine/Config/ConsoleVariables.ini]
[2026.04.20-22.15.40:931][  0]LogConfig: Setting CVar [[net.UseAdaptiveNetUpdateFrequency:0]]
[2026.04.20-22.15.40:932][  0]LogConfig: Setting CVar [[p.chaos.AllowCreatePhysxBodies:1]]
[2026.04.20-22.15.40:932][  0]LogConfig: Setting CVar [[fx.SkipVectorVMBackendOptimizations:1]]
[2026.04.20-22.15.40:932][  0]LogConfig: Applying CVar settings from Section [ConsoleVariables] File [C:/Users/Yatharth Padharia/Downloads/SpiderMan Traversal Project/SpiderMan Traversal Project_Portfolio/Saved/Config/Windows/Engine.ini]
[2026.04.20-22.15.40:932][  0]LogConfig: Applying CVar settings from Section [ConsoleVariables] File [C:/Users/Yatharth Padharia/Downloads/SpiderMan Traversal Project/SpiderMan Traversal Project_Portfolio/Saved/Config/Windows/Editor.ini]
[2026.04.20-22.15.40:932][  0]LogInit: Computer: YATHARTH
[2026.04.20-22.15.40:932][  0]LogInit: User: YatharthPadharia
[2026.04.20-22.15.40:932][  0]LogInit: CPU Page size=4096, Cores=14
[2026.04.20-22.15.40:932][  0]LogInit: High frequency timer resolution =10.000000 MHz
[2026.04.20-22.15.40:932][  0]LogMemory: Memory total: Physical=15.7GB (16GB approx)
[2026.04.20-22.15.40:932][  0]LogMemory: Platform Memory Stats for Windows
[2026.04.20-22.15.40:932][  0]LogMemory: Process Physical Memory: 159.21 MB used, 159.21 MB peak
[2026.04.20-22.15.40:932][  0]LogMemory: Process Virtual Memory: 135.28 MB used, 135.28 MB peak
[2026.04.20-22.15.40:932][  0]LogMemory: Physical Memory: 10591.56 MB used,  5483.55 MB free, 16075.11 MB total
[2026.04.20-22.15.40:932][  0]LogMemory: Virtual Memory: 134211288.00 MB used,  6437.86 MB free, 134217728.00 MB total
[2026.04.20-22.15.40:938][  0]LogWindows: WindowsPlatformFeatures enabled
[2026.04.20-22.15.40:981][  0]LogInit: Physics initialised using underlying interface: PhysX
[2026.04.20-22.15.40:982][  0]LogInit: Using OS detected language (en-US).
[2026.04.20-22.15.40:982][  0]LogInit: Using OS detected locale (en-US).
[2026.04.20-22.15.40:985][  0]LogTextLocalizationManager: No specific localization for 'en-US' exists, so the 'en' localization will be used.
[2026.04.20-22.15.41:164][  0]LogInit: Setting process to per monitor DPI aware
[2026.04.20-22.15.41:186][  0]LogWindowsTextInputMethodSystem: Display: IME system deactivated.
[2026.04.20-22.15.41:202][  0]LogSlate: New Slate User Created.  User Index 0, Is Virtual User: 0
[2026.04.20-22.15.41:202][  0]LogSlate: Slate User Registered.  User Index 0, Is Virtual User: 0
[2026.04.20-22.15.41:343][  0]LogD3D11RHI: Loaded GFSDK_Aftermath_Lib.x64.dll
[2026.04.20-22.15.41:356][  0]LogHMD: Failed to initialize OpenVR with code 100
[2026.04.20-22.15.41:356][  0]LogD3D11RHI: D3D11 min allowed feature level: 11_0
[2026.04.20-22.15.41:356][  0]LogD3D11RHI: D3D11 max allowed feature level: 11_0
[2026.04.20-22.15.41:356][  0]LogD3D11RHI: D3D11 adapters:
[2026.04.20-22.15.41:570][  0]LogD3D11RHI:    0. 'NVIDIA GeForce RTX 3070 Ti Laptop GPU' (Feature Level 11_0)
[2026.04.20-22.15.41:570][  0]LogD3D11RHI:       8018/0/8037 MB DedicatedVideo/DedicatedSystem/SharedSystem, Outputs:1, VendorId:0x10de
[2026.04.20-22.15.41:635][  0]LogD3D11RHI:    1. 'Intel(R) Iris(R) Xe Graphics' (Feature Level 11_0)
[2026.04.20-22.15.41:635][  0]LogD3D11RHI:       128/0/8037 MB DedicatedVideo/DedicatedSystem/SharedSystem, Outputs:1, VendorId:0x8086
[2026.04.20-22.15.41:640][  0]LogD3D11RHI:    2. 'Microsoft Basic Render Driver' (Feature Level 11_0)
[2026.04.20-22.15.41:640][  0]LogD3D11RHI:       0/0/8037 MB DedicatedVideo/DedicatedSystem/SharedSystem, Outputs:0, VendorId:0x1414
[2026.04.20-22.15.41:640][  0]LogD3D11RHI: Chosen D3D11 Adapter:
[2026.04.20-22.15.41:640][  0]LogD3D11RHI:     Description : NVIDIA GeForce RTX 3070 Ti Laptop GPU
[2026.04.20-22.15.41:640][  0]LogD3D11RHI:     VendorId    : 10de
[2026.04.20-22.15.41:640][  0]LogD3D11RHI:     DeviceId    : 24a0
[2026.04.20-22.15.41:640][  0]LogD3D11RHI:     SubSysId    : 1a8c1043
[2026.04.20-22.15.41:640][  0]LogD3D11RHI:     Revision    : 00a1
[2026.04.20-22.15.41:640][  0]LogD3D11RHI:     DedicatedVideoMemory : 8407482368 bytes
[2026.04.20-22.15.41:640][  0]LogD3D11RHI:     DedicatedSystemMemory : 0 bytes
[2026.04.20-22.15.41:640][  0]LogD3D11RHI:     SharedSystemMemory : 8427988992 bytes
[2026.04.20-22.15.41:640][  0]LogD3D11RHI:     AdapterLuid : 0 77823
[2026.04.20-22.15.41:661][  0]LogD3D11RHI: Creating new Direct3DDevice
[2026.04.20-22.15.41:661][  0]LogD3D11RHI:     GPU DeviceId: 0x24a0 (for the marketing name, search the web for "GPU Device Id")
[2026.04.20-22.15.41:661][  0]LogWindows: EnumDisplayDevices:
[2026.04.20-22.15.41:662][  0]LogWindows:    0. 'Intel(R) Iris(R) Xe Graphics' (P:0 D:1)
[2026.04.20-22.15.41:662][  0]LogWindows:    1. 'Intel(R) Iris(R) Xe Graphics' (P:0 D:0)
[2026.04.20-22.15.41:663][  0]LogWindows:    2. 'Intel(R) Iris(R) Xe Graphics' (P:0 D:0)
[2026.04.20-22.15.41:663][  0]LogWindows:    3. 'Intel(R) Iris(R) Xe Graphics' (P:0 D:0)
[2026.04.20-22.15.41:663][  0]LogWindows:    4. 'NVIDIA GeForce RTX 3070 Ti Laptop GPU' (P:1 D:1)
[2026.04.20-22.15.41:663][  0]LogWindows:    5. 'NVIDIA GeForce RTX 3070 Ti Laptop GPU' (P:0 D:0)
[2026.04.20-22.15.41:663][  0]LogWindows:    6. 'NVIDIA GeForce RTX 3070 Ti Laptop GPU' (P:0 D:0)
[2026.04.20-22.15.41:664][  0]LogWindows:    7. 'NVIDIA GeForce RTX 3070 Ti Laptop GPU' (P:0 D:0)
[2026.04.20-22.15.41:664][  0]LogWindows: DebugString: PrimaryIsNotTheChoosenAdapter PrimaryIsNotTheChoosenAdapter PrimaryIsNotTheChoosenAdapter PrimaryIsNotTheChoosenAdapter FoundDriverCount:4 
[2026.04.20-22.15.41:664][  0]LogD3D11RHI:     Adapter Name: NVIDIA GeForce RTX 3070 Ti Laptop GPU
[2026.04.20-22.15.41:664][  0]LogD3D11RHI:   Driver Version: 581.57 (internal:32.0.15.8157, unified:581.57)
[2026.04.20-22.15.41:664][  0]LogD3D11RHI:      Driver Date: 10-9-2025
[2026.04.20-22.15.41:664][  0]LogRHI: Texture pool is 5612 MB (70% of 8018 MB)
[2026.04.20-22.15.41:664][  0]LogD3D11RHI: Creating D3DDevice using adapter:
[2026.04.20-22.15.41:664][  0]LogD3D11RHI:     Description : NVIDIA GeForce RTX 3070 Ti Laptop GPU
[2026.04.20-22.15.41:664][  0]LogD3D11RHI:     VendorId    : 10de
[2026.04.20-22.15.41:664][  0]LogD3D11RHI:     DeviceId    : 24a0
[2026.04.20-22.15.41:664][  0]LogD3D11RHI:     SubSysId    : 1a8c1043
[2026.04.20-22.15.41:664][  0]LogD3D11RHI:     Revision    : 00a1
[2026.04.20-22.15.41:664][  0]LogD3D11RHI:     DedicatedVideoMemory : 8407482368 bytes
[2026.04.20-22.15.41:664][  0]LogD3D11RHI:     DedicatedSystemMemory : 0 bytes
[2026.04.20-22.15.41:664][  0]LogD3D11RHI:     SharedSystemMemory : 8427988992 bytes
[2026.04.20-22.15.41:664][  0]LogD3D11RHI:     AdapterLuid : 0 77823
[2026.04.20-22.15.41:815][  0]LogD3D11RHI: RHI has support for 64 bit atomics
[2026.04.20-22.15.41:816][  0]LogD3D11RHI: Async texture creation enabled
[2026.04.20-22.15.41:816][  0]LogD3D11RHI: Array index from any shader is supported
[2026.04.20-22.15.41:836][  0]LogD3D11RHI: GPU Timing Frequency: 1000.000000 (Debug: 2 2)
[2026.04.20-22.15.41:871][  0]LogRHI: GeForceNow SDK initialized: 1
[2026.04.20-22.15.42:460][  0]LogTargetPlatformManager: Display: Loaded TargetPlatform 'AllDesktop'
[2026.04.20-22.15.42:483][  0]LogTargetPlatformManager: Display: Loaded TargetPlatform 'Android'
[2026.04.20-22.15.42:483][  0]LogTargetPlatformManager: Display: Loaded TargetPlatform 'Android_ASTC'
[2026.04.20-22.15.42:483][  0]LogTargetPlatformManager: Display: Loaded TargetPlatform 'Android_DXT'
[2026.04.20-22.15.42:483][  0]LogTargetPlatformManager: Display: Loaded TargetPlatform 'Android_ETC2'
[2026.04.20-22.15.42:483][  0]LogTargetPlatformManager: Display: Loaded TargetPlatform 'AndroidClient'
[2026.04.20-22.15.42:483][  0]LogTargetPlatformManager: Display: Loaded TargetPlatform 'Android_ASTCClient'
[2026.04.20-22.15.42:483][  0]LogTargetPlatformManager: Display: Loaded TargetPlatform 'Android_DXTClient'
[2026.04.20-22.15.42:483][  0]LogTargetPlatformManager: Display: Loaded TargetPlatform 'Android_ETC2Client'
[2026.04.20-22.15.42:483][  0]LogTargetPlatformManager: Display: Loaded TargetPlatform 'Android_Multi'
[2026.04.20-22.15.42:483][  0]LogTargetPlatformManager: Display: Loaded TargetPlatform 'Android_MultiClient'
[2026.04.20-22.15.42:505][  0]LogTargetPlatformManager: Display: Loaded TargetPlatform 'IOSClient'
[2026.04.20-22.15.42:505][  0]LogTargetPlatformManager: Display: Loaded TargetPlatform 'IOS'
[2026.04.20-22.15.42:518][  0]LogTargetPlatformManager: Display: Loaded TargetPlatform 'Linux'
[2026.04.20-22.15.42:525][  0]LogTargetPlatformManager: Display: Loaded TargetPlatform 'LinuxNoEditor'
[2026.04.20-22.15.42:532][  0]LogTargetPlatformManager: Display: Loaded TargetPlatform 'LinuxClient'
[2026.04.20-22.15.42:538][  0]LogTargetPlatformManager: Display: Loaded TargetPlatform 'LinuxServer'
[2026.04.20-22.15.42:549][  0]LogTargetPlatformManager: Display: Loaded TargetPlatform 'LinuxAArch64NoEditor'
[2026.04.20-22.15.42:555][  0]LogTargetPlatformManager: Display: Loaded TargetPlatform 'LinuxAArch64Client'
[2026.04.20-22.15.42:561][  0]LogTargetPlatformManager: Display: Loaded TargetPlatform 'LinuxAArch64Server'
[2026.04.20-22.15.42:584][  0]LogTargetPlatformManager: Display: Loaded TargetPlatform 'Lumin'
[2026.04.20-22.15.42:584][  0]LogTargetPlatformManager: Display: Loaded TargetPlatform 'LuminClient'
[2026.04.20-22.15.42:594][  0]LogTargetPlatformManager: Display: Loaded TargetPlatform 'MacNoEditor'
[2026.04.20-22.15.42:600][  0]LogTargetPlatformManager: Display: Loaded TargetPlatform 'Mac'
[2026.04.20-22.15.42:607][  0]LogTargetPlatformManager: Display: Loaded TargetPlatform 'MacClient'
[2026.04.20-22.15.42:612][  0]LogTargetPlatformManager: Display: Loaded TargetPlatform 'MacServer'
[2026.04.20-22.15.42:624][  0]LogTargetPlatformManager: Display: Loaded TargetPlatform 'TVOSClient'
[2026.04.20-22.15.42:624][  0]LogTargetPlatformManager: Display: Loaded TargetPlatform 'TVOS'
[2026.04.20-22.15.42:635][  0]LogTargetPlatformManager: Display: Loaded TargetPlatform 'WindowsNoEditor'
[2026.04.20-22.15.42:641][  0]LogTargetPlatformManager: Display: Loaded TargetPlatform 'Windows'
[2026.04.20-22.15.42:647][  0]LogTargetPlatformManager: Display: Loaded TargetPlatform 'WindowsClient'
[2026.04.20-22.15.42:652][  0]LogTargetPlatformManager: Display: Loaded TargetPlatform 'WindowsServer'
[2026.04.20-22.15.42:652][  0]LogTargetPlatformManager: Display: Building Assets For Windows
[2026.04.20-22.15.42:664][  0]LogAudioDebug: Display: Lib vorbis DLL was dynamically loaded.
[2026.04.20-22.15.42:708][  0]LogTextureFormatOodle: Display: Oodle Texture 2.9.0 init RDO Off
[2026.04.20-22.15.42:755][  0]LogRendererCore: Ray tracing is disabled. Reason: r.RayTracing=0.
[2026.04.20-22.15.42:755][  0]LogShaderCompilers: Guid format shader working directory is -59 characters bigger than the processId version (../../../../../../Users/Yatharth Padharia/Downloads/SpiderMan Traversal Project/SpiderMan Traversal Project_Portfolio/Intermediate/Shaders/WorkingDirectory/3676/).
[2026.04.20-22.15.42:755][  0]LogShaderCompilers: Cleaned the shader compiler working directory 'C:/Users/Yatharth Padharia/AppData/Local/Temp/UnrealShaderWorkingDir/689C08DC4AFD5554E28E07A87418DD4E/'.
[2026.04.20-22.15.42:755][  0]LogXGEController: Cannot use XGE Controller as Incredibuild is not installed on this machine.
[2026.04.20-22.15.42:755][  0]LogShaderCompilers: Cannot use XGE Shader Compiler as Incredibuild is not installed on this machine.
[2026.04.20-22.15.42:756][  0]LogShaderCompilers: Display: Using Local Shader Compiler.
[2026.04.20-22.15.43:450][  0]LogDerivedDataCache: Display: Max Cache Size: 512 MB
[2026.04.20-22.15.43:526][  0]LogDerivedDataCache: Loaded boot cache 0.08s 118MB C:/Users/Yatharth Padharia/AppData/Local/UnrealEngine/4.27/DerivedDataCache/Boot.ddc.
[2026.04.20-22.15.43:527][  0]LogDerivedDataCache: Display: Loaded Boot cache: C:/Users/Yatharth Padharia/AppData/Local/UnrealEngine/4.27/DerivedDataCache/Boot.ddc
[2026.04.20-22.15.43:527][  0]LogDerivedDataCache: FDerivedDataBackendGraph:  Pak pak cache file ../../../../../../Users/Yatharth Padharia/Downloads/SpiderMan Traversal Project/SpiderMan Traversal Project_Portfolio/DerivedDataCache/DDC.ddp not found, will not use a pak cache.
[2026.04.20-22.15.43:527][  0]LogDerivedDataCache: Unable to find inner node Pak for hierarchical cache Hierarchy.
[2026.04.20-22.15.43:527][  0]LogDerivedDataCache: FDerivedDataBackendGraph:  CompressedPak pak cache file ../../../../../../Users/Yatharth Padharia/Downloads/SpiderMan Traversal Project/SpiderMan Traversal Project_Portfolio/DerivedDataCache/Compressed.ddp not found, will not use a pak cache.
[2026.04.20-22.15.43:527][  0]LogDerivedDataCache: Unable to find inner node CompressedPak for hierarchical cache Hierarchy.
[2026.04.20-22.15.43:543][  0]LogDerivedDataCache: Display: Pak cache opened for reading ../../../Engine/DerivedDataCache/Compressed.ddp.
[2026.04.20-22.15.43:543][  0]LogDerivedDataCache: FDerivedDataBackendGraph:  EnterprisePak pak cache file ../../../Enterprise/DerivedDataCache/Compressed.ddp not found, will not use a pak cache.
[2026.04.20-22.15.43:543][  0]LogDerivedDataCache: Unable to find inner node EnterprisePak for hierarchical cache Hierarchy.
[2026.04.20-22.15.43:550][  0]LogDerivedDataCache: Speed tests for C:/Users/Yatharth Padharia/AppData/Local/UnrealEngine/Common/DerivedDataCache took 0.01 seconds
[2026.04.20-22.15.43:550][  0]LogDerivedDataCache: Display: Performance to C:/Users/Yatharth Padharia/AppData/Local/UnrealEngine/Common/DerivedDataCache: Latency=0.02ms. RandomReadSpeed=929.97MBs, RandomWriteSpeed=172.43MBs. Assigned SpeedClass 'Local'
[2026.04.20-22.15.43:551][  0]LogDerivedDataCache: Using Local data cache path C:/Users/Yatharth Padharia/AppData/Local/UnrealEngine/Common/DerivedDataCache: Writable
[2026.04.20-22.15.43:551][  0]LogDerivedDataCache: Shared data cache path not found in *engine.ini, will not use an Shared cache.
[2026.04.20-22.15.43:551][  0]LogDerivedDataCache: Unable to find inner node Shared for hierarchical cache Hierarchy.
[2026.04.20-22.15.43:596][  0]LogSlate: Using FreeType 2.10.0
[2026.04.20-22.15.43:596][  0]LogSlate: SlateFontServices - WITH_FREETYPE: 1, WITH_HARFBUZZ: 1
[2026.04.20-22.15.43:624][  0]LogAssetRegistry: FAssetRegistry took 0.0033 seconds to start up
[2026.04.20-22.15.44:785][  0]LogInit: Selected Device Profile: [Windows]
[2026.04.20-22.15.44:785][  0]LogInit: Active device profile: [000002B62B434A00][000002B61E904F40 49] Windows
[2026.04.20-22.15.44:785][  0]LogInit: Profiles: [000002B62B434A00][000002B61E904F40 49] Windows, [000002B62B205A00][000002B628F272C0 49] WindowsNoEditor, [000002B62B434500][000002B62BDB3600 49] WindowsServer, [000002B62B206500][000002B6265CB940 49] WindowsClient, [000002B62B435800][000002B62BDABCC0 49] IOS, [000002B62B207F00][000002B6265C61C0 49] iPadAir, [000002B62B434200][000002B62A590840 49] iPadAir2, [000002B62CBA7800][000002B62A58CC00 49] IPadPro, [000002B62CBA7900][000002B62A450F40 49] iPadAir3, [000002B62B204200][000002B62A5712C0 49] iPadAir4, [000002B62CBA4F00][000002B62BAAB340 49] iPadMini2, [000002B62B207200][000002B62BAA7980 49] iPadMini3, [000002B62CBA6A00][000002B62A455A00 49] iPadMini4, [000002B62B207600][000002B62A56C500 49] iPadMini5, [000002B62CABF100][000002B62BDAE5C0 49] iPhone6, [000002B62CABF200][000002B62A428600 49] iPodTouch6, [000002B62CBA4A00][000002B62BDB6CC0 49] iPhone7, [000002B62CBA4E00][000002B62A431300 49] iPodTouch7, [000002B62CABD300][000002B61E8F5080 49] iPhone5S, [000002B62CBA5300][000002B62A42D3C0 49] iPhone6Plus, [000002B62CABE900][000002B62BDBB700 49] iPhone6S, [000002B62CBA7400][000002B62A425A80 49] iPhone6SPlus, [000002B62CABDB00][000002B62A435E00 49] iPhone7Plus, [000002B62CBA5B00][000002B62A438300 49] iPhoneSE, [000002B62CABD000][000002B62A43C680 49] iPhone8, [000002B62CBA6500][000002B62A440A00 49] iPhone8Plus, [000002B62CABE100][000002B62A444D80 49] iPhoneX, [000002B62CBA4700][000002B62A449100 49] iPhoneXS, [000002B62CABEE00][000002B626559440 49] iPhoneXSMax, [000002B62CBA4D00][000002B62A44D7C0 49] iPhoneXR, [000002B62CABFF00][000002B62655C8C0 49] iPhone11, [000002B62CBA7C00][000002B626560C40 49] iPhone11Pro, [000002B62CABC900][000002B626564FC0 49] iPhone11ProMax, [000002B62CBA5A00][000002B626569340 49] iPhoneSE2, [000002B62CABCE00][000002B62656D6C0 49] iPhone12Mini, [000002B62CBA6F00][000002B626571A40 49] iPhone12, [000002B62CABC500][000002B626574240 49] iPhone12Pro, [000002B62CBA4600][000002B62657C580 49] iPhone12ProMax, [000002B62CABD100][000002B626579880 49] iPadPro105, [000002B62CBA7700][000002B626581C00 49] iPadPro129, [000002B62CABC600][000002B626584100 49] iPadPro97, [000002B62CBA5F00][000002B626588480 49] iPadPro2_129, [000002B62CABEA00][000002B62658C800 49] iPad5, [000002B62CBA7600][000002B626590B80 49] iPad6, [000002B62CABC800][000002B626594280 49] iPad7, [000002B62CBA6000][000002B62659C5C0 49] iPad8, [000002B62CABD400][000002B6265995C0 49] iPadPro11, [000002B62CBA4400][000002B6265A0CC0 49] iPadPro2_11, [000002B62CABF600][000002B6265A5CC0 49] iPadPro3_129, [000002B62CBA4900][000002B6265A93C0 49] iPadPro4_129, [000002B62CABCF00][000002B6265AC540 49] AppleTV, [000002B62CBA5400][000002B6265B08C0 49] AppleTV4K, [000002B62CABF400][000002B6265B4C40 49] TVOS, [000002B62CBA4800][000002B6265B8FC0 49] Mac, [000002B62CABC100][000002B6265C1300 49] MacClient, [000002B62CBA7000][000002B6265BD680 49] MacNoEditor, [000002B62CABC400][000002B62A383A00 49] MacServer, [000002B62CBA4100][000002B62A387D80 49] Linux, [000002B62CABE800][000002B62A38B780 49] LinuxAArch64, [000002B62CBA6100][000002B62A38E600 49] LinuxNoEditor, [000002B62CABCC00][000002B62A392300 49] LinuxAArch64NoEditor, [000002B62B434400][000002B62A396D00 49] LinuxClient, [000002B62CABD800][000002B62A39E9C0 49] LinuxAArch64Client, [000002B62B205B00][000002B62A39B3C0 49] LinuxServer, [000002B62CBA5600][000002B62A3A30C0 49] LinuxAArch64Server, [000002B62B207D00][000002B62A3A7AC0 49] Android, [000002B62CBA6400][000002B62A3ABE40 49] Android_Low, [000002B62B207000][000002B62A3AE340 49] Android_Mid, [000002B62CBA5500][000002B62A3B26C0 49] Android_High, [000002B62B206900][000002B62A3B6A40 49] Android_Default, [000002B62CBA7E00][000002B62A3BADC0 49] Android_Adreno4xx, [000002B62B204900][000002B62A3C2D80 49] Android_Adreno5xx_Low, [000002B62CBA6900][000002B62A3BF480 49] Android_Adreno5xx, [000002B62B206700][000002B62A3C7800 49] Android_Adreno6xx, [000002B62CBA6700][000002B62A3CB800 49] Android_Adreno6xx_Vulkan, [000002B62B207400][000002B62A3CFF00 49] Android_Mali_T6xx, [000002B62CBA4200][000002B62A3D2400 49] Android_Mali_T7xx, [000002B62B205400][000002B62A3D6780 49] Android_Mali_T8xx, [000002B62CABFE00][000002B62A3DAB00 49] Android_Mali_G71, [000002B62B205600][000002B62A3E2E40 49] Android_Mali_G72, [000002B62CABFC00][000002B62A3DF140 49] Android_Mali_G72_Vulkan, [000002B62B206100][000002B62A3E7540 49] Android_Mali_G76, [000002B62CABEF00][000002B62A3EB840 49] Android_Mali_G76_Vulkan, [000002B62B207E00][000002B62A3EFBC0 49] Android_Mali_G77, [000002B62CABCA00][000002B62A3F23C0 49] Android_Mali_G77_Vulkan, [000002B62B206000][000002B62A3F6740 49] Android_Mali_G78, [000002B62CABCB00][000002B62A3FAAC0 49] Android_Mali_G78_Vulkan, [000002B62B207100][000002B62A3FEE40 49] Android_Mali_G710, [000002B62CABFD00][000002B62A407180 49] Android_Mali_G710_Vulkan, [000002B62B204B00][000002B62A403500 49] Android_Vulkan_SM5, [000002B62CABFB00][000002B62A40B600 49] Android_PowerVR_G6xxx, [000002B62B204500][000002B62A40FC00 49] Android_PowerVR_GT7xxx, [000002B62CABE500][000002B62A412400 49] Android_PowerVR_GE8xxx, [000002B62B205100][000002B62A416780 49] Android_PowerVR_GM9xxx, [000002B62CABEC00][000002B62A474B00 49] Android_PowerVR_GM9xxx_Vulkan, [000002B62B205900][000002B62A478900 49] Android_TegraK1, [000002B62CABD200][000002B62A4811C0 49] Android_Unknown_Vulkan, [000002B62B207C00][000002B62A47CFC0 49] Lumin, [000002B62CABC700][000002B62A485340 49] Lumin_Desktop, [000002B62B205F00][000002B62A4880C0 49] HoloLens, 
[2026.04.20-22.15.44:894][  0]LogMeshReduction: Using QuadricMeshReduction for automatic static mesh reduction
[2026.04.20-22.15.44:894][  0]LogMeshReduction: Using SimplygonMeshReduction for automatic skeletal mesh reduction
[2026.04.20-22.15.44:894][  0]LogMeshReduction: Using ProxyLODMeshReduction for automatic mesh merging
[2026.04.20-22.15.44:894][  0]LogMeshReduction: No distributed automatic mesh merging module available
[2026.04.20-22.15.44:894][  0]LogMeshMerging: No distributed automatic mesh merging module available
[2026.04.20-22.15.44:906][  0]LogNetVersion: SpiderMan_Mk2 1.0.0, NetCL: 17155196, EngineNetVer: 17, GameNetVer: 0 (Checksum: 451616927)
[2026.04.20-22.15.45:244][  0]LogTexture: Default maximum texture size for cubemaps generated from long-lat sources has been changed from 512 to unlimited. In order to preserve old behaiour for '/Engine/MapTemplates/Sky/DaylightAmbientCubemap.DaylightAmbientCubemap', its maximum texture size has been explicitly set to 512.
[2026.04.20-22.15.45:293][  0]LogHMD: PokeAHoleMaterial loaded successfully
[2026.04.20-22.15.45:297][  0]LogUObjectArray: 17174 objects as part of root set at end of initial load.
[2026.04.20-22.15.45:297][  0]LogUObjectAllocator: 4300480 out of 0 bytes used by permanent object pool.
[2026.04.20-22.15.45:297][  0]LogUObjectArray: CloseDisregardForGC: 0/0 objects in disregard for GC pool
[2026.04.20-22.15.45:427][  0]LogFMOD: FFMODStudioModule startup
[2026.04.20-22.15.45:427][  0]LogFMOD: Lib path = '../../../Engine/Plugins/FMODStudio/Binaries'
[2026.04.20-22.15.45:427][  0]LogFMOD: FFMODStudioModule::LoadDll: Loading ../../../Engine/Plugins/FMODStudio/Binaries/Win64/fmodL.dll
[2026.04.20-22.15.45:429][  0]LogFMOD: FFMODStudioModule::LoadDll: Loading ../../../Engine/Plugins/FMODStudio/Binaries/Win64/fmodstudioL.dll
[2026.04.20-22.15.45:431][  0]LogFMOD: Error: Failed to load bank lookup
[2026.04.20-22.15.45:431][  0]LogFMOD: Error: Failed to load asset lookup
[2026.04.20-22.15.45:455][  0]LogFMOD: Default sample rate = 48000
[2026.04.20-22.15.45:455][  0]LogFMOD: System sample rate = 48000
[2026.04.20-22.15.45:455][  0]LogFMOD: Matching system sample rate 48000
[2026.04.20-22.15.45:489][  0]LogFMOD: Default sample rate = 48000
[2026.04.20-22.15.45:489][  0]LogFMOD: System sample rate = 48000
[2026.04.20-22.15.45:489][  0]LogFMOD: Matching system sample rate 48000
[2026.04.20-22.15.45:645][  0]LogPython: Using Python 3.7.7
[2026.04.20-22.15.46:030][  0]LogNiagaraDebuggerClient: Niagara Debugger Client Initialized | Session: 6DC9DDB448CA8767B79ACEB742AB447E | Instance: 5A21AC88474568CAF6FF3D9C4E0D44B0 (YATHARTH-3676).
[2026.04.20-22.15.46:197][  0]LogTcpMessaging: Initializing TcpMessaging bridge
[2026.04.20-22.15.46:202][  0]LogUdpMessaging: Initializing bridge on interface 0.0.0.0:0 to multicast group 230.0.0.1:6666.
[2026.04.20-22.15.46:290][  0]LogLinker: Warning: Failed to load '/Game/TopDownBP/TopDownOverview': Can't find file.
[2026.04.20-22.15.46:290][  0]LogLinker: Warning: Failed to load '/Game/TopDownBP/TopDownOverview': Can't find file.
[2026.04.20-22.15.46:290][  0]LogUObjectGlobals: Warning: Failed to find object 'Class /Game/TopDownBP/TopDownOverview.TopDownOverview_C'
[2026.04.20-22.15.46:579][  0]LogOpenImageDenoise: OIDN starting up
[2026.04.20-22.15.46:646][  0]SourceControl: Source control is disabled
[2026.04.20-22.15.46:646][  0]SourceControl: Source control is disabled
[2026.04.20-22.15.46:650][  0]SourceControl: Source control is disabled
[2026.04.20-22.15.46:661][  0]SourceControl: Source control is disabled
[2026.04.20-22.15.46:668][  0]LogUProjectInfo: Found projects:
[2026.04.20-22.15.46:674][  0]SourceControl: Source control is disabled
[2026.04.20-22.15.46:697][  0]LogAndroidPermission: UAndroidPermissionCallbackProxy::GetInstance
[2026.04.20-22.15.46:702][  0]LogAudioCaptureCore: Display: No Audio Capture implementations found. Audio input will be silent.
[2026.04.20-22.15.46:702][  0]LogAudioCaptureCore: Display: No Audio Capture implementations found. Audio input will be silent.
[2026.04.20-22.15.46:757][  0]LogHoudiniEngine: Starting the Houdini Engine module...
[2026.04.20-22.15.46:758][  0]LogHoudiniEngine: Failed locating or loading libHAPIL.dll
[2026.04.20-22.15.46:758][  0]LogLinker: Warning: Asset '../../Plugins/Runtime/HoudiniEngine/Content/houdini_default_material.uasset' has been saved with empty engine version. The asset will be loaded but may be incompatible.
[2026.04.20-22.15.46:876][  0]LogCollectionManager: Loaded 0 collections in 0.001656 seconds
[2026.04.20-22.15.46:899][  0]LogFileCache: Scanning file cache for directory 'C:/Users/Yatharth Padharia/Downloads/SpiderMan Traversal Project/SpiderMan Traversal Project_Portfolio/Saved/Collections/' took 0.00s
[2026.04.20-22.15.46:899][  0]LogFileCache: Scanning file cache for directory 'C:/Users/Yatharth Padharia/Downloads/SpiderMan Traversal Project/SpiderMan Traversal Project_Portfolio/Content/Developers/YatharthPadharia/Collections/' took 0.00s
[2026.04.20-22.15.46:899][  0]LogFileCache: Scanning file cache for directory 'C:/Users/Yatharth Padharia/Downloads/SpiderMan Traversal Project/SpiderMan Traversal Project_Portfolio/Content/Collections/' took 0.00s
[2026.04.20-22.15.46:899][  0]LogOcInput: OculusInput pre-init called
[2026.04.20-22.15.47:117][  0]LogClass: Warning: ObjectProperty FConstructionSystemSaveConstructedItem::PrefabAsset is not initialized properly. Module:ConstructionSystemRuntime File:Public/Save/ConstructionSystemSaveGame.h
[2026.04.20-22.15.47:117][  0]LogClass: Display: IntProperty FConstructionSystemSaveConstructedItem::Seed is not initialized properly. Module:ConstructionSystemRuntime File:Public/Save/ConstructionSystemSaveGame.h
[2026.04.20-22.15.47:117][  0]LogClass: Warning: ObjectProperty FConstructionSystemUICategory::Icon is not initialized properly. Module:ConstructionSystemRuntime File:Public/ConstructionSystem/UI/ConstructionSystemUIAsset.h
[2026.04.20-22.15.47:117][  0]LogClass: Warning: ObjectProperty FConstructionSystemUIPrefabEntry::Icon is not initialized properly. Module:ConstructionSystemRuntime File:Public/ConstructionSystem/UI/ConstructionSystemUIAsset.h
[2026.04.20-22.15.47:117][  0]LogClass: Warning: ObjectProperty FConstructionSystemUIPrefabEntry::Prefab is not initialized properly. Module:ConstructionSystemRuntime File:Public/ConstructionSystem/UI/ConstructionSystemUIAsset.h
[2026.04.20-22.15.47:118][  0]LogClass: Display: 5 Uninitialized script struct members found including 4 object properties
[2026.04.20-22.15.47:118][  0]LogAutomationTest: Warning: ObjectProperty FConstructionSystemSaveConstructedItem::PrefabAsset is not initialized properly. Module:ConstructionSystemRuntime File:Public/Save/ConstructionSystemSaveGame.h
[2026.04.20-22.15.47:118][  0]LogAutomationTest: Warning: ObjectProperty FConstructionSystemUICategory::Icon is not initialized properly. Module:ConstructionSystemRuntime File:Public/ConstructionSystem/UI/ConstructionSystemUIAsset.h
[2026.04.20-22.15.47:118][  0]LogAutomationTest: Warning: ObjectProperty FConstructionSystemUIPrefabEntry::Icon is not initialized properly. Module:ConstructionSystemRuntime File:Public/ConstructionSystem/UI/ConstructionSystemUIAsset.h
[2026.04.20-22.15.47:118][  0]LogAutomationTest: Warning: ObjectProperty FConstructionSystemUIPrefabEntry::Prefab is not initialized properly. Module:ConstructionSystemRuntime File:Public/ConstructionSystem/UI/ConstructionSystemUIAsset.h
[2026.04.20-22.15.47:119][  0]LogEngine: Initializing Engine...
[2026.04.20-22.15.47:122][  0]LogHMD: Failed to enumerate extensions. Please check that you have a valid OpenXR runtime installed.
[2026.04.20-22.15.47:123][  0]LogHMD: Failed to initialize OpenVR with code 100
[2026.04.20-22.15.47:123][  0]LogMagicLeap: Warning: VR disabled because ZI is not enabled.  To enable, in the editor, Edit -> Project Settings -> Plugins -> Magic Leap Plugin -> Enable Zero Iteration
[2026.04.20-22.15.47:124][  0]LogStats: UGameplayTagsManager::InitializeManager -  0.000 s
[2026.04.20-22.15.47:231][  0]LogInit: Initializing FReadOnlyCVARCache
[2026.04.20-22.15.47:239][  0]LogAIModule: Creating AISystem for world Untitled
[2026.04.20-22.15.47:240][  0]LogAudio: Display: Initializing Audio Device Manager...
[2026.04.20-22.15.47:244][  0]LogAudio: Display: Loading Default Audio Settings Objects...
[2026.04.20-22.15.47:244][  0]LogAudio: Display: No default SoundConcurrencyObject specified (or failed to load).
[2026.04.20-22.15.47:244][  0]LogAudio: Display: Audio Device Manager Initialized
[2026.04.20-22.15.47:244][  0]LogAudio: Display: Creating Audio Device:                 Id: 1, Scope: Shared, Realtime: True
[2026.04.20-22.15.47:245][  0]LogAudioMixer: Display: Audio Mixer Platform Settings:
[2026.04.20-22.15.47:245][  0]LogAudioMixer: Display: 	Sample Rate:						  48000
[2026.04.20-22.15.47:245][  0]LogAudioMixer: Display: 	Callback Buffer Frame Size Requested: 1024
[2026.04.20-22.15.47:245][  0]LogAudioMixer: Display: 	Callback Buffer Frame Size To Use:	  1024
[2026.04.20-22.15.47:245][  0]LogAudioMixer: Display: 	Number of buffers to queue:			  2
[2026.04.20-22.15.47:245][  0]LogAudioMixer: Display: 	Max Channels (voices):				  32
[2026.04.20-22.15.47:245][  0]LogAudioMixer: Display: 	Number of Async Source Workers:		  0
[2026.04.20-22.15.47:245][  0]LogAudio: Display: AudioDevice MaxSources: 32
[2026.04.20-22.15.47:245][  0]LogAudio: Display: Audio Spatialization Plugin: None (built-in).
[2026.04.20-22.15.47:245][  0]LogAudio: Display: Audio Reverb Plugin: None (built-in).
[2026.04.20-22.15.47:245][  0]LogAudio: Display: Audio Occlusion Plugin: None (built-in).
[2026.04.20-22.15.47:245][  0]LogAudioMixer: Display: Initializing audio mixer.
[2026.04.20-22.15.47:258][  0]LogAudioMixer: Display: 0: FrontLeft
[2026.04.20-22.15.47:258][  0]LogAudioMixer: Display: 1: FrontRight
[2026.04.20-22.15.47:280][  0]LogAudioMixer: Display: Using Audio Device Headphones (Xbox Controller)
[2026.04.20-22.15.47:282][  0]LogAudioMixer: Display: Initializing Sound Submixes...
[2026.04.20-22.15.47:284][  0]LogAudioMixer: Display: Creating Master Submix 'MasterSubmixDefault'
[2026.04.20-22.15.47:284][  0]LogAudioMixer: Display: Creating Master Submix 'MasterReverbSubmixDefault'
[2026.04.20-22.15.47:286][  0]LogAudioMixer: Display: Creating Master Submix 'MasterEQSubmixDefault'
[2026.04.20-22.15.47:286][  0]LogAudioMixer: FMixerPlatformXAudio2::StartAudioStream() called
[2026.04.20-22.15.47:286][  0]LogAudioMixer: Display: Output buffers initialized: Frames=1024, Channels=2, Samples=2048
[2026.04.20-22.15.47:287][  0]LogAudioMixer: Display: Starting AudioMixerPlatformInterface::RunInternal()
[2026.04.20-22.15.47:287][  0]LogAudioMixer: Display: FMixerPlatformXAudio2::SubmitBuffer() called for the first time
[2026.04.20-22.15.47:287][  0]LogInit: FAudioDevice initialized.
[2026.04.20-22.15.47:287][  0]LogAudio: Display: Audio Device (ID: 1) registered with world 'Untitled'.
[2026.04.20-22.15.47:287][  0]LogNetVersion: Set ProjectVersion to 1.0.0.0. Version Checksum will be recalculated on next use.
[2026.04.20-22.15.47:456][  0]LogDerivedDataCache: Saved boot cache 0.17s 118MB C:/Users/Yatharth Padharia/AppData/Local/UnrealEngine/4.27/DerivedDataCache/Boot.ddc.
[2026.04.20-22.15.47:457][  0]LogInit: Texture streaming: Enabled
[2026.04.20-22.15.47:469][  0]LogAnalytics: Display: [UEEditor.Rocket.Release] APIServer = https://datarouter.ol.epicgames.com/. AppVersion = 4.27.2-18319896+++UE4+Release-4.27
[2026.04.20-22.15.47:474][  0]LogEngineSessionManager: EngineSessionManager initialized
[2026.04.20-22.15.47:474][  0]LogEditorSessionSummary: Verbose: Initializing EditorSessionSummaryWriter for editor session tracking
[2026.04.20-22.15.47:478][  0]LogEditorSessionSummary: EditorSessionSummaryWriter initialized
[2026.04.20-22.15.47:528][  0]LogInit: Transaction tracking system initialized
[2026.04.20-22.15.47:549][  0]BlueprintLog: New page: Editor Load
[2026.04.20-22.15.47:615][  0]LocalizationService: Localization service is disabled
[2026.04.20-22.15.47:640][  0]TimingProfiler: Initialize
[2026.04.20-22.15.47:640][  0]TimingProfiler: OnSessionChanged
[2026.04.20-22.15.47:640][  0]LoadingProfiler: Initialize
[2026.04.20-22.15.47:641][  0]LoadingProfiler: OnSessionChanged
[2026.04.20-22.15.47:641][  0]NetworkingProfiler: Initialize
[2026.04.20-22.15.47:641][  0]NetworkingProfiler: OnSessionChanged
[2026.04.20-22.15.47:641][  0]MemoryProfiler: Initialize
[2026.04.20-22.15.47:641][  0]MemoryProfiler: OnSessionChanged
[2026.04.20-22.15.47:645][  0]LogClass: Warning: In asset 'None', there is an enum property of type 'EIOSVersion' with an invalid value of 'IOS_11'
[2026.04.20-22.15.47:645][  0]LogObj: Error: LoadConfig (/Script/IOSRuntimeSettings.Default__IOSRuntimeSettings): import failed for MinimumiOSVersion in: IOS_11
[2026.04.20-22.15.47:787][  0]LogCook: Display: CookSettings for Memory: MemoryMaxUsedVirtual 0MiB, MemoryMaxUsedPhysical 16384MiB, MemoryMinFreeVirtual 0MiB, MemoryMinFreePhysical 1024MiB
[2026.04.20-22.15.47:787][  0]LogCook: Display: Mobile HDR setting 1
[2026.04.20-22.15.47:827][  0]LogFileCache: Scanning file cache for directory 'C:/Users/Yatharth Padharia/Downloads/SpiderMan Traversal Project/SpiderMan Traversal Project_Portfolio/Content/' took 0.01s
[2026.04.20-22.15.47:827][  0]LogFMOD: FFMODStudioEditorModule startup
[2026.04.20-22.15.48:225][  0]LogHoudiniEngineEditor: Starting the Houdini Engine Editor module.
[2026.04.20-22.15.48:229][  0]LogHoudiniEngineEditor: Houdini Spline Component Visualizer Registered!
[2026.04.20-22.15.48:229][  0]LogHoudiniEngineEditor: Houdini Engine Editor module startup complete.
[2026.04.20-22.15.48:520][  0]LogInit: Display: Engine is initialized. Leaving FEngineLoop::Init()
[2026.04.20-22.15.48:523][  0]SourceControl: Source control is disabled
[2026.04.20-22.15.48:524][  0]LogUnrealEdMisc: Loading editor; pre map load, took 8.747
[2026.04.20-22.15.48:525][  0]LightingResults: New page: Lighting Build
[2026.04.20-22.15.48:526][  0]LogWorld: UWorld::CleanupWorld for Untitled, bSessionEnded=true, bCleanupResources=true
[2026.04.20-22.15.48:526][  0]LogSlate: InvalidateAllWidgets triggered.  All widgets were invalidated
[2026.04.20-22.15.48:526][  0]MapCheck: New page: Map Check
[2026.04.20-22.15.48:526][  0]LightingResults: New page: Lighting Build
[2026.04.20-22.15.48:531][  0]LogAudio: Display: Audio Device unregistered from world 'None'.
[2026.04.20-22.15.48:536][  0]LogUObjectHash: Compacting FUObjectHashTables data took   0.89ms
[2026.04.20-22.15.50:487][  0]LogAudio: Display: Audio Device (ID: 1) registered with world 'TestCity'.
[2026.04.20-22.15.50:488][  0]LogAIModule: Creating AISystem for world TestCity
[2026.04.20-22.15.51:638][  0]LogEditorServer: Finished looking for orphan Actors (0.000 secs)
[2026.04.20-22.15.51:661][  0]LogUObjectHash: Compacting FUObjectHashTables data took   1.83ms
[2026.04.20-22.15.51:662][  0]Cmd: MAP CHECKDEP NOCLEARLOG
[2026.04.20-22.15.51:662][  0]MapCheck: Map check complete: 0 Error(s), 0 Warning(s), took 0.185ms to complete.
[2026.04.20-22.15.51:662][  0]LogFileHelpers: Loading map 'TestCity' took 3.139
[2026.04.20-22.15.51:664][  0]LogUnrealEdMisc: Total Editor Startup Time, took 11.888
[2026.04.20-22.15.51:794][  0]LogSlate: Updating window title bar state: overlay mode, drag disabled, window buttons hidden, title bar hidden
[2026.04.20-22.15.51:800][  0]LogSlate: Updating window title bar state: overlay mode, drag disabled, window buttons hidden, title bar hidden
[2026.04.20-22.15.51:805][  0]LogSlate: Updating window title bar state: overlay mode, drag disabled, window buttons hidden, title bar hidden
[2026.04.20-22.15.51:811][  0]LogSlate: Updating window title bar state: overlay mode, drag disabled, window buttons hidden, title bar hidden
[2026.04.20-22.15.51:891][  0]LogNativeClassHierarchy: Verbose: Native class hierarchy populated in 0.0084 seconds. Added 3987 classes and 972 folders.
[2026.04.20-22.15.51:910][  0]LogNativeClassHierarchy: Verbose: Native class hierarchy updated for 'WidgetCarousel' in 0.0002 seconds. Added 0 classes and 0 folders.
[2026.04.20-22.15.51:912][  0]LogPakFile: PakFile PrimaryIndexSize=187
[2026.04.20-22.15.51:912][  0]LogPakFile: PakFile PathHashIndexSize=101
[2026.04.20-22.15.51:912][  0]LogPakFile: PakFile FullDirectoryIndexSize=148
[2026.04.20-22.15.51:912][  0]LogShaderLibrary: Display: ShaderCodeLibraryPakFileMountedCallback: PakFile 'C:/Program Files/Epic Games/UE_4.27/FeaturePacks/FP_FirstPerson.upack' (chunk index -1, root 'root:/') mounted
[2026.04.20-22.15.51:912][  0]LogShaderLibrary: Display: ShaderCodeLibraryPakFileMountedCallback: pending pak file info (ChunkID:-1 Root:root:/ File:C:/Program Files/Epic Games/UE_4.27/FeaturePacks/FP_FirstPerson.upack)
[2026.04.20-22.15.51:912][  0]LogPakFile: OnPakFileMounted2Time == 0.000050
[2026.04.20-22.15.51:913][  0]LogPakFile: PakFile PrimaryIndexSize=189
[2026.04.20-22.15.51:913][  0]LogPakFile: PakFile PathHashIndexSize=101
[2026.04.20-22.15.51:913][  0]LogPakFile: PakFile FullDirectoryIndexSize=152
[2026.04.20-22.15.51:913][  0]LogShaderLibrary: Display: ShaderCodeLibraryPakFileMountedCallback: PakFile 'C:/Program Files/Epic Games/UE_4.27/FeaturePacks/FP_FirstPersonBP.upack' (chunk index -1, root 'root:/') mounted
[2026.04.20-22.15.51:913][  0]LogShaderLibrary: Display: ShaderCodeLibraryPakFileMountedCallback: pending pak file info (ChunkID:-1 Root:root:/ File:C:/Program Files/Epic Games/UE_4.27/FeaturePacks/FP_FirstPersonBP.upack)
[2026.04.20-22.15.51:913][  0]LogPakFile: OnPakFileMounted2Time == 0.000035
[2026.04.20-22.15.51:915][  0]LogPakFile: PakFile PrimaryIndexSize=191
[2026.04.20-22.15.51:915][  0]LogPakFile: PakFile PathHashIndexSize=101
[2026.04.20-22.15.51:915][  0]LogPakFile: PakFile FullDirectoryIndexSize=160
[2026.04.20-22.15.51:915][  0]LogShaderLibrary: Display: ShaderCodeLibraryPakFileMountedCallback: PakFile 'C:/Program Files/Epic Games/UE_4.27/FeaturePacks/MobileStarterContent.upack' (chunk index -1, root 'root:/') mounted
[2026.04.20-22.15.51:915][  0]LogShaderLibrary: Display: ShaderCodeLibraryPakFileMountedCallback: pending pak file info (ChunkID:-1 Root:root:/ File:C:/Program Files/Epic Games/UE_4.27/FeaturePacks/MobileStarterContent.upack)
[2026.04.20-22.15.51:915][  0]LogPakFile: OnPakFileMounted2Time == 0.000028
[2026.04.20-22.15.51:917][  0]LogPakFile: PakFile PrimaryIndexSize=185
[2026.04.20-22.15.51:917][  0]LogPakFile: PakFile PathHashIndexSize=101
[2026.04.20-22.15.51:917][  0]LogPakFile: PakFile FullDirectoryIndexSize=148
[2026.04.20-22.15.51:917][  0]LogShaderLibrary: Display: ShaderCodeLibraryPakFileMountedCallback: PakFile 'C:/Program Files/Epic Games/UE_4.27/FeaturePacks/StarterContent.upack' (chunk index -1, root 'root:/') mounted
[2026.04.20-22.15.51:917][  0]LogShaderLibrary: Display: ShaderCodeLibraryPakFileMountedCallback: pending pak file info (ChunkID:-1 Root:root:/ File:C:/Program Files/Epic Games/UE_4.27/FeaturePacks/StarterContent.upack)
[2026.04.20-22.15.51:917][  0]LogPakFile: OnPakFileMounted2Time == 0.000069
[2026.04.20-22.15.51:918][  0]LogPakFile: PakFile PrimaryIndexSize=190
[2026.04.20-22.15.51:918][  0]LogPakFile: PakFile PathHashIndexSize=101
[2026.04.20-22.15.51:918][  0]LogPakFile: PakFile FullDirectoryIndexSize=154
[2026.04.20-22.15.51:918][  0]LogShaderLibrary: Display: ShaderCodeLibraryPakFileMountedCallback: PakFile 'C:/Program Files/Epic Games/UE_4.27/FeaturePacks/TP_2DSideScroller.upack' (chunk index -1, root 'root:/') mounted
[2026.04.20-22.15.51:918][  0]LogShaderLibrary: Display: ShaderCodeLibraryPakFileMountedCallback: pending pak file info (ChunkID:-1 Root:root:/ File:C:/Program Files/Epic Games/UE_4.27/FeaturePacks/TP_2DSideScroller.upack)
[2026.04.20-22.15.51:918][  0]LogPakFile: OnPakFileMounted2Time == 0.000027
[2026.04.20-22.15.51:920][  0]LogPakFile: PakFile PrimaryIndexSize=192
[2026.04.20-22.15.51:920][  0]LogPakFile: PakFile PathHashIndexSize=101
[2026.04.20-22.15.51:920][  0]LogPakFile: PakFile FullDirectoryIndexSize=158
[2026.04.20-22.15.51:920][  0]LogShaderLibrary: Display: ShaderCodeLibraryPakFileMountedCallback: PakFile 'C:/Program Files/Epic Games/UE_4.27/FeaturePacks/TP_2DSideScrollerBP.upack' (chunk index -1, root 'root:/') mounted
[2026.04.20-22.15.51:920][  0]LogShaderLibrary: Display: ShaderCodeLibraryPakFileMountedCallback: pending pak file info (ChunkID:-1 Root:root:/ File:C:/Program Files/Epic Games/UE_4.27/FeaturePacks/TP_2DSideScrollerBP.upack)
[2026.04.20-22.15.51:920][  0]LogPakFile: OnPakFileMounted2Time == 0.000026
[2026.04.20-22.15.51:921][  0]LogPakFile: PakFile PrimaryIndexSize=182
[2026.04.20-22.15.51:921][  0]LogPakFile: PakFile PathHashIndexSize=101
[2026.04.20-22.15.51:921][  0]LogPakFile: PakFile FullDirectoryIndexSize=138
[2026.04.20-22.15.51:921][  0]LogShaderLibrary: Display: ShaderCodeLibraryPakFileMountedCallback: PakFile 'C:/Program Files/Epic Games/UE_4.27/FeaturePacks/TP_Flying.upack' (chunk index -1, root 'root:/') mounted
[2026.04.20-22.15.51:921][  0]LogShaderLibrary: Display: ShaderCodeLibraryPakFileMountedCallback: pending pak file info (ChunkID:-1 Root:root:/ File:C:/Program Files/Epic Games/UE_4.27/FeaturePacks/TP_Flying.upack)
[2026.04.20-22.15.51:921][  0]LogPakFile: OnPakFileMounted2Time == 0.000037
[2026.04.20-22.15.51:922][  0]LogPakFile: PakFile PrimaryIndexSize=184
[2026.04.20-22.15.51:922][  0]LogPakFile: PakFile PathHashIndexSize=101
[2026.04.20-22.15.51:922][  0]LogPakFile: PakFile FullDirectoryIndexSize=142
[2026.04.20-22.15.51:922][  0]LogShaderLibrary: Display: ShaderCodeLibraryPakFileMountedCallback: PakFile 'C:/Program Files/Epic Games/UE_4.27/FeaturePacks/TP_FlyingBP.upack' (chunk index -1, root 'root:/') mounted
[2026.04.20-22.15.51:922][  0]LogShaderLibrary: Display: ShaderCodeLibraryPakFileMountedCallback: pending pak file info (ChunkID:-1 Root:root:/ File:C:/Program Files/Epic Games/UE_4.27/FeaturePacks/TP_FlyingBP.upack)
[2026.04.20-22.15.51:922][  0]LogPakFile: OnPakFileMounted2Time == 0.000091
[2026.04.20-22.15.51:923][  0]LogPakFile: PakFile PrimaryIndexSize=188
[2026.04.20-22.15.51:923][  0]LogPakFile: PakFile PathHashIndexSize=101
[2026.04.20-22.15.51:923][  0]LogPakFile: PakFile FullDirectoryIndexSize=150
[2026.04.20-22.15.51:923][  0]LogShaderLibrary: Display: ShaderCodeLibraryPakFileMountedCallback: PakFile 'C:/Program Files/Epic Games/UE_4.27/FeaturePacks/TP_HandheldARBP.upack' (chunk index -1, root 'root:/') mounted
[2026.04.20-22.15.51:923][  0]LogShaderLibrary: Display: ShaderCodeLibraryPakFileMountedCallback: pending pak file info (ChunkID:-1 Root:root:/ File:C:/Program Files/Epic Games/UE_4.27/FeaturePacks/TP_HandheldARBP.upack)
[2026.04.20-22.15.51:923][  0]LogPakFile: OnPakFileMounted2Time == 0.000027
[2026.04.20-22.15.51:926][  0]LogPakFile: PakFile PrimaryIndexSize=182
[2026.04.20-22.15.51:926][  0]LogPakFile: PakFile PathHashIndexSize=101
[2026.04.20-22.15.51:926][  0]LogPakFile: PakFile FullDirectoryIndexSize=138
[2026.04.20-22.15.51:926][  0]LogShaderLibrary: Display: ShaderCodeLibraryPakFileMountedCallback: PakFile 'C:/Program Files/Epic Games/UE_4.27/FeaturePacks/TP_Puzzle.upack' (chunk index -1, root 'root:/') mounted
[2026.04.20-22.15.51:926][  0]LogShaderLibrary: Display: ShaderCodeLibraryPakFileMountedCallback: pending pak file info (ChunkID:-1 Root:root:/ File:C:/Program Files/Epic Games/UE_4.27/FeaturePacks/TP_Puzzle.upack)
[2026.04.20-22.15.51:926][  0]LogPakFile: OnPakFileMounted2Time == 0.000029
[2026.04.20-22.15.51:927][  0]LogPakFile: PakFile PrimaryIndexSize=184
[2026.04.20-22.15.51:927][  0]LogPakFile: PakFile PathHashIndexSize=101
[2026.04.20-22.15.51:927][  0]LogPakFile: PakFile FullDirectoryIndexSize=142
[2026.04.20-22.15.51:927][  0]LogShaderLibrary: Display: ShaderCodeLibraryPakFileMountedCallback: PakFile 'C:/Program Files/Epic Games/UE_4.27/FeaturePacks/TP_PuzzleBP.upack' (chunk index -1, root 'root:/') mounted
[2026.04.20-22.15.51:927][  0]LogShaderLibrary: Display: ShaderCodeLibraryPakFileMountedCallback: pending pak file info (ChunkID:-1 Root:root:/ File:C:/Program Files/Epic Games/UE_4.27/FeaturePacks/TP_PuzzleBP.upack)
[2026.04.20-22.15.51:927][  0]LogPakFile: OnPakFileMounted2Time == 0.000032
[2026.04.20-22.15.51:928][  0]LogPakFile: PakFile PrimaryIndexSize=183
[2026.04.20-22.15.51:928][  0]LogPakFile: PakFile PathHashIndexSize=101
[2026.04.20-22.15.51:928][  0]LogPakFile: PakFile FullDirectoryIndexSize=140
[2026.04.20-22.15.51:928][  0]LogShaderLibrary: Display: ShaderCodeLibraryPakFileMountedCallback: PakFile 'C:/Program Files/Epic Games/UE_4.27/FeaturePacks/TP_Rolling.upack' (chunk index -1, root 'root:/') mounted
[2026.04.20-22.15.51:928][  0]LogShaderLibrary: Display: ShaderCodeLibraryPakFileMountedCallback: pending pak file info (ChunkID:-1 Root:root:/ File:C:/Program Files/Epic Games/UE_4.27/FeaturePacks/TP_Rolling.upack)
[2026.04.20-22.15.51:928][  0]LogPakFile: OnPakFileMounted2Time == 0.000028
[2026.04.20-22.15.51:930][  0]LogPakFile: PakFile PrimaryIndexSize=185
[2026.04.20-22.15.51:930][  0]LogPakFile: PakFile PathHashIndexSize=101
[2026.04.20-22.15.51:930][  0]LogPakFile: PakFile FullDirectoryIndexSize=144
[2026.04.20-22.15.51:930][  0]LogShaderLibrary: Display: ShaderCodeLibraryPakFileMountedCallback: PakFile 'C:/Program Files/Epic Games/UE_4.27/FeaturePacks/TP_RollingBP.upack' (chunk index -1, root 'root:/') mounted
[2026.04.20-22.15.51:930][  0]LogShaderLibrary: Display: ShaderCodeLibraryPakFileMountedCallback: pending pak file info (ChunkID:-1 Root:root:/ File:C:/Program Files/Epic Games/UE_4.27/FeaturePacks/TP_RollingBP.upack)
[2026.04.20-22.15.51:930][  0]LogPakFile: OnPakFileMounted2Time == 0.000028
[2026.04.20-22.15.51:931][  0]LogPakFile: PakFile PrimaryIndexSize=188
[2026.04.20-22.15.51:931][  0]LogPakFile: PakFile PathHashIndexSize=101
[2026.04.20-22.15.51:931][  0]LogPakFile: PakFile FullDirectoryIndexSize=150
[2026.04.20-22.15.51:931][  0]LogShaderLibrary: Display: ShaderCodeLibraryPakFileMountedCallback: PakFile 'C:/Program Files/Epic Games/UE_4.27/FeaturePacks/TP_SideScroller.upack' (chunk index -1, root 'root:/') mounted
[2026.04.20-22.15.51:931][  0]LogShaderLibrary: Display: ShaderCodeLibraryPakFileMountedCallback: pending pak file info (ChunkID:-1 Root:root:/ File:C:/Program Files/Epic Games/UE_4.27/FeaturePacks/TP_SideScroller.upack)
[2026.04.20-22.15.51:931][  0]LogPakFile: OnPakFileMounted2Time == 0.000027
[2026.04.20-22.15.51:932][  0]LogPakFile: PakFile PrimaryIndexSize=190
[2026.04.20-22.15.51:932][  0]LogPakFile: PakFile PathHashIndexSize=101
[2026.04.20-22.15.51:932][  0]LogPakFile: PakFile FullDirectoryIndexSize=154
[2026.04.20-22.15.51:932][  0]LogShaderLibrary: Display: ShaderCodeLibraryPakFileMountedCallback: PakFile 'C:/Program Files/Epic Games/UE_4.27/FeaturePacks/TP_SideScrollerBP.upack' (chunk index -1, root 'root:/') mounted
[2026.04.20-22.15.51:932][  0]LogShaderLibrary: Display: ShaderCodeLibraryPakFileMountedCallback: pending pak file info (ChunkID:-1 Root:root:/ File:C:/Program Files/Epic Games/UE_4.27/FeaturePacks/TP_SideScrollerBP.upack)
[2026.04.20-22.15.51:932][  0]LogPakFile: OnPakFileMounted2Time == 0.000030
[2026.04.20-22.15.51:934][  0]LogPakFile: PakFile PrimaryIndexSize=187
[2026.04.20-22.15.51:934][  0]LogPakFile: PakFile PathHashIndexSize=101
[2026.04.20-22.15.51:934][  0]LogPakFile: PakFile FullDirectoryIndexSize=148
[2026.04.20-22.15.51:934][  0]LogShaderLibrary: Display: ShaderCodeLibraryPakFileMountedCallback: PakFile 'C:/Program Files/Epic Games/UE_4.27/FeaturePacks/TP_ThirdPerson.upack' (chunk index -1, root 'root:/') mounted
[2026.04.20-22.15.51:934][  0]LogShaderLibrary: Display: ShaderCodeLibraryPakFileMountedCallback: pending pak file info (ChunkID:-1 Root:root:/ File:C:/Program Files/Epic Games/UE_4.27/FeaturePacks/TP_ThirdPerson.upack)
[2026.04.20-22.15.51:934][  0]LogPakFile: OnPakFileMounted2Time == 0.000041
[2026.04.20-22.15.51:935][  0]LogPakFile: PakFile PrimaryIndexSize=189
[2026.04.20-22.15.51:935][  0]LogPakFile: PakFile PathHashIndexSize=101
[2026.04.20-22.15.51:935][  0]LogPakFile: PakFile FullDirectoryIndexSize=152
[2026.04.20-22.15.51:935][  0]LogShaderLibrary: Display: ShaderCodeLibraryPakFileMountedCallback: PakFile 'C:/Program Files/Epic Games/UE_4.27/FeaturePacks/TP_ThirdPersonBP.upack' (chunk index -1, root 'root:/') mounted
[2026.04.20-22.15.51:935][  0]LogShaderLibrary: Display: ShaderCodeLibraryPakFileMountedCallback: pending pak file info (ChunkID:-1 Root:root:/ File:C:/Program Files/Epic Games/UE_4.27/FeaturePacks/TP_ThirdPersonBP.upack)
[2026.04.20-22.15.51:935][  0]LogPakFile: OnPakFileMounted2Time == 0.000029
[2026.04.20-22.15.51:937][  0]LogPakFile: PakFile PrimaryIndexSize=183
[2026.04.20-22.15.51:937][  0]LogPakFile: PakFile PathHashIndexSize=101
[2026.04.20-22.15.51:937][  0]LogPakFile: PakFile FullDirectoryIndexSize=140
[2026.04.20-22.15.51:937][  0]LogShaderLibrary: Display: ShaderCodeLibraryPakFileMountedCallback: PakFile 'C:/Program Files/Epic Games/UE_4.27/FeaturePacks/TP_TopDown.upack' (chunk index -1, root 'root:/') mounted
[2026.04.20-22.15.51:937][  0]LogShaderLibrary: Display: ShaderCodeLibraryPakFileMountedCallback: pending pak file info (ChunkID:-1 Root:root:/ File:C:/Program Files/Epic Games/UE_4.27/FeaturePacks/TP_TopDown.upack)
[2026.04.20-22.15.51:937][  0]LogPakFile: OnPakFileMounted2Time == 0.000036
[2026.04.20-22.15.51:938][  0]LogPakFile: PakFile PrimaryIndexSize=185
[2026.04.20-22.15.51:938][  0]LogPakFile: PakFile PathHashIndexSize=101
[2026.04.20-22.15.51:938][  0]LogPakFile: PakFile FullDirectoryIndexSize=144
[2026.04.20-22.15.51:938][  0]LogShaderLibrary: Display: ShaderCodeLibraryPakFileMountedCallback: PakFile 'C:/Program Files/Epic Games/UE_4.27/FeaturePacks/TP_TopDownBP.upack' (chunk index -1, root 'root:/') mounted
[2026.04.20-22.15.51:938][  0]LogShaderLibrary: Display: ShaderCodeLibraryPakFileMountedCallback: pending pak file info (ChunkID:-1 Root:root:/ File:C:/Program Files/Epic Games/UE_4.27/FeaturePacks/TP_TopDownBP.upack)
[2026.04.20-22.15.51:938][  0]LogPakFile: OnPakFileMounted2Time == 0.000028
[2026.04.20-22.15.51:939][  0]LogPakFile: PakFile PrimaryIndexSize=185
[2026.04.20-22.15.51:939][  0]LogPakFile: PakFile PathHashIndexSize=101
[2026.04.20-22.15.51:939][  0]LogPakFile: PakFile FullDirectoryIndexSize=144
[2026.04.20-22.15.51:939][  0]LogShaderLibrary: Display: ShaderCodeLibraryPakFileMountedCallback: PakFile 'C:/Program Files/Epic Games/UE_4.27/FeaturePacks/TP_TwinStick.upack' (chunk index -1, root 'root:/') mounted
[2026.04.20-22.15.51:939][  0]LogShaderLibrary: Display: ShaderCodeLibraryPakFileMountedCallback: pending pak file info (ChunkID:-1 Root:root:/ File:C:/Program Files/Epic Games/UE_4.27/FeaturePacks/TP_TwinStick.upack)
[2026.04.20-22.15.51:939][  0]LogPakFile: OnPakFileMounted2Time == 0.000027
[2026.04.20-22.15.51:940][  0]LogPakFile: PakFile PrimaryIndexSize=187
[2026.04.20-22.15.51:940][  0]LogPakFile: PakFile PathHashIndexSize=101
[2026.04.20-22.15.51:940][  0]LogPakFile: PakFile FullDirectoryIndexSize=148
[2026.04.20-22.15.51:940][  0]LogShaderLibrary: Display: ShaderCodeLibraryPakFileMountedCallback: PakFile 'C:/Program Files/Epic Games/UE_4.27/FeaturePacks/TP_TwinStickBP.upack' (chunk index -1, root 'root:/') mounted
[2026.04.20-22.15.51:940][  0]LogShaderLibrary: Display: ShaderCodeLibraryPakFileMountedCallback: pending pak file info (ChunkID:-1 Root:root:/ File:C:/Program Files/Epic Games/UE_4.27/FeaturePacks/TP_TwinStickBP.upack)
[2026.04.20-22.15.51:940][  0]LogPakFile: OnPakFileMounted2Time == 0.000027
[2026.04.20-22.15.51:942][  0]LogPakFile: PakFile PrimaryIndexSize=183
[2026.04.20-22.15.51:942][  0]LogPakFile: PakFile PathHashIndexSize=101
[2026.04.20-22.15.51:942][  0]LogPakFile: PakFile FullDirectoryIndexSize=140
[2026.04.20-22.15.51:942][  0]LogShaderLibrary: Display: ShaderCodeLibraryPakFileMountedCallback: PakFile 'C:/Program Files/Epic Games/UE_4.27/FeaturePacks/TP_Vehicle.upack' (chunk index -1, root 'root:/') mounted
[2026.04.20-22.15.51:942][  0]LogShaderLibrary: Display: ShaderCodeLibraryPakFileMountedCallback: pending pak file info (ChunkID:-1 Root:root:/ File:C:/Program Files/Epic Games/UE_4.27/FeaturePacks/TP_Vehicle.upack)
[2026.04.20-22.15.51:942][  0]LogPakFile: OnPakFileMounted2Time == 0.000029
[2026.04.20-22.15.51:944][  0]LogPakFile: PakFile PrimaryIndexSize=186
[2026.04.20-22.15.51:944][  0]LogPakFile: PakFile PathHashIndexSize=101
[2026.04.20-22.15.51:944][  0]LogPakFile: PakFile FullDirectoryIndexSize=146
[2026.04.20-22.15.51:944][  0]LogShaderLibrary: Display: ShaderCodeLibraryPakFileMountedCallback: PakFile 'C:/Program Files/Epic Games/UE_4.27/FeaturePacks/TP_VehicleAdv.upack' (chunk index -1, root 'root:/') mounted
[2026.04.20-22.15.51:944][  0]LogShaderLibrary: Display: ShaderCodeLibraryPakFileMountedCallback: pending pak file info (ChunkID:-1 Root:root:/ File:C:/Program Files/Epic Games/UE_4.27/FeaturePacks/TP_VehicleAdv.upack)
[2026.04.20-22.15.51:944][  0]LogPakFile: OnPakFileMounted2Time == 0.000030
[2026.04.20-22.15.51:945][  0]LogPakFile: PakFile PrimaryIndexSize=188
[2026.04.20-22.15.51:945][  0]LogPakFile: PakFile PathHashIndexSize=101
[2026.04.20-22.15.51:945][  0]LogPakFile: PakFile FullDirectoryIndexSize=150
[2026.04.20-22.15.51:945][  0]LogShaderLibrary: Display: ShaderCodeLibraryPakFileMountedCallback: PakFile 'C:/Program Files/Epic Games/UE_4.27/FeaturePacks/TP_VehicleAdvBP.upack' (chunk index -1, root 'root:/') mounted
[2026.04.20-22.15.51:945][  0]LogShaderLibrary: Display: ShaderCodeLibraryPakFileMountedCallback: pending pak file info (ChunkID:-1 Root:root:/ File:C:/Program Files/Epic Games/UE_4.27/FeaturePacks/TP_VehicleAdvBP.upack)
[2026.04.20-22.15.51:945][  0]LogPakFile: OnPakFileMounted2Time == 0.000028
[2026.04.20-22.15.51:947][  0]LogPakFile: PakFile PrimaryIndexSize=185
[2026.04.20-22.15.51:947][  0]LogPakFile: PakFile PathHashIndexSize=101
[2026.04.20-22.15.51:947][  0]LogPakFile: PakFile FullDirectoryIndexSize=144
[2026.04.20-22.15.51:947][  0]LogShaderLibrary: Display: ShaderCodeLibraryPakFileMountedCallback: PakFile 'C:/Program Files/Epic Games/UE_4.27/FeaturePacks/TP_VehicleBP.upack' (chunk index -1, root 'root:/') mounted
[2026.04.20-22.15.51:947][  0]LogShaderLibrary: Display: ShaderCodeLibraryPakFileMountedCallback: pending pak file info (ChunkID:-1 Root:root:/ File:C:/Program Files/Epic Games/UE_4.27/FeaturePacks/TP_VehicleBP.upack)
[2026.04.20-22.15.51:947][  0]LogPakFile: OnPakFileMounted2Time == 0.000029
[2026.04.20-22.15.51:948][  0]LogPakFile: PakFile PrimaryIndexSize=192
[2026.04.20-22.15.51:948][  0]LogPakFile: PakFile PathHashIndexSize=101
[2026.04.20-22.15.51:948][  0]LogPakFile: PakFile FullDirectoryIndexSize=158
[2026.04.20-22.15.51:948][  0]LogShaderLibrary: Display: ShaderCodeLibraryPakFileMountedCallback: PakFile 'C:/Program Files/Epic Games/UE_4.27/FeaturePacks/TP_VirtualRealityBP.upack' (chunk index -1, root 'root:/') mounted
[2026.04.20-22.15.51:948][  0]LogShaderLibrary: Display: ShaderCodeLibraryPakFileMountedCallback: pending pak file info (ChunkID:-1 Root:root:/ File:C:/Program Files/Epic Games/UE_4.27/FeaturePacks/TP_VirtualRealityBP.upack)
[2026.04.20-22.15.51:948][  0]LogPakFile: OnPakFileMounted2Time == 0.000028
[2026.04.20-22.15.52:051][  0]LogNativeClassHierarchy: Verbose: Native class hierarchy updated for 'AddContentDialog' in 0.0002 seconds. Added 0 classes and 0 folders.
[2026.04.20-22.15.52:105][  0]LogLoad: (Engine Initialization) Total time: 12.33 seconds
[2026.04.20-22.15.52:105][  0]LogLoad: (Engine Initialization) Total Blueprint compile time: 0.00 seconds
[2026.04.20-22.15.52:172][  0]LogAssetRegistry: Asset discovery search completed in 8.5501 seconds
[2026.04.20-22.15.52:284][  0]LogFMOD: Display: Loaded bank lookup
[2026.04.20-22.15.52:284][  0]LogFMOD: Error: Failed to load asset lookup
[2026.04.20-22.15.52:295][  0]LogFMOD: Default sample rate = 48000
[2026.04.20-22.15.52:295][  0]LogFMOD: System sample rate = 48000
[2026.04.20-22.15.52:295][  0]LogFMOD: Matching system sample rate 48000
[2026.04.20-22.15.52:323][  0]LogFMOD: Warning: Master bank (Master.bank) not found.
[2026.04.20-22.15.52:484][  0]LogFMOD: Default sample rate = 48000
[2026.04.20-22.15.52:484][  0]LogFMOD: System sample rate = 48000
[2026.04.20-22.15.52:484][  0]LogFMOD: Matching system sample rate 48000
[2026.04.20-22.15.52:496][  0]LogFMOD: Warning: Master bank (Master.bank) not found.
[2026.04.20-22.15.52:536][  0]LogFMOD: Warning: Problem loading FMOD Bank: Could not find master bank (Master.bank). Check project settings.
[2026.04.20-22.15.52:547][  0]LogFMOD: Display: Loaded bank lookup
[2026.04.20-22.15.52:547][  0]LogFMOD: Error: Failed to load asset lookup
[2026.04.20-22.15.52:548][  0]LogCollectionManager: Fixed up redirectors for 0 collections in 0.000004 seconds (updated 0 objects)
[2026.04.20-22.15.52:548][  0]LogContentStreaming: Texture pool size now 400 MB
[2026.04.20-22.15.52:558][  0]LogSlate: Took 0.000222 seconds to synchronously load lazily loaded font '../../../Engine/Content/Slate/Fonts/Roboto-Regular.ttf' (155K)
[2026.04.20-22.15.52:559][  0]LogSlate: Took 0.000736 seconds to synchronously load lazily loaded font '../../../Engine/Content/Editor/Slate/Fonts/FontAwesome.ttf' (139K)
[2026.04.20-22.15.52:561][  0]LogSlate: Took 0.000236 seconds to synchronously load lazily loaded font '../../../Engine/Content/Slate/Fonts/Roboto-Bold.ttf' (160K)
[2026.04.20-22.15.53:116][  0]LogRenderer: Reallocating scene render targets to support 1364x888 Format 9 NumSamples 1 (Frame:1).
[2026.04.20-22.15.53:116][  0]LogSlate: Took 0.001021 seconds to synchronously load lazily loaded font '../../../Engine/Content/Slate/Fonts/Roboto-Light.ttf' (167K)
[2026.04.20-22.16.05:380][142]AnimBlueprintLog: Warning: SLOTNODE: 'AirZip' in animation instance class SpiderMan_AnimBP_C already exists. Remove duplicates from the animation graph for this class.
[2026.04.20-22.16.05:380][142]AnimBlueprintLog: Warning: SLOTNODE: 'AirZip' in animation instance class SpiderMan_AnimBP_C already exists. Remove duplicates from the animation graph for this class.
[2026.04.20-22.16.17:347][377]LogSlate: Took 0.000214 seconds to synchronously load lazily loaded font '../../../Engine/Content/Slate/Fonts/Roboto-Light.ttf' (167K)
[2026.04.20-22.16.17:365][377]LogAssetEditorSubsystem: Opening Asset editor for AnimSequence /Game/Flying_Kick__2__Anim_mixamo_com.Flying_Kick__2__Anim_mixamo_com
[2026.04.20-22.16.17:513][377]LogNativeClassHierarchy: Verbose: Native class hierarchy updated for 'SkeletonEditor' in 0.0003 seconds. Added 1 classes and 2 folders.
[2026.04.20-22.16.17:522][377]LogTexture: Default maximum texture size for cubemaps generated from long-lat sources has been changed from 512 to unlimited. In order to preserve old behaiour for '/Engine/EditorMaterials/AssetViewer/EpicQuadPanorama_CC+EV1.EpicQuadPanorama_CC+EV1', its maximum texture size has been explicitly set to 512.
[2026.04.20-22.16.17:626][377]LogTexture: Default maximum texture size for cubemaps generated from long-lat sources has been changed from 512 to unlimited. In order to preserve old behaiour for '/Engine/MapTemplates/Sky/SunsetAmbientCubemap.SunsetAmbientCubemap', its maximum texture size has been explicitly set to 512.
[2026.04.20-22.16.17:713][377]LogActorComponent: RegisterComponentWithWorld: (/Engine/Transient.World_2:PersistentLevel.AnimationEditorPreviewActor_0.DebugSkelMeshComponent_0) Already registered. Aborting.
[2026.04.20-22.16.17:716][377]LogNativeClassHierarchy: Verbose: Native class hierarchy updated for 'PinnedCommandList' in 0.0003 seconds. Added 1 classes and 0 folders.
[2026.04.20-22.16.18:131][377]LogContentBrowser: Verbose: The majority of assets in the view are of type: AnimSequence
[2026.04.20-22.16.20:259][563]LogActorComponent: RegisterComponentWithWorld: (/Engine/Transient.World_2:PersistentLevel.AnimationEditorPreviewActor_0.DebugSkelMeshComponent_0) Already registered. Aborting.
[2026.04.20-22.17.06:594][246]LogSlate: Window 'FBX Export Options' being destroyed
[2026.04.20-22.17.06:631][246]LogFbx: Warning: FBX version number for this version of the FBX SDK is 7.7.0


[2026.04.20-22.17.16:091][875]LogSavePackage: Moving '../../../../../../Users/Yatharth Padharia/Downloads/SpiderMan Traversal Project/SpiderMan Traversal Project_Portfolio/Saved/Flying_Kick__2__Anim_mixamo_com46A36E7D43F65EA224DFC0B6E4A36638.tmp' to '../../../../../../Users/Yatharth Padharia/Downloads/SpiderMan Traversal Project/SpiderMan Traversal Project_Portfolio/Content/Flying_Kick__2__Anim_mixamo_com.uasset'
[2026.04.20-22.17.16:105][875]AssetCheck: New page: Asset Save: Flying_Kick__2__Anim_mixamo_com
[2026.04.20-22.17.16:105][875]LogContentValidation: Display: Validating AnimSequence /Game/Flying_Kick__2__Anim_mixamo_com.Flying_Kick__2__Anim_mixamo_com
[2026.04.20-22.17.16:610][924]LogSlate: Window 'Flying_Kick__2__Anim_mixamo_com' being destroyed
[2026.04.20-22.17.16:617][924]LogWorld: UWorld::CleanupWorld for World_2, bSessionEnded=true, bCleanupResources=true
[2026.04.20-22.17.16:617][924]LogSlate: InvalidateAllWidgets triggered.  All widgets were invalidated
[2026.04.20-22.17.16:690][924]LogWorld: UWorld::CleanupWorld for World_3, bSessionEnded=true, bCleanupResources=true
[2026.04.20-22.17.16:690][924]LogSlate: InvalidateAllWidgets triggered.  All widgets were invalidated
[2026.04.20-22.17.19:820][106]LogFactory: FactoryCreateFile: StaticMesh with FbxFactory (0 0 ../../../../../../Users/Yatharth Padharia/Downloads/Flying Kicker.fbx)
[2026.04.20-22.17.19:833][106]LogFbx: Loading FBX Scene from ../../../../../../Users/Yatharth Padharia/Downloads/Flying Kicker.fbx
[2026.04.20-22.17.19:862][106]LogFbx: FBX Scene Loaded Succesfully
[2026.04.20-22.17.26:001][106]LogSlate: Window 'FBX Import Options' being destroyed
[2026.04.20-22.17.26:036][106]LogFbx: SortedLinks :(0) root
[2026.04.20-22.17.26:036][106]LogFbx: SortedLinks :(1) pelvis
[2026.04.20-22.17.26:036][106]LogFbx: SortedLinks :(2) spine_01
[2026.04.20-22.17.26:036][106]LogFbx: SortedLinks :(3) spine_02
[2026.04.20-22.17.26:036][106]LogFbx: SortedLinks :(4) spine_03
[2026.04.20-22.17.26:036][106]LogFbx: SortedLinks :(5) clavicle_l
[2026.04.20-22.17.26:036][106]LogFbx: SortedLinks :(6) upperarm_l
[2026.04.20-22.17.26:036][106]LogFbx: SortedLinks :(7) lowerarm_l
[2026.04.20-22.17.26:036][106]LogFbx: SortedLinks :(8) hand_l
[2026.04.20-22.17.26:036][106]LogFbx: SortedLinks :(9) index_01_l
[2026.04.20-22.17.26:036][106]LogFbx: SortedLinks :(10) index_02_l
[2026.04.20-22.17.26:036][106]LogFbx: SortedLinks :(11) index_03_l
[2026.04.20-22.17.26:036][106]LogFbx: SortedLinks :(12) middle_01_l
[2026.04.20-22.17.26:036][106]LogFbx: SortedLinks :(13) middle_02_l
[2026.04.20-22.17.26:036][106]LogFbx: SortedLinks :(14) middle_03_l
[2026.04.20-22.17.26:036][106]LogFbx: SortedLinks :(15) pinky_01_l
[2026.04.20-22.17.26:036][106]LogFbx: SortedLinks :(16) pinky_02_l
[2026.04.20-22.17.26:036][106]LogFbx: SortedLinks :(17) pinky_03_l
[2026.04.20-22.17.26:036][106]LogFbx: SortedLinks :(18) ring_01_l
[2026.04.20-22.17.26:036][106]LogFbx: SortedLinks :(19) ring_02_l
[2026.04.20-22.17.26:036][106]LogFbx: SortedLinks :(20) ring_03_l
[2026.04.20-22.17.26:036][106]LogFbx: SortedLinks :(21) thumb_01_l
[2026.04.20-22.17.26:036][106]LogFbx: SortedLinks :(22) thumb_02_l
[2026.04.20-22.17.26:036][106]LogFbx: SortedLinks :(23) thumb_03_l
[2026.04.20-22.17.26:036][106]LogFbx: SortedLinks :(24) lowerarm_twist_01_l
[2026.04.20-22.17.26:036][106]LogFbx: SortedLinks :(25) upperarm_twist_01_l
[2026.04.20-22.17.26:036][106]LogFbx: SortedLinks :(26) clavicle_r
[2026.04.20-22.17.26:036][106]LogFbx: SortedLinks :(27) upperarm_r
[2026.04.20-22.17.26:036][106]LogFbx: SortedLinks :(28) lowerarm_r
[2026.04.20-22.17.26:036][106]LogFbx: SortedLinks :(29) hand_r
[2026.04.20-22.17.26:036][106]LogFbx: SortedLinks :(30) index_01_r
[2026.04.20-22.17.26:036][106]LogFbx: SortedLinks :(31) index_02_r
[2026.04.20-22.17.26:036][106]LogFbx: SortedLinks :(32) index_03_r
[2026.04.20-22.17.26:036][106]LogFbx: SortedLinks :(33) middle_01_r
[2026.04.20-22.17.26:036][106]LogFbx: SortedLinks :(34) middle_02_r
[2026.04.20-22.17.26:036][106]LogFbx: SortedLinks :(35) middle_03_r
[2026.04.20-22.17.26:036][106]LogFbx: SortedLinks :(36) pinky_01_r
[2026.04.20-22.17.26:036][106]LogFbx: SortedLinks :(37) pinky_02_r
[2026.04.20-22.17.26:036][106]LogFbx: SortedLinks :(38) pinky_03_r
[2026.04.20-22.17.26:036][106]LogFbx: SortedLinks :(39) ring_01_r
[2026.04.20-22.17.26:036][106]LogFbx: SortedLinks :(40) ring_02_r
[2026.04.20-22.17.26:036][106]LogFbx: SortedLinks :(41) ring_03_r
[2026.04.20-22.17.26:036][106]LogFbx: SortedLinks :(42) thumb_01_r
[2026.04.20-22.17.26:036][106]LogFbx: SortedLinks :(43) thumb_02_r
[2026.04.20-22.17.26:036][106]LogFbx: SortedLinks :(44) thumb_03_r
[2026.04.20-22.17.26:036][106]LogFbx: SortedLinks :(45) lowerarm_twist_01_r
[2026.04.20-22.17.26:036][106]LogFbx: SortedLinks :(46) upperarm_twist_01_r
[2026.04.20-22.17.26:036][106]LogFbx: SortedLinks :(47) neck_01
[2026.04.20-22.17.26:036][106]LogFbx: SortedLinks :(48) head
[2026.04.20-22.17.26:036][106]LogFbx: SortedLinks :(49) thigh_l
[2026.04.20-22.17.26:036][106]LogFbx: SortedLinks :(50) calf_l
[2026.04.20-22.17.26:036][106]LogFbx: SortedLinks :(51) calf_twist_01_l
[2026.04.20-22.17.26:037][106]LogFbx: SortedLinks :(52) foot_l
[2026.04.20-22.17.26:037][106]LogFbx: SortedLinks :(53) ball_l
[2026.04.20-22.17.26:037][106]LogFbx: SortedLinks :(54) thigh_twist_01_l
[2026.04.20-22.17.26:037][106]LogFbx: SortedLinks :(55) thigh_r
[2026.04.20-22.17.26:037][106]LogFbx: SortedLinks :(56) calf_r
[2026.04.20-22.17.26:037][106]LogFbx: SortedLinks :(57) calf_twist_01_r
[2026.04.20-22.17.26:037][106]LogFbx: SortedLinks :(58) foot_r
[2026.04.20-22.17.26:037][106]LogFbx: SortedLinks :(59) ball_r
[2026.04.20-22.17.26:037][106]LogFbx: SortedLinks :(60) thigh_twist_01_r
[2026.04.20-22.17.26:037][106]LogFbx: SortedLinks :(61) ik_foot_root
[2026.04.20-22.17.26:037][106]LogFbx: SortedLinks :(62) ik_foot_l
[2026.04.20-22.17.26:037][106]LogFbx: SortedLinks :(63) ik_foot_r
[2026.04.20-22.17.26:037][106]LogFbx: SortedLinks :(64) ik_hand_root
[2026.04.20-22.17.26:037][106]LogFbx: SortedLinks :(65) ik_hand_gun
[2026.04.20-22.17.26:037][106]LogFbx: SortedLinks :(66) ik_hand_l
[2026.04.20-22.17.26:037][106]LogFbx: SortedLinks :(67) ik_hand_r
[2026.04.20-22.17.26:039][106]LogFbx: Parsing AnimStack Unreal Take
[2026.04.20-22.17.26:040][106]LogFbx: CurveName : blendOrient1
[2026.04.20-22.17.26:040][106]LogFbx: CurveName(blendOrient1) is skipped because it only contains invalid values.
[2026.04.20-22.17.26:040][106]LogFbx: CurveName : blendParent1
[2026.04.20-22.17.26:040][106]LogFbx: CurveName(blendParent1) is skipped because it only contains invalid values.
[2026.04.20-22.17.26:063][106]LogAnimationCompression: Building Anim DDC data for AnimSequence /Game/Flying_Kicker.Flying_Kicker
[2026.04.20-22.17.26:063][106]AnimBlueprintLog: Warning: SLOTNODE: 'AirZip' in animation instance class SpiderMan_AnimBP_C already exists. Remove duplicates from the animation graph for this class.
[2026.04.20-22.17.26:063][106]AnimBlueprintLog: Warning: SLOTNODE: 'AirZip' in animation instance class SpiderMan_AnimBP_C already exists. Remove duplicates from the animation graph for this class.
[2026.04.20-22.17.26:078][106]FBXImport: Warning: The following bones exist in the imported animation, but not in the Skeleton asset SpiderMan_Skeleton.  Any animation on these bones will not be imported: 

 lowerarm_twist_01_l  
upperarm_twist_01_l  
lowerarm_twist_01_r  
upperarm_twist_01_r  
calf_twist_01_l  
thigh_twist_01_l  
calf_twist_01_r  
thigh_twist_01_r  
ik_foot_root  
ik_foot_l  
ik_foot_r  
ik_hand_root  
ik_hand_gun  
ik_hand_l  
ik_hand_r  
 
[2026.04.20-22.17.26:136][106]LogAnimationCompression: Building Anim DDC data for AnimSequence /Game/Flying_Kicker.Flying_Kicker
[2026.04.20-22.17.26:171][106]LogSlate: Took 0.001083 seconds to synchronously load lazily loaded font '../../../Engine/Content/Slate/Fonts/DroidSansMono.ttf' (77K)
[2026.04.20-22.17.27:660][268]LogSlate: Window 'Message Log' being destroyed
[2026.04.20-22.17.28:546][360]LogAssetEditorSubsystem: Opening Asset editor for AnimSequence /Game/Flying_Kicker.Flying_Kicker
[2026.04.20-22.17.28:553][360]LogActorComponent: RegisterComponentWithWorld: (/Engine/Transient.World_7:PersistentLevel.AnimationEditorPreviewActor_0.DebugSkelMeshComponent_0) Already registered. Aborting.
[2026.04.20-22.17.28:817][360]LogContentBrowser: Verbose: The majority of assets in the view are of type: AnimSequence
[2026.04.20-22.17.35:885][962]LogSlate: Window 'Flying_Kicker' being destroyed
[2026.04.20-22.17.35:891][962]LogWorld: UWorld::CleanupWorld for World_7, bSessionEnded=true, bCleanupResources=true
[2026.04.20-22.17.35:891][962]LogSlate: InvalidateAllWidgets triggered.  All widgets were invalidated
[2026.04.20-22.17.35:943][962]LogWorld: UWorld::CleanupWorld for World_8, bSessionEnded=true, bCleanupResources=true
[2026.04.20-22.17.35:943][962]LogSlate: InvalidateAllWidgets triggered.  All widgets were invalidated
[2026.04.20-22.17.39:175][339]LogUObjectHash: Compacting FUObjectHashTables data took   1.00ms
[2026.04.20-22.17.40:020][339]LogSlate: Window 'Delete Assets' being destroyed
[2026.04.20-22.17.40:068][339]LogUObjectGlobals: Force Deleting 1 Package(s):
	Asset Name: /Game/Flying_Kicker.Flying_Kicker
[2026.04.20-22.17.43:198][339]LogUObjectHash: Compacting FUObjectHashTables data took   1.30ms
[2026.04.20-22.17.58:069][953]AnimBlueprintLog: Warning: SLOTNODE: 'AirZip' in animation instance class SpiderMan_AnimBP_C already exists. Remove duplicates from the animation graph for this class.
[2026.04.20-22.17.58:069][953]AnimBlueprintLog: Warning: SLOTNODE: 'AirZip' in animation instance class SpiderMan_AnimBP_C already exists. Remove duplicates from the animation graph for this class.
[2026.04.20-22.18.04:944][675]LogAssetEditorSubsystem: Opening Asset editor for Skeleton /Game/Character/Meshes/SpiderMan_Skeleton.SpiderMan_Skeleton
[2026.04.20-22.18.04:949][675]LogActorComponent: RegisterComponentWithWorld: (/Engine/Transient.World_10:PersistentLevel.AnimationEditorPreviewActor_0.DebugSkelMeshComponent_0) Already registered. Aborting.
[2026.04.20-22.18.06:168][793]LogSlate: Window 'Content Browser' being destroyed
[2026.04.20-22.18.06:175][793]LogSlate: Window 'Content Browser' being destroyed
[2026.04.20-22.18.09:481][186]LogWorld: UWorld::CleanupWorld for World_10, bSessionEnded=true, bCleanupResources=true
[2026.04.20-22.18.09:482][186]LogSlate: InvalidateAllWidgets triggered.  All widgets were invalidated
[2026.04.20-22.18.15:169][795]LogAssetEditorSubsystem: Opening Asset editor for SkeletalMesh /Game/Character/Meshes/Spidey_Lean/LeanSpiderMan.LeanSpiderMan
[2026.04.20-22.18.15:206][795]LogActorComponent: RegisterComponentWithWorld: (/Engine/Transient.World_12:PersistentLevel.AnimationEditorPreviewActor_0.DebugSkelMeshComponent_0) Already registered. Aborting.
[2026.04.20-22.18.16:840][952]LogSlate: Window 'Content Browser' being destroyed
[2026.04.20-22.18.16:847][952]LogSlate: Window 'Content Browser' being destroyed
[2026.04.20-22.18.49:646][280]LogUObjectHash: Compacting FUObjectHashTables data took   1.04ms
[2026.04.20-22.20.00:468][764]LogSlate: Window 'Asset Report' being destroyed
[2026.04.20-22.21.30:305][764]AssetTools: New page: Content migration completed successfully!
[2026.04.20-22.21.30:305][764]AssetTools: /Game/Character/Meshes/Spidey_Lean/LeanSpiderMan
[2026.04.20-22.21.30:305][764]AssetTools: /Game/Character/Meshes/Spidey_Lean/LeanSpiderMan_PhysicsAsset
[2026.04.20-22.21.30:305][764]AssetTools: /Game/Character/Meshes/SpiderMan_Skeleton
[2026.04.20-22.22.05:496][723]LogWorld: UWorld::CleanupWorld for World_12, bSessionEnded=true, bCleanupResources=true
[2026.04.20-22.22.05:496][723]LogSlate: InvalidateAllWidgets triggered.  All widgets were invalidated
[2026.04.20-22.22.14:709][512]LogUObjectHash: Compacting FUObjectHashTables data took   1.10ms
[2026.04.20-22.22.14:778][512]LogSlate: Window 'Content Browser' being destroyed
[2026.04.20-22.22.14:786][512]LogSlate: Window 'SpiderMan_Mk2 - Unreal Editor' being destroyed
[2026.04.20-22.22.14:980][513]Cmd: QUIT_EDITOR
[2026.04.20-22.22.14:980][513]LogCore: Engine exit requested (reason: UUnrealEdEngine::CloseEditor())
[2026.04.20-22.22.14:985][513]LogCore: Engine exit requested (reason: EngineExit() was called; note: exit was already requested)
[2026.04.20-22.22.14:990][513]LogAudio: Display: Beginning Audio Device Manager Shutdown (Module: AudioMixerXAudio2)...
[2026.04.20-22.22.14:990][513]LogAudio: Display: Destroying 1 Remaining Audio Device(s)...
[2026.04.20-22.22.14:990][513]LogAudio: Display: Audio Device unregistered from world 'TestCity'.
[2026.04.20-22.22.14:990][513]LogAudioMixer: FMixerPlatformXAudio2::StopAudioStream() called
[2026.04.20-22.22.14:993][513]LogAudioMixer: FMixerPlatformXAudio2::StopAudioStream() called
[2026.04.20-22.22.15:005][513]LogAudio: Display: Audio Device Manager Shutdown
[2026.04.20-22.22.15:007][513]LogWindowsTextInputMethodSystem: Display: IME system deactivated.
[2026.04.20-22.22.15:020][513]LogExit: Preparing to exit.
[2026.04.20-22.22.15:436][513]LogUObjectHash: Compacting FUObjectHashTables data took   1.44ms
[2026.04.20-22.22.15:687][513]LogWorld: UWorld::CleanupWorld for World_9, bSessionEnded=true, bCleanupResources=true
[2026.04.20-22.22.15:688][513]LogWorld: UWorld::CleanupWorld for World_13, bSessionEnded=true, bCleanupResources=true
[2026.04.20-22.22.15:689][513]LogWorld: UWorld::CleanupWorld for World_5, bSessionEnded=true, bCleanupResources=true
[2026.04.20-22.22.15:689][513]LogWorld: UWorld::CleanupWorld for World_4, bSessionEnded=true, bCleanupResources=true
[2026.04.20-22.22.15:689][513]LogWorld: UWorld::CleanupWorld for World_11, bSessionEnded=true, bCleanupResources=true
[2026.04.20-22.22.15:689][513]LogWorld: UWorld::CleanupWorld for World_0, bSessionEnded=true, bCleanupResources=true
[2026.04.20-22.22.15:689][513]LogWorld: UWorld::CleanupWorld for World_1, bSessionEnded=true, bCleanupResources=true
[2026.04.20-22.22.15:689][513]LogWorld: UWorld::CleanupWorld for World_6, bSessionEnded=true, bCleanupResources=true
[2026.04.20-22.22.15:760][513]LogDemo: Cleaned up 0 splitscreen connections with owner deletion
[2026.04.20-22.22.15:836][513]LogWorld: UWorld::CleanupWorld for None, bSessionEnded=true, bCleanupResources=true
[2026.04.20-22.22.15:975][513]LogExit: Editor shut down
[2026.04.20-22.22.15:979][513]LogExit: Transaction tracking system shut down
[2026.04.20-22.22.16:875][513]LogExit: Object subsystem successfully closed.
[2026.04.20-22.22.16:966][513]LogShaderCompilers: Display: === FShaderJobCache stats ===
[2026.04.20-22.22.16:966][513]LogShaderCompilers: Display: Total job queries 0, among them cache hits 0 (0.00%)
[2026.04.20-22.22.16:966][513]LogShaderCompilers: Display: Tracking 0 distinct input hashes that result in 0 distinct outputs (0.00%)
[2026.04.20-22.22.16:966][513]LogShaderCompilers: Display: RAM used: 0.00 MB (0.00 GB) of 819.20 MB (0.80 GB) budget. Usage: 0.00%
[2026.04.20-22.22.16:966][513]LogShaderCompilers: Display: ================================================
[2026.04.20-22.22.16:981][513]LogShaderCompilers: Display: Shaders left to compile 0
[2026.04.20-22.22.17:076][513]LogModuleManager: Shutting down and abandoning module SequencerWidgets (912)
[2026.04.20-22.22.17:076][513]LogModuleManager: Shutting down and abandoning module PinnedCommandList (910)
[2026.04.20-22.22.17:076][513]LogModuleManager: Shutting down and abandoning module SkeletonEditor (908)
[2026.04.20-22.22.17:076][513]LogModuleManager: Shutting down and abandoning module AnimationEditor (906)
[2026.04.20-22.22.17:076][513]LogModuleManager: Shutting down and abandoning module AddContentDialog (904)
[2026.04.20-22.22.17:082][513]LogModuleManager: Shutting down and abandoning module WidgetCarousel (903)
[2026.04.20-22.22.17:082][513]LogModuleManager: Shutting down and abandoning module EditorWidgets (900)
[2026.04.20-22.22.17:083][513]LogModuleManager: Shutting down and abandoning module EnvironmentLightingViewer (898)
[2026.04.20-22.22.17:083][513]LogModuleManager: Shutting down and abandoning module HierarchicalLODUtilities (894)
[2026.04.20-22.22.17:083][513]LogModuleManager: Shutting down and abandoning module HierarchicalLODOutliner (892)
[2026.04.20-22.22.17:084][513]LogModuleManager: Shutting down and abandoning module SceneOutliner (890)
[2026.04.20-22.22.17:085][513]LogModuleManager: Shutting down and abandoning module StatsViewer (888)
[2026.04.20-22.22.17:085][513]LogModuleManager: Shutting down and abandoning module PIEPreviewDeviceProfileSelector (886)
[2026.04.20-22.22.17:085][513]LogModuleManager: Shutting down and abandoning module SequenceRecorderSections (884)
[2026.04.20-22.22.17:085][513]LogModuleManager: Shutting down and abandoning module AutomationWorker (882)
[2026.04.20-22.22.17:085][513]LogModuleManager: Shutting down and abandoning module SteamVREditor (880)
[2026.04.20-22.22.17:085][513]LogModuleManager: Shutting down and abandoning module OculusMR (878)
[2026.04.20-22.22.17:085][513]LogModuleManager: Shutting down and abandoning module WebMMediaFactory (876)
[2026.04.20-22.22.17:086][513]LogModuleManager: Shutting down and abandoning module WebMMediaEditor (874)
[2026.04.20-22.22.17:086][513]LogModuleManager: Shutting down and abandoning module WebMMedia (872)
[2026.04.20-22.22.17:086][513]LogModuleManager: Shutting down and abandoning module MediaPlayerEditor (870)
[2026.04.20-22.22.17:086][513]LogModuleManager: Shutting down and abandoning module WmfMediaFactory (868)
[2026.04.20-22.22.17:086][513]LogModuleManager: Shutting down and abandoning module WmfMediaEditor (866)
[2026.04.20-22.22.17:086][513]LogModuleManager: Shutting down and abandoning module MediaCompositingEditor (864)
[2026.04.20-22.22.17:086][513]LogModuleManager: Shutting down and abandoning module OpenExrWrapper (862)
[2026.04.20-22.22.17:086][513]LogModuleManager: Shutting down and abandoning module ImgMediaFactory (860)
[2026.04.20-22.22.17:086][513]LogModuleManager: Shutting down and abandoning module ImgMediaEditor (858)
[2026.04.20-22.22.17:086][513]LogModuleManager: Shutting down and abandoning module AndroidMediaFactory (856)
[2026.04.20-22.22.17:086][513]LogModuleManager: Shutting down and abandoning module AndroidMediaEditor (854)
[2026.04.20-22.22.17:086][513]LogModuleManager: Shutting down and abandoning module AvfMediaFactory (852)
[2026.04.20-22.22.17:086][513]LogModuleManager: Shutting down and abandoning module AvfMediaEditor (850)
[2026.04.20-22.22.17:086][513]LogModuleManager: Shutting down and abandoning module TakeRecorderSources (848)
[2026.04.20-22.22.17:086][513]LogModuleManager: Shutting down and abandoning module TakeRecorder (847)
[2026.04.20-22.22.17:086][513]LogModuleManager: Shutting down and abandoning module TakeTrackRecorders (844)
[2026.04.20-22.22.17:086][513]LogModuleManager: Shutting down and abandoning module TakesCore (842)
[2026.04.20-22.22.17:086][513]LogModuleManager: Shutting down and abandoning module OpenXRInput (840)
[2026.04.20-22.22.17:086][513]LogModuleManager: Shutting down and abandoning module HoudiniEngineEditor (838)
[2026.04.20-22.22.17:086][513]LogHoudiniEngineEditor: Shutting down the Houdini Engine Editor module.
[2026.04.20-22.22.17:087][513]LogHoudiniEngineEditor: Houdini Engine Editor module shutdown complete.
[2026.04.20-22.22.17:087][513]LogModuleManager: Shutting down and abandoning module GooglePADEditor (836)
[2026.04.20-22.22.17:087][513]LogModuleManager: Shutting down and abandoning module AudioCaptureEditor (834)
[2026.04.20-22.22.17:087][513]LogModuleManager: Shutting down and abandoning module SequenceRecorder (833)
[2026.04.20-22.22.17:087][513]LogModuleManager: Shutting down and abandoning module TemplateSequenceEditor (830)
[2026.04.20-22.22.17:087][513]LogModuleManager: Shutting down and abandoning module MatineeToLevelSequence (828)
[2026.04.20-22.22.17:087][513]LogModuleManager: Shutting down and abandoning module ActorSequenceEditor (826)
[2026.04.20-22.22.17:087][513]LogModuleManager: Shutting down and abandoning module LevelSequenceEditor (824)
[2026.04.20-22.22.17:087][513]LogModuleManager: Shutting down and abandoning module PrefabricatorEditorPostInit (822)
[2026.04.20-22.22.17:087][513]LogModuleManager: Shutting down and abandoning module BlockoutToolsEditorPlugin (820)
[2026.04.20-22.22.17:087][513]LogModuleManager: Shutting down and abandoning module MagicLeapMediaCodecFactory (818)
[2026.04.20-22.22.17:087][513]LogModuleManager: Shutting down and abandoning module MagicLeapMediaFactory (816)
[2026.04.20-22.22.17:087][513]LogModuleManager: Shutting down and abandoning module MagicLeapMediaEditor (814)
[2026.04.20-22.22.17:087][513]LogModuleManager: Shutting down and abandoning module PlanarCut (812)
[2026.04.20-22.22.17:087][513]LogModuleManager: Shutting down and abandoning module CharacterAI (810)
[2026.04.20-22.22.17:087][513]LogModuleManager: Shutting down and abandoning module TextureAlignMode (808)
[2026.04.20-22.22.17:087][513]LogModuleManager: Shutting down and abandoning module BspMode (806)
[2026.04.20-22.22.17:087][513]LogModuleManager: Shutting down and abandoning module GeometryMode (804)
[2026.04.20-22.22.17:087][513]LogModuleManager: Shutting down and abandoning module CameraShakePreviewer (802)
[2026.04.20-22.22.17:087][513]LogModuleManager: Shutting down and abandoning module SmartSnapping (800)
[2026.04.20-22.22.17:087][513]LogModuleManager: Shutting down and abandoning module SessionServices (798)
[2026.04.20-22.22.17:088][513]LogModuleManager: Shutting down and abandoning module MeshPaint (796)
[2026.04.20-22.22.17:088][513]LogModuleManager: Shutting down and abandoning module VirtualTexturingEditor (794)
[2026.04.20-22.22.17:088][513]LogModuleManager: Shutting down and abandoning module FoliageEdit (792)
[2026.04.20-22.22.17:088][513]LogModuleManager: Shutting down and abandoning module LandscapeEditor (790)
[2026.04.20-22.22.17:088][513]LogModuleManager: Shutting down and abandoning module MeshPaintMode (788)
[2026.04.20-22.22.17:088][513]LogModuleManager: Shutting down and abandoning module SceneDepthPickerMode (786)
[2026.04.20-22.22.17:088][513]LogModuleManager: Shutting down and abandoning module ActorPickerMode (784)
[2026.04.20-22.22.17:088][513]LogModuleManager: Shutting down and abandoning module PlacementMode (782)
[2026.04.20-22.22.17:088][513]LogModuleManager: Shutting down and abandoning module ViewportSnapping (780)
[2026.04.20-22.22.17:089][513]LogModuleManager: Shutting down and abandoning module ViewportInteraction (778)
[2026.04.20-22.22.17:089][513]LogModuleManager: Shutting down and abandoning module ClothPainter (776)
[2026.04.20-22.22.17:089][513]LogModuleManager: Shutting down and abandoning module SkeletalMeshEditor (775)
[2026.04.20-22.22.17:089][513]LogModuleManager: Shutting down and abandoning module LogVisualizer (772)
[2026.04.20-22.22.17:089][513]LogModuleManager: Shutting down and abandoning module IntroTutorials (770)
[2026.04.20-22.22.17:090][513]LogModuleManager: Shutting down and abandoning module GameProjectGeneration (769)
[2026.04.20-22.22.17:090][513]LogModuleManager: Shutting down and abandoning module LuminPlatformEditor (766)
[2026.04.20-22.22.17:090][513]LogModuleManager: Shutting down and abandoning module IOSPlatformEditor (764)
[2026.04.20-22.22.17:090][513]LogModuleManager: Shutting down and abandoning module AndroidPlatformEditor (762)
[2026.04.20-22.22.17:090][513]LogModuleManager: Shutting down and abandoning module AndroidDeviceDetection (761)
[2026.04.20-22.22.17:905][513]LogModuleManager: Shutting down and abandoning module WindowsPlatformEditor (758)
[2026.04.20-22.22.17:905][513]LogModuleManager: Shutting down and abandoning module LuminRuntimeSettings (756)
[2026.04.20-22.22.17:905][513]LogModuleManager: Shutting down and abandoning module IOSRuntimeSettings (754)
[2026.04.20-22.22.17:905][513]LogModuleManager: Shutting down and abandoning module AndroidRuntimeSettings (752)
[2026.04.20-22.22.17:905][513]LogModuleManager: Shutting down and abandoning module TraceInsights (750)
[2026.04.20-22.22.17:905][513]MemoryProfiler: Shutdown
[2026.04.20-22.22.17:905][513]NetworkingProfiler: Shutdown
[2026.04.20-22.22.17:905][513]LoadingProfiler: Shutdown
[2026.04.20-22.22.17:905][513]TimingProfiler: Shutdown
[2026.04.20-22.22.17:905][513]LogModuleManager: Shutting down and abandoning module TraceServices (749)
[2026.04.20-22.22.17:905][513]LogModuleManager: Shutting down and abandoning module EditorInteractiveToolsFramework (746)
[2026.04.20-22.22.17:905][513]LogModuleManager: Shutting down and abandoning module TimeManagementEditor (744)
[2026.04.20-22.22.17:905][513]LogModuleManager: Shutting down and abandoning module InputBindingEditor (742)
[2026.04.20-22.22.17:905][513]LogModuleManager: Shutting down and abandoning module MergeActors (740)
[2026.04.20-22.22.17:905][513]LogModuleManager: Shutting down and abandoning module LocalizationDashboard (738)
[2026.04.20-22.22.17:905][513]LogModuleManager: Shutting down and abandoning module LocalizationService (737)
[2026.04.20-22.22.17:905][513]LogModuleManager: Shutting down and abandoning module HardwareTargeting (734)
[2026.04.20-22.22.17:905][513]LogModuleManager: Shutting down and abandoning module DeviceProfileEditor (732)
[2026.04.20-22.22.17:905][513]LogModuleManager: Shutting down and abandoning module UndoHistory (730)
[2026.04.20-22.22.17:905][513]LogModuleManager: Shutting down and abandoning module XmlParser (728)
[2026.04.20-22.22.17:905][513]LogModuleManager: Shutting down and abandoning module Blutility (726)
[2026.04.20-22.22.17:906][513]LogModuleManager: Shutting down and abandoning module ProjectSettingsViewer (724)
[2026.04.20-22.22.17:906][513]LogModuleManager: Shutting down and abandoning module ProjectTargetPlatformEditor (723)
[2026.04.20-22.22.17:906][513]LogModuleManager: Shutting down and abandoning module EditorSettingsViewer (720)
[2026.04.20-22.22.17:907][513]LogModuleManager: Shutting down and abandoning module InternationalizationSettings (719)
[2026.04.20-22.22.17:907][513]LogModuleManager: Shutting down and abandoning module SettingsEditor (716)
[2026.04.20-22.22.17:907][513]LogModuleManager: Shutting down and abandoning module ProjectLauncher (714)
[2026.04.20-22.22.17:907][513]LogModuleManager: Shutting down and abandoning module SessionFrontend (712)
[2026.04.20-22.22.17:907][513]LogModuleManager: Shutting down and abandoning module ProfilerClient (710)
[2026.04.20-22.22.17:907][513]LogModuleManager: Shutting down and abandoning module DeviceManager (708)
[2026.04.20-22.22.17:907][513]LogModuleManager: Shutting down and abandoning module TargetDeviceServices (707)
[2026.04.20-22.22.17:939][513]LogModuleManager: Shutting down and abandoning module AutomationController (704)
[2026.04.20-22.22.17:939][513]LogModuleManager: Shutting down and abandoning module AutomationWindow (702)
[2026.04.20-22.22.17:939][513]LogModuleManager: Shutting down and abandoning module Layers (700)
[2026.04.20-22.22.17:939][513]LogModuleManager: Shutting down and abandoning module ComponentVisualizers (698)
[2026.04.20-22.22.17:939][513]LogModuleManager: Shutting down and abandoning module DetailCustomizations (696)
[2026.04.20-22.22.17:939][513]LogModuleManager: Shutting down and abandoning module PackagesDialog (694)
[2026.04.20-22.22.17:940][513]LogModuleManager: Shutting down and abandoning module AnimationBlueprintEditor (692)
[2026.04.20-22.22.17:940][513]LogModuleManager: Shutting down and abandoning module Persona (690)
[2026.04.20-22.22.17:940][513]LogModuleManager: Shutting down and abandoning module AdvancedPreviewScene (689)
[2026.04.20-22.22.17:940][513]LogModuleManager: Shutting down and abandoning module AnimGraph (687)
[2026.04.20-22.22.17:940][513]LogModuleManager: Shutting down and abandoning module Kismet (684)
[2026.04.20-22.22.17:947][513]LogModuleManager: Shutting down and abandoning module KismetWidgets (683)
[2026.04.20-22.22.17:947][513]LogModuleManager: Shutting down and abandoning module GraphEditor (680)
[2026.04.20-22.22.17:947][513]LogModuleManager: Shutting down and abandoning module StructViewer (678)
[2026.04.20-22.22.17:947][513]LogModuleManager: Shutting down and abandoning module ClassViewer (676)
[2026.04.20-22.22.17:947][513]LogModuleManager: Shutting down and abandoning module Toolbox (674)
[2026.04.20-22.22.17:947][513]LogModuleManager: Shutting down and abandoning module ModuleUI (672)
[2026.04.20-22.22.17:947][513]LogModuleManager: Shutting down and abandoning module OutputLog (670)
[2026.04.20-22.22.17:948][513]LogModuleManager: Shutting down and abandoning module GammaUI (668)
[2026.04.20-22.22.17:948][513]LogModuleManager: Shutting down and abandoning module Documentation (666)
[2026.04.20-22.22.17:948][513]LogModuleManager: Shutting down and abandoning module LiveCoding (664)
[2026.04.20-22.22.17:948][513]LogModuleManager: Shutting down and abandoning module LevelSequence (662)
[2026.04.20-22.22.17:948][513]LogModuleManager: Shutting down and abandoning module MovieSceneTracks (660)
[2026.04.20-22.22.17:948][513]LogModuleManager: Shutting down and abandoning module MovieScene (658)
[2026.04.20-22.22.17:948][513]LogModuleManager: Shutting down and abandoning module StreamingPauseRendering (656)
[2026.04.20-22.22.17:948][513]LogModuleManager: Shutting down and abandoning module LauncherPlatform (654)
[2026.04.20-22.22.17:948][513]LogModuleManager: Shutting down and abandoning module AnalyticsET (652)
[2026.04.20-22.22.17:949][513]LogModuleManager: Shutting down and abandoning module PortalServices (650)
[2026.04.20-22.22.17:949][513]LogModuleManager: Shutting down and abandoning module PortalRpc (648)
[2026.04.20-22.22.17:949][513]LogModuleManager: Shutting down and abandoning module MessagingRpc (646)
[2026.04.20-22.22.17:949][513]LogModuleManager: Shutting down and abandoning module AudioMixerXAudio2 (644)
[2026.04.20-22.22.17:949][513]LogModuleManager: Shutting down and abandoning module AudioMixerCore (643)
[2026.04.20-22.22.17:949][513]LogModuleManager: Shutting down and abandoning module AIModule (640)
[2026.04.20-22.22.17:949][513]LogModuleManager: Shutting down and abandoning module GameplayDebugger (639)
[2026.04.20-22.22.17:949][513]LogModuleManager: Shutting down and abandoning module AITestSuite (637)
[2026.04.20-22.22.17:949][513]LogModuleManager: Shutting down and abandoning module NavigationSystem (635)
[2026.04.20-22.22.17:949][513]LogModuleManager: Shutting down and abandoning module ImageWriteQueue (632)
[2026.04.20-22.22.17:968][513]LogModuleManager: Shutting down and abandoning module ProfilerService (630)
[2026.04.20-22.22.18:105][513]LogModuleManager: Shutting down and abandoning module TaskGraph (628)
[2026.04.20-22.22.18:105][513]LogModuleManager: Shutting down and abandoning module AudioSynesthesiaEditor (626)
[2026.04.20-22.22.18:105][513]LogModuleManager: Shutting down and abandoning module OculusEditor (624)
[2026.04.20-22.22.18:105][513]LogModuleManager: Shutting down and abandoning module OculusInput (622)
[2026.04.20-22.22.18:105][513]LogModuleManager: Shutting down and abandoning module ContentBrowserClassDataSource (620)
[2026.04.20-22.22.18:105][513]LogModuleManager: Shutting down and abandoning module ContentBrowserFileDataSource (618)
[2026.04.20-22.22.18:105][513]LogModuleManager: Shutting down and abandoning module ContentBrowserAssetDataSource (616)
[2026.04.20-22.22.18:105][513]LogModuleManager: Shutting down and abandoning module CollectionManager (615)
[2026.04.20-22.22.18:106][513]LogModuleManager: Shutting down and abandoning module MediaCompositing (612)
[2026.04.20-22.22.18:106][513]LogModuleManager: Shutting down and abandoning module ImgMedia (610)
[2026.04.20-22.22.18:106][513]LogModuleManager: Shutting down and abandoning module SynthesisEditor (608)
[2026.04.20-22.22.18:106][513]LogModuleManager: Shutting down and abandoning module Synthesis (606)
[2026.04.20-22.22.18:106][513]LogModuleManager: Shutting down and abandoning module TakeSequencer (604)
[2026.04.20-22.22.18:106][513]LogModuleManager: Shutting down and abandoning module TakeMovieScene (602)
[2026.04.20-22.22.18:106][513]LogModuleManager: Shutting down and abandoning module ProceduralMeshComponentEditor (600)
[2026.04.20-22.22.18:106][513]LogModuleManager: Shutting down and abandoning module ProceduralMeshComponent (598)
[2026.04.20-22.22.18:106][513]LogModuleManager: Shutting down and abandoning module ScreenshotTools (596)
[2026.04.20-22.22.18:106][513]LogModuleManager: Shutting down and abandoning module OpenXREditor (594)
[2026.04.20-22.22.18:106][513]LogModuleManager: Shutting down and abandoning module MobilePatchingUtils (592)
[2026.04.20-22.22.18:106][513]LogModuleManager: Shutting down and abandoning module HoudiniEngineRuntime (590)
[2026.04.20-22.22.18:106][513]LogModuleManager: Shutting down and abandoning module HoudiniEngine (588)
[2026.04.20-22.22.18:106][513]LogHoudiniEngine: Shutting down the Houdini Engine module.
[2026.04.20-22.22.18:124][513]LogModuleManager: Shutting down and abandoning module EditableMesh (586)
[2026.04.20-22.22.18:124][513]LogModuleManager: Shutting down and abandoning module GooglePAD (584)
[2026.04.20-22.22.18:124][513]LogModuleManager: Shutting down and abandoning module ArchVisCharacter (582)
[2026.04.20-22.22.18:124][513]LogModuleManager: Shutting down and abandoning module AppleImageUtilsBlueprintSupport (580)
[2026.04.20-22.22.18:124][513]LogModuleManager: Shutting down and abandoning module AppleImageUtils (578)
[2026.04.20-22.22.18:124][513]LogModuleManager: Shutting down and abandoning module CableComponent (576)
[2026.04.20-22.22.18:124][513]LogModuleManager: Shutting down and abandoning module AssetTags (574)
[2026.04.20-22.22.18:124][513]LogModuleManager: Shutting down and abandoning module CustomMeshComponent (572)
[2026.04.20-22.22.18:124][513]LogModuleManager: Shutting down and abandoning module AudioCapture (570)
[2026.04.20-22.22.18:124][513]LogModuleManager: Shutting down and abandoning module AudioCaptureRtAudio (569)
[2026.04.20-22.22.18:124][513]LogModuleManager: Shutting down and abandoning module AndroidPermission (566)
[2026.04.20-22.22.18:124][513]LogModuleManager: Shutting down and abandoning module ActorLayerUtilitiesEditor (564)
[2026.04.20-22.22.18:124][513]LogModuleManager: Shutting down and abandoning module ActorLayerUtilities (562)
[2026.04.20-22.22.18:124][513]LogModuleManager: Shutting down and abandoning module VisualStudioCodeSourceCodeAccess (560)
[2026.04.20-22.22.18:124][513]LogModuleManager: Shutting down and abandoning module TemplateSequence (558)
[2026.04.20-22.22.18:124][513]LogModuleManager: Shutting down and abandoning module UObjectPlugin (556)
[2026.04.20-22.22.18:124][513]LogModuleManager: Shutting down and abandoning module SubversionSourceControl (554)
[2026.04.20-22.22.18:124][513]LogModuleManager: Shutting down and abandoning module VisualStudioSourceCodeAccess (552)
[2026.04.20-22.22.18:124][513]LogModuleManager: Shutting down and abandoning module RiderSourceCodeAccess (550)
[2026.04.20-22.22.18:124][513]LogModuleManager: Shutting down and abandoning module PlasticSourceControl (548)
[2026.04.20-22.22.18:124][513]LogModuleManager: Shutting down and abandoning module PluginUtils (546)
[2026.04.20-22.22.18:124][513]LogModuleManager: Shutting down and abandoning module CLionSourceCodeAccess (544)
[2026.04.20-22.22.18:124][513]LogModuleManager: Shutting down and abandoning module AnimationSharingEd (542)
[2026.04.20-22.22.18:124][513]LogModuleManager: Shutting down and abandoning module PerforceSourceControl (540)
[2026.04.20-22.22.18:124][513]LogModuleManager: Shutting down and abandoning module GitSourceControl (538)
[2026.04.20-22.22.18:124][513]LogModuleManager: Shutting down and abandoning module SourceControl (537)
[2026.04.20-22.22.18:124][513]LogModuleManager: Shutting down and abandoning module ConstructionSystemEditor (534)
[2026.04.20-22.22.18:124][513]LogModuleManager: Shutting down and abandoning module PrefabricatorEditor (532)
[2026.04.20-22.22.18:126][513]LogModuleManager: Shutting down and abandoning module BlockoutToolsPlugin (530)
[2026.04.20-22.22.18:126][513]LogModuleManager: Shutting down and abandoning module MagicLeapSharedWorld (528)
[2026.04.20-22.22.18:126][513]LogModuleManager: Shutting down and abandoning module MagicLeapHelperVulkan (526)
[2026.04.20-22.22.18:126][513]LogModuleManager: Shutting down and abandoning module MagicLeapHelperOpenGL (524)
[2026.04.20-22.22.18:126][513]LogModuleManager: Shutting down and abandoning module MagicLeapAudio (522)
[2026.04.20-22.22.18:126][513]LogModuleManager: Shutting down and abandoning module MagicLeapLightEstimation (520)
[2026.04.20-22.22.18:126][513]LogModuleManager: Shutting down and abandoning module NiagaraEditorWidgets (518)
[2026.04.20-22.22.18:126][513]LogModuleManager: Shutting down and abandoning module OpenImageDenoise (516)
[2026.04.20-22.22.18:126][513]LogOpenImageDenoise: OIDN shutting down
[2026.04.20-22.22.18:126][513]LogModuleManager: Shutting down and abandoning module MotoSynthEditor (514)
[2026.04.20-22.22.18:126][513]LogModuleManager: Shutting down and abandoning module MotoSynth (512)
[2026.04.20-22.22.18:126][513]LogModuleManager: Shutting down and abandoning module MeshConversion (510)
[2026.04.20-22.22.18:126][513]LogModuleManager: Shutting down and abandoning module DynamicMesh (508)
[2026.04.20-22.22.18:126][513]LogModuleManager: Shutting down and abandoning module GeometryAlgorithms (506)
[2026.04.20-22.22.18:126][513]LogModuleManager: Shutting down and abandoning module GeometricObjects (504)
[2026.04.20-22.22.18:126][513]LogModuleManager: Shutting down and abandoning module GeometryCacheTracks (502)
[2026.04.20-22.22.18:126][513]LogModuleManager: Shutting down and abandoning module GeometryCacheStreamer (500)
[2026.04.20-22.22.18:126][513]LogModuleManager: Shutting down and abandoning module GeometryCacheSequencer (498)
[2026.04.20-22.22.18:126][513]LogModuleManager: Shutting down and abandoning module GeometryCollectionTracks (496)
[2026.04.20-22.22.18:126][513]LogModuleManager: Shutting down and abandoning module GeometryCollectionSequencer (495)
[2026.04.20-22.22.18:126][513]LogModuleManager: Shutting down and abandoning module GeometryCollectionEditor (492)
[2026.04.20-22.22.18:126][513]LogModuleManager: Shutting down and abandoning module VariantManagerContentEditor (490)
[2026.04.20-22.22.18:126][513]LogModuleManager: Shutting down and abandoning module DatasmithContentEditor (488)
[2026.04.20-22.22.18:126][513]LogModuleManager: Shutting down and abandoning module ChaosNiagara (486)
[2026.04.20-22.22.18:126][513]LogModuleManager: Shutting down and abandoning module AlembicImporter (484)
[2026.04.20-22.22.18:126][513]LogModuleManager: Shutting down and abandoning module AlembicLibrary (483)
[2026.04.20-22.22.18:126][513]LogModuleManager: Shutting down and abandoning module GeometryCache (482)
[2026.04.20-22.22.18:126][513]LogModuleManager: Shutting down and abandoning module GeometryCacheEd (481)
[2026.04.20-22.22.18:126][513]LogModuleManager: Shutting down and abandoning module ChaosSolverEditor (476)
[2026.04.20-22.22.18:127][513]LogModuleManager: Shutting down and abandoning module BackChannel (474)
[2026.04.20-22.22.18:127][513]LogModuleManager: Shutting down and abandoning module FractureEditor (472)
[2026.04.20-22.22.18:127][513]LogModuleManager: Shutting down and abandoning module FieldSystemEngine (471)
[2026.04.20-22.22.18:127][513]LogModuleManager: Shutting down and abandoning module ChaosClothEditor (468)
[2026.04.20-22.22.18:127][513]LogModuleManager: Shutting down and abandoning module MobileLauncherProfileWizard (466)
[2026.04.20-22.22.18:127][513]LogModuleManager: Shutting down and abandoning module AutomationUtilsEditor (464)
[2026.04.20-22.22.18:127][513]LogModuleManager: Shutting down and abandoning module AutomationUtils (462)
[2026.04.20-22.22.18:127][513]LogModuleManager: Shutting down and abandoning module MaterialAnalyzer (460)
[2026.04.20-22.22.18:127][513]LogModuleManager: Shutting down and abandoning module OodleNetworkHandlerComponent (458)
[2026.04.20-22.22.18:127][513]LogModuleManager: Shutting down and abandoning module SpeedTreeImporter (456)
[2026.04.20-22.22.18:127][513]LogModuleManager: Shutting down and abandoning module PluginBrowser (454)
[2026.04.20-22.22.18:127][513]LogModuleManager: Shutting down and abandoning module GLTFImporter (452)
[2026.04.20-22.22.18:128][513]LogModuleManager: Shutting down and abandoning module GLTFCore (450)
[2026.04.20-22.22.18:128][513]LogModuleManager: Shutting down and abandoning module CurveEditorTools (448)
[2026.04.20-22.22.18:128][513]LogModuleManager: Shutting down and abandoning module CryptoKeysOpenSSL (446)
[2026.04.20-22.22.18:128][513]LogModuleManager: Shutting down and abandoning module CryptoKeys (444)
[2026.04.20-22.22.18:128][513]LogModuleManager: Shutting down and abandoning module LightPropagationVolumeEditor (442)
[2026.04.20-22.22.18:128][513]LogModuleManager: Shutting down and abandoning module LiveLinkSequencer (440)
[2026.04.20-22.22.18:128][513]LogModuleManager: Shutting down and abandoning module LiveLinkMovieScene (438)
[2026.04.20-22.22.18:128][513]LogModuleManager: Shutting down and abandoning module LiveLinkGraphNode (436)
[2026.04.20-22.22.18:128][513]LogModuleManager: Shutting down and abandoning module LiveLinkEditor (434)
[2026.04.20-22.22.18:128][513]LogModuleManager: Shutting down and abandoning module LiveLinkComponents (432)
[2026.04.20-22.22.18:128][513]LogModuleManager: Shutting down and abandoning module LiveLink (430)
[2026.04.20-22.22.18:535][513]LogModuleManager: Shutting down and abandoning module PaperTiledImporter (428)
[2026.04.20-22.22.18:535][513]LogModuleManager: Shutting down and abandoning module PaperSpriteSheetImporter (426)
[2026.04.20-22.22.18:535][513]LogModuleManager: Shutting down and abandoning module Paper2DEditor (424)
[2026.04.20-22.22.18:535][513]LogModuleManager: Shutting down and abandoning module MeshPaintingToolset (422)
[2026.04.20-22.22.18:535][513]LogModuleManager: Shutting down and abandoning module MeshPaintEditorMode (420)
[2026.04.20-22.22.18:535][513]LogModuleManager: Shutting down and abandoning module FMODStudioEditor (418)
[2026.04.20-22.22.18:547][513]LogModuleManager: Shutting down and abandoning module ImgMediaEngine (416)
[2026.04.20-22.22.18:547][513]LogModuleManager: Shutting down and abandoning module RuntimePhysXCooking (414)
[2026.04.20-22.22.18:547][513]LogModuleManager: Shutting down and abandoning module SignificanceManager (412)
[2026.04.20-22.22.18:547][513]LogModuleManager: Shutting down and abandoning module SoundFields (410)
[2026.04.20-22.22.18:547][513]LogModuleManager: Shutting down and abandoning module PropertyAccessEditor (408)
[2026.04.20-22.22.18:547][513]LogModuleManager: Shutting down and abandoning module PhysXVehiclesEditor (406)
[2026.04.20-22.22.18:547][513]LogModuleManager: Shutting down and abandoning module LocationServicesBPLibrary (402)
[2026.04.20-22.22.18:547][513]LogModuleManager: Shutting down and abandoning module AudioSynesthesia (400)
[2026.04.20-22.22.18:547][513]LogModuleManager: Shutting down and abandoning module AudioSynesthesiaCore (398)
[2026.04.20-22.22.18:547][513]LogModuleManager: Shutting down and abandoning module PropertyAccessNode (396)
[2026.04.20-22.22.18:547][513]LogModuleManager: Shutting down and abandoning module AnimationSharing (394)
[2026.04.20-22.22.18:547][513]LogModuleManager: Shutting down and abandoning module ActorSequence (392)
[2026.04.20-22.22.18:547][513]LogModuleManager: Shutting down and abandoning module UdpMessaging (390)
[2026.04.20-22.22.18:649][513]LogModuleManager: Shutting down and abandoning module TcpMessaging (388)
[2026.04.20-22.22.18:749][513]LogModuleManager: Shutting down and abandoning module ConstructionSystemRuntime (386)
[2026.04.20-22.22.18:749][513]LogModuleManager: Shutting down and abandoning module PrefabricatorRuntime (384)
[2026.04.20-22.22.18:749][513]LogModuleManager: Shutting down and abandoning module MagicLeapARPin (382)
[2026.04.20-22.22.18:749][513]LogModuleManager: Shutting down and abandoning module MagicLeapHandMeshing (380)
[2026.04.20-22.22.18:749][513]LogModuleManager: Shutting down and abandoning module MagicLeapSecureStorage (378)
[2026.04.20-22.22.18:749][513]LogModuleManager: Shutting down and abandoning module MagicLeapPrivileges (376)
[2026.04.20-22.22.18:749][513]LogModuleManager: Shutting down and abandoning module MagicLeapPlanes (374)
[2026.04.20-22.22.18:749][513]LogMagicLeapPlanes: Planes tracker already destroyed.
[2026.04.20-22.22.18:749][513]LogModuleManager: Shutting down and abandoning module MagicLeapImageTracker (372)
[2026.04.20-22.22.18:749][513]LogModuleManager: Shutting down and abandoning module MagicLeapIdentity (370)
[2026.04.20-22.22.18:749][513]LogModuleManager: Shutting down and abandoning module MagicLeapHandTracking (368)
[2026.04.20-22.22.18:749][513]LogModuleManager: Shutting down and abandoning module MagicLeapEyeTracker (366)
[2026.04.20-22.22.18:749][513]LogModuleManager: Shutting down and abandoning module MagicLeapController (364)
[2026.04.20-22.22.18:749][513]LogModuleManager: Shutting down and abandoning module MagicLeapARPinImpl (362)
[2026.04.20-22.22.18:749][513]LogModuleManager: Shutting down and abandoning module MagicLeapAR (360)
[2026.04.20-22.22.18:749][513]LogModuleManager: Shutting down and abandoning module NiagaraAnimNotifies (358)
[2026.04.20-22.22.18:749][513]LogModuleManager: Shutting down and abandoning module Niagara (356)
[2026.04.20-22.22.18:749][513]LogModuleManager: Shutting down and abandoning module SignalProcessing (355)
[2026.04.20-22.22.18:749][513]LogModuleManager: Shutting down and abandoning module NiagaraEditor (353)
[2026.04.20-22.22.18:750][513]LogModuleManager: Shutting down and abandoning module NiagaraCore (350)
[2026.04.20-22.22.18:750][513]LogModuleManager: Shutting down and abandoning module PythonScriptPlugin (348)
[2026.04.20-22.22.18:750][513]LogModuleManager: Shutting down and abandoning module FacialAnimationEditor (346)
[2026.04.20-22.22.18:750][513]LogModuleManager: Shutting down and abandoning module FacialAnimation (344)
[2026.04.20-22.22.18:750][513]LogModuleManager: Shutting down and abandoning module DataValidation (342)
[2026.04.20-22.22.18:750][513]LogModuleManager: Shutting down and abandoning module GameplayTagsEditor (340)
[2026.04.20-22.22.18:750][513]LogModuleManager: Shutting down and abandoning module LightPropagationVolumeRuntime (338)
[2026.04.20-22.22.18:750][513]LogModuleManager: Shutting down and abandoning module AssetManagerEditor (336)
[2026.04.20-22.22.18:750][513]LogModuleManager: Shutting down and abandoning module LevelEditor (335)
[2026.04.20-22.22.18:756][513]LogModuleManager: Shutting down and abandoning module PixelInspectorModule (334)
[2026.04.20-22.22.18:756][513]LogModuleManager: Shutting down and abandoning module CommonMenuExtensions (332)
[2026.04.20-22.22.18:756][513]LogModuleManager: Shutting down and abandoning module MainFrame (330)
[2026.04.20-22.22.18:756][513]LogModuleManager: Shutting down and abandoning module HotReload (329)
[2026.04.20-22.22.18:757][513]LogModuleManager: Shutting down and abandoning module ToolMenus (325)
[2026.04.20-22.22.18:757][513]LogModuleManager: Shutting down and abandoning module ContentBrowser (323)
[2026.04.20-22.22.18:757][513]LogModuleManager: Shutting down and abandoning module ContentBrowserData (322)
[2026.04.20-22.22.18:757][513]LogModuleManager: Shutting down and abandoning module TreeMap (319)
[2026.04.20-22.22.18:757][513]LogModuleManager: Shutting down and abandoning module GameplayCameras (316)
[2026.04.20-22.22.18:757][513]LogModuleManager: Shutting down and abandoning module EnvironmentQueryEditor (314)
[2026.04.20-22.22.18:758][513]LogModuleManager: Shutting down and abandoning module Paper2D (312)
[2026.04.20-22.22.18:758][513]LogModuleManager: Shutting down and abandoning module FMODStudio (310)
[2026.04.20-22.22.18:969][513]LogModuleManager: Shutting down and abandoning module WindowsMoviePlayer (308)
[2026.04.20-22.22.19:029][513]LogModuleManager: Shutting down and abandoning module WebMMoviePlayer (306)
[2026.04.20-22.22.19:029][513]LogModuleManager: Shutting down and abandoning module NetworkReplayStreaming (304)
[2026.04.20-22.22.19:029][513]LogModuleManager: Shutting down and abandoning module PacketHandler (302)
[2026.04.20-22.22.19:029][513]LogModuleManager: Shutting down and abandoning module ClothingSystemEditor (300)
[2026.04.20-22.22.19:029][513]LogModuleManager: Shutting down and abandoning module ClothingSystemRuntimeNv (298)
[2026.04.20-22.22.19:029][513]LogModuleManager: Shutting down and abandoning module MediaAssets (296)
[2026.04.20-22.22.19:029][513]LogModuleManager: Shutting down and abandoning module Overlay (294)
[2026.04.20-22.22.19:029][513]LogModuleManager: Shutting down and abandoning module OverlayEditor (293)
[2026.04.20-22.22.19:029][513]LogModuleManager: Shutting down and abandoning module VREditor (290)
[2026.04.20-22.22.19:029][513]LogModuleManager: Shutting down and abandoning module StringTableEditor (288)
[2026.04.20-22.22.19:029][513]LogModuleManager: Shutting down and abandoning module GameplayTasksEditor (286)
[2026.04.20-22.22.19:029][513]LogModuleManager: Shutting down and abandoning module BehaviorTreeEditor (284)
[2026.04.20-22.22.19:029][513]LogModuleManager: Shutting down and abandoning module FunctionalTesting (282)
[2026.04.20-22.22.19:029][513]LogModuleManager: Shutting down and abandoning module CollisionAnalyzer (280)
[2026.04.20-22.22.19:030][513]LogModuleManager: Shutting down and abandoning module WorkspaceMenuStructure (279)
[2026.04.20-22.22.19:030][513]LogModuleManager: Shutting down and abandoning module UMG (276)
[2026.04.20-22.22.19:030][513]LogModuleManager: Shutting down and abandoning module UMGEditor (275)
[2026.04.20-22.22.19:030][513]LogModuleManager: Shutting down and abandoning module MessageLog (273)
[2026.04.20-22.22.19:030][513]LogModuleManager: Shutting down and abandoning module SlateReflector (268)
[2026.04.20-22.22.19:030][513]LogModuleManager: Shutting down and abandoning module Slate (266)
[2026.04.20-22.22.19:030][513]LogModuleManager: Shutting down and abandoning module SlateCore (264)
[2026.04.20-22.22.19:031][513]LogModuleManager: Shutting down and abandoning module LandscapeEditorUtilities (262)
[2026.04.20-22.22.19:031][513]LogModuleManager: Shutting down and abandoning module UnrealEd (260)
[2026.04.20-22.22.19:031][513]LogModuleManager: Shutting down and abandoning module MRMesh (258)
[2026.04.20-22.22.19:031][513]LogModuleManager: Shutting down and abandoning module SourceCodeAccess (256)
[2026.04.20-22.22.19:031][513]LogModuleManager: Shutting down and abandoning module HeadMountedDisplay (254)
[2026.04.20-22.22.19:031][513]LogModuleManager: Shutting down and abandoning module XAudio2 (252)
[2026.04.20-22.22.19:031][513]LogModuleManager: Shutting down and abandoning module Networking (250)
[2026.04.20-22.22.19:031][513]LogModuleManager: Shutting down and abandoning module Core (248)
[2026.04.20-22.22.19:031][513]LogModuleManager: Shutting down and abandoning module MaterialEditor (246)
[2026.04.20-22.22.19:031][513]LogModuleManager: Shutting down and abandoning module MovieSceneTools (244)
[2026.04.20-22.22.19:031][513]LogModuleManager: Shutting down and abandoning module CurveEditor (243)
[2026.04.20-22.22.19:031][513]LogModuleManager: Shutting down and abandoning module Sequencer (241)
[2026.04.20-22.22.19:032][513]LogModuleManager: Shutting down and abandoning module EditorStyle (240)
[2026.04.20-22.22.19:035][513]LogModuleManager: Shutting down and abandoning module KismetCompiler (236)
[2026.04.20-22.22.19:035][513]LogModuleManager: Shutting down and abandoning module MeshBuilder (234)
[2026.04.20-22.22.19:035][513]LogModuleManager: Shutting down and abandoning module MeshUtilities (232)
[2026.04.20-22.22.19:036][513]LogModuleManager: Shutting down and abandoning module MeshMergeUtilities (231)
[2026.04.20-22.22.19:036][513]LogModuleManager: Shutting down and abandoning module MeshReductionInterface (230)
[2026.04.20-22.22.19:036][513]LogModuleManager: Shutting down and abandoning module MeshBoneReduction (229)
[2026.04.20-22.22.19:036][513]LogModuleManager: Shutting down and abandoning module SkeletalMeshReduction (227)
[2026.04.20-22.22.19:036][513]LogModuleManager: Shutting down and abandoning module ProxyLODMeshReduction (225)
[2026.04.20-22.22.19:036][513]LogModuleManager: Shutting down and abandoning module QuadricMeshReduction (223)
[2026.04.20-22.22.19:036][513]LogModuleManager: Shutting down and abandoning module MaterialBaking (219)
[2026.04.20-22.22.19:036][513]LogModuleManager: Shutting down and abandoning module NullInstallBundleManager (214)
[2026.04.20-22.22.19:036][513]LogModuleManager: Shutting down and abandoning module DerivedDataCache (212)
[2026.04.20-22.22.19:036][513]LogModuleManager: Shutting down and abandoning module TargetPlatform (210)
[2026.04.20-22.22.19:037][513]LogModuleManager: Shutting down and abandoning module VulkanShaderFormat (209)
[2026.04.20-22.22.19:037][513]LogModuleManager: Shutting down and abandoning module ShaderFormatVectorVM (207)
[2026.04.20-22.22.19:037][513]LogModuleManager: Shutting down and abandoning module ShaderFormatOpenGL (205)
[2026.04.20-22.22.19:037][513]LogModuleManager: Shutting down and abandoning module ShaderFormatD3D (203)
[2026.04.20-22.22.19:037][513]LogModuleManager: Shutting down and abandoning module MetalShaderFormat (201)
[2026.04.20-22.22.19:037][513]LogModuleManager: Shutting down and abandoning module TextureFormatOodle (199)
[2026.04.20-22.22.19:037][513]LogModuleManager: Shutting down and abandoning module TextureFormatUncompressed (197)
[2026.04.20-22.22.19:037][513]LogModuleManager: Shutting down and abandoning module TextureFormatPVR (195)
[2026.04.20-22.22.19:037][513]LogModuleManager: Shutting down and abandoning module TextureFormatETC2 (193)
[2026.04.20-22.22.19:037][513]LogModuleManager: Shutting down and abandoning module TextureFormatDXT (191)
[2026.04.20-22.22.19:037][513]LogModuleManager: Shutting down and abandoning module TextureFormatIntelISPCTexComp (189)
[2026.04.20-22.22.19:037][513]LogModuleManager: Shutting down and abandoning module TextureFormatASTC (187)
[2026.04.20-22.22.19:037][513]LogModuleManager: Shutting down and abandoning module ImageWrapper (186)
[2026.04.20-22.22.19:037][513]LogModuleManager: Shutting down and abandoning module AudioFormatOpus (183)
[2026.04.20-22.22.19:037][513]LogModuleManager: Shutting down and abandoning module AudioFormatOgg (181)
[2026.04.20-22.22.19:038][513]LogModuleManager: Shutting down and abandoning module AudioFormatADPCM (179)
[2026.04.20-22.22.19:038][513]LogModuleManager: Shutting down and abandoning module WindowsServerTargetPlatform (177)
[2026.04.20-22.22.19:038][513]LogModuleManager: Shutting down and abandoning module WindowsClientTargetPlatform (175)
[2026.04.20-22.22.19:038][513]LogModuleManager: Shutting down and abandoning module WindowsTargetPlatform (173)
[2026.04.20-22.22.19:038][513]LogModuleManager: Shutting down and abandoning module WindowsNoEditorTargetPlatform (171)
[2026.04.20-22.22.19:038][513]LogModuleManager: Shutting down and abandoning module TVOSTargetPlatform (169)
[2026.04.20-22.22.19:048][513]LogModuleManager: Shutting down and abandoning module MacServerTargetPlatform (167)
[2026.04.20-22.22.19:048][513]LogModuleManager: Shutting down and abandoning module MacClientTargetPlatform (165)
[2026.04.20-22.22.19:048][513]LogModuleManager: Shutting down and abandoning module MacTargetPlatform (163)
[2026.04.20-22.22.19:049][513]LogModuleManager: Shutting down and abandoning module MacNoEditorTargetPlatform (161)
[2026.04.20-22.22.19:049][513]LogModuleManager: Shutting down and abandoning module LuminTargetPlatform (159)
[2026.04.20-22.22.19:068][513]LogModuleManager: Shutting down and abandoning module LinuxAArch64ServerTargetPlatform (157)
[2026.04.20-22.22.19:068][513]LogModuleManager: Shutting down and abandoning module LinuxAArch64ClientTargetPlatform (155)
[2026.04.20-22.22.19:068][513]LogModuleManager: Shutting down and abandoning module LinuxAArch64NoEditorTargetPlatform (153)
[2026.04.20-22.22.19:068][513]LogModuleManager: Shutting down and abandoning module LinuxServerTargetPlatform (151)
[2026.04.20-22.22.19:068][513]LogModuleManager: Shutting down and abandoning module LinuxClientTargetPlatform (149)
[2026.04.20-22.22.19:068][513]LogModuleManager: Shutting down and abandoning module LinuxNoEditorTargetPlatform (147)
[2026.04.20-22.22.19:068][513]LogModuleManager: Shutting down and abandoning module LinuxTargetPlatform (145)
[2026.04.20-22.22.19:068][513]LogModuleManager: Shutting down and abandoning module Messaging (143)
[2026.04.20-22.22.19:068][513]LogModuleManager: Shutting down and abandoning module IOSTargetPlatform (141)
[2026.04.20-22.22.19:080][513]LogModuleManager: Shutting down and abandoning module AndroidTargetPlatform (139)
[2026.04.20-22.22.19:119][513]LogModuleManager: Shutting down and abandoning module AllDesktopTargetPlatform (137)
[2026.04.20-22.22.19:119][513]LogModuleManager: Shutting down and abandoning module D3D11RHI (134)
[2026.04.20-22.22.19:119][513]LogModuleManager: Shutting down and abandoning module InputCore (132)
[2026.04.20-22.22.19:119][513]LogModuleManager: Shutting down and abandoning module Settings (130)
[2026.04.20-22.22.19:120][513]LogModuleManager: Shutting down and abandoning module DirectoryWatcher (128)
[2026.04.20-22.22.19:141][513]LogModuleManager: Shutting down and abandoning module PhysXCooking (126)
[2026.04.20-22.22.19:141][513]LogModuleManager: Shutting down and abandoning module Chaos (124)
[2026.04.20-22.22.19:141][513]LogModuleManager: Shutting down and abandoning module WindowsPlatformFeatures (122)
[2026.04.20-22.22.19:141][513]LogModuleManager: Shutting down and abandoning module GameplayMediaEncoder (121)
[2026.04.20-22.22.19:141][513]LogModuleManager: Shutting down and abandoning module AVEncoder (120)
[2026.04.20-22.22.19:141][513]LogModuleManager: Shutting down and abandoning module SteamVRInputDevice (116)
[2026.04.20-22.22.19:141][513]LogModuleManager: Shutting down and abandoning module SteamVRInput (114)
[2026.04.20-22.22.19:141][513]LogModuleManager: Shutting down and abandoning module SteamVR (112)
[2026.04.20-22.22.19:141][513]LogHMD: Freeing OpenVRDLLHandle.
[2026.04.20-22.22.19:141][513]LogModuleManager: Shutting down and abandoning module OculusHMD (110)
[2026.04.20-22.22.19:141][513]LogModuleManager: Shutting down and abandoning module WmfMedia (108)
[2026.04.20-22.22.19:144][513]LogModuleManager: Shutting down and abandoning module Media (107)
[2026.04.20-22.22.19:146][513]LogModuleManager: Shutting down and abandoning module MediaInfo (106)
[2026.04.20-22.22.19:146][513]LogModuleManager: Shutting down and abandoning module ExrReaderGpu (102)
[2026.04.20-22.22.19:146][513]LogModuleManager: Shutting down and abandoning module OpenXRHandTracking (100)
[2026.04.20-22.22.19:147][513]LogSlate: Slate User Destroyed.  User Index 0, Is Virtual User: 0
[2026.04.20-22.22.19:148][513]LogModuleManager: Shutting down and abandoning module OpenXREyeTracker (98)
[2026.04.20-22.22.19:148][513]LogModuleManager: Shutting down and abandoning module OpenXRAR (96)
[2026.04.20-22.22.19:148][513]LogModuleManager: Shutting down and abandoning module AugmentedReality (95)
[2026.04.20-22.22.19:148][513]LogModuleManager: Shutting down and abandoning module OpenXRHMD (92)
[2026.04.20-22.22.19:149][513]LogModuleManager: Shutting down and abandoning module ExampleDeviceProfileSelector (90)
[2026.04.20-22.22.19:149][513]LogModuleManager: Shutting down and abandoning module ChunkDownloader (88)
[2026.04.20-22.22.19:149][513]LogModuleManager: Shutting down and abandoning module LauncherChunkInstaller (86)
[2026.04.20-22.22.19:149][513]LogModuleManager: Shutting down and abandoning module OnlineBlueprintSupport (84)
[2026.04.20-22.22.19:149][513]LogModuleManager: Shutting down and abandoning module OnlineSubsystem (80)
[2026.04.20-22.22.19:151][513]LogModuleManager: Shutting down and abandoning module XMPP (75)
[2026.04.20-22.22.19:151][513]LogModuleManager: Shutting down and abandoning module WebSockets (74)
[2026.04.20-22.22.19:184][513]LogModuleManager: Shutting down and abandoning module HTTP (71)
[2026.04.20-22.22.19:184][513]LogHttp: Display: Http module shutting down, but needs to wait on 1 outstanding Http requests:
[2026.04.20-22.22.19:184][513]LogHttp: Display: 	verb=[POST] url=[https://datarouter.ol.epicgames.com/datarouter/api/v1/public/data?SessionID=%7B3EAF3280-4642-2035-401C-3EA174AF44AE%7D&AppID=UEEditor.Rocket.Release&AppVersion=4.27.2-18319896%2B%2B%2BUE4%2BRelease-4.27&UserID=6ded2bfa4873ac479d5eca93cf702994%7C01a1d3cc5dc7443c96ea956d24e51d4a%7Cba61fba3-4185-4365-b20c-54589a326f67&AppEnvironment=datacollector-binary&UploadType=eteventstream] refs=[1] status=Processing
[2026.04.20-22.22.19:184][513]LogHttp: Display: cleaning up 1 outstanding Http requests.
[2026.04.20-22.22.19:217][513]LogModuleManager: Shutting down and abandoning module SSL (70)
[2026.04.20-22.22.19:220][513]LogModuleManager: Shutting down and abandoning module PixWinPlugin (66)
[2026.04.20-22.22.19:222][513]LogModuleManager: Shutting down and abandoning module MLSDK (64)
[2026.04.20-22.22.19:222][513]LogModuleManager: Shutting down and abandoning module MagicLeap (62)
[2026.04.20-22.22.19:222][513]LogModuleManager: Shutting down and abandoning module NiagaraVertexFactories (60)
[2026.04.20-22.22.19:222][513]LogModuleManager: Shutting down and abandoning module NiagaraShader (58)
[2026.04.20-22.22.19:222][513]LogModuleManager: Shutting down and abandoning module VariantManagerContent (56)
[2026.04.20-22.22.19:222][513]LogModuleManager: Shutting down and abandoning module DatasmithContent (54)
[2026.04.20-22.22.19:223][513]LogModuleManager: Shutting down and abandoning module ChaosCloth (52)
[2026.04.20-22.22.19:223][513]LogModuleManager: Shutting down and abandoning module AISupportModule (50)
[2026.04.20-22.22.19:223][513]LogModuleManager: Shutting down and abandoning module DesktopPlatform (48)
[2026.04.20-22.22.19:223][513]LogModuleManager: Shutting down and abandoning module PythonScriptPluginPreload (46)
[2026.04.20-22.22.19:223][513]LogModuleManager: Shutting down and abandoning module PlatformCryptoOpenSSL (44)
[2026.04.20-22.22.19:223][513]LogModuleManager: Shutting down and abandoning module PlatformCryptoTypes (42)
[2026.04.20-22.22.19:223][513]LogModuleManager: Shutting down and abandoning module PlatformCrypto (40)
[2026.04.20-22.22.19:223][513]LogModuleManager: Shutting down and abandoning module OodleDataCompressionFormat (38)
[2026.04.20-22.22.19:223][513]LogModuleManager: Shutting down and abandoning module XGEController (36)
[2026.04.20-22.22.19:224][513]LogModuleManager: Shutting down and abandoning module AnimationModifiers (34)
[2026.04.20-22.22.19:224][513]LogModuleManager: Shutting down and abandoning module AudioEditor (32)
[2026.04.20-22.22.19:225][513]LogModuleManager: Shutting down and abandoning module PropertyEditor (31)
[2026.04.20-22.22.19:225][513]LogModuleManager: Shutting down and abandoning module TextureCompressor (28)
[2026.04.20-22.22.19:225][513]LogModuleManager: Shutting down and abandoning module RenderCore (26)
[2026.04.20-22.22.19:225][513]LogModuleManager: Shutting down and abandoning module Landscape (24)
[2026.04.20-22.22.19:225][513]LogModuleManager: Shutting down and abandoning module SlateRHIRenderer (22)
[2026.04.20-22.22.19:226][513]LogModuleManager: Shutting down and abandoning module AnimGraphRuntime (20)
[2026.04.20-22.22.19:226][513]LogModuleManager: Shutting down and abandoning module Renderer (18)
[2026.04.20-22.22.19:226][513]LogModuleManager: Shutting down and abandoning module Engine (16)
[2026.04.20-22.22.19:226][513]LogModuleManager: Shutting down and abandoning module CoreUObject (14)
[2026.04.20-22.22.19:226][513]LogModuleManager: Shutting down and abandoning module NetworkFile (12)
[2026.04.20-22.22.19:226][513]LogModuleManager: Shutting down and abandoning module CookedIterativeFile (10)
[2026.04.20-22.22.19:226][513]LogModuleManager: Shutting down and abandoning module StreamingFile (8)
[2026.04.20-22.22.19:226][513]LogModuleManager: Shutting down and abandoning module SandboxFile (6)
[2026.04.20-22.22.19:226][513]LogModuleManager: Shutting down and abandoning module PakFile (4)
[2026.04.20-22.22.19:226][513]LogModuleManager: Shutting down and abandoning module RSA (3)
[2026.04.20-22.22.19:226][513]LogContentStreaming: Display: There are 1 unreleased StreamingManagers
[2026.04.20-22.22.19:312][513]LogD3D11RHI: Shutdown
[2026.04.20-22.22.19:312][513]LogD3D11RHI: CleanupD3DDevice
[2026.04.20-22.22.19:322][513]LogExit: Exiting.
[2026.04.20-22.22.19:370][513]Log file closed, 04/20/26 15:22:19
