Log file open, 07/30/26 11:15:07
LogWindows: Failed to load 'aqProf.dll' (GetLastError=126)
LogWindows: File 'aqProf.dll' does not exist
LogWindows: Failed to load 'VtuneApi.dll' (GetLastError=126)
LogWindows: File 'VtuneApi.dll' does not exist
LogWindows: Failed to load 'VtuneApi32e.dll' (GetLastError=126)
LogWindows: File 'VtuneApi32e.dll' does not exist
LogConsoleResponse: Display: Failed to find resolution value strings in scalability ini. Falling back to default.
LogConsoleResponse: Display: Failed to find resolution value strings in scalability ini. Falling back to default.
LogInit: Display: Running engine for game: SpiderMan_Mk2
LogPlatformFile: Not using cached read wrapper
LogTaskGraph: Started task graph with 5 named threads and 59 total threads with 3 sets of task threads.
LogStats: Stats thread started at 0.253521
LogICUInternationalization: ICU TimeZone Detection - Raw Offset: -5:00, Platform Override: ''
LogInit: Display: Loading text-based GConfig....
LogPluginManager: Mounting plugin FMODStudio
LogPluginManager: Mounting plugin MeshPainting
LogPluginManager: Mounting plugin XGEController
LogPluginManager: Mounting plugin Paper2D
LogPluginManager: Mounting plugin LightPropagationVolume
LogPluginManager: Mounting plugin EnvironmentQueryEditor
LogPluginManager: Mounting plugin LiveLink
LogPluginManager: Mounting plugin AISupport
LogPluginManager: Mounting plugin CameraShakePreviewer
LogPluginManager: Mounting plugin AssetManagerEditor
LogPluginManager: Mounting plugin BlueprintMaterialTextureNodes
LogPluginManager: Mounting plugin GameplayCameras
LogPluginManager: Mounting plugin CryptoKeys
LogPluginManager: Mounting plugin DataValidation
LogPluginManager: Mounting plugin CurveEditorTools
LogPluginManager: Mounting plugin FacialAnimation
LogPluginManager: Mounting plugin GameplayTagsEditor
LogPluginManager: Mounting plugin GLTFImporter
LogPluginManager: Mounting plugin MacGraphicsSwitching
LogPluginManager: Mounting plugin MaterialAnalyzer
LogPluginManager: Mounting plugin MobileLauncherProfileWizard
LogPluginManager: Mounting plugin PluginBrowser
LogPluginManager: Mounting plugin GeometryMode
LogPluginManager: Mounting plugin OodleData
LogPluginManager: Mounting plugin OodleNetwork
LogPluginManager: Mounting plugin DatasmithContent
LogPluginManager: Mounting plugin SpeedTreeImporter
LogPluginManager: Mounting plugin VariantManagerContent
LogPluginManager: Mounting plugin AnimationSharing
LogPluginManager: Mounting plugin CLionSourceCodeAccess
LogPluginManager: Mounting plugin CodeLiteSourceCodeAccess
LogPluginManager: Mounting plugin KDevelopSourceCodeAccess
LogPluginManager: Mounting plugin PerforceSourceControl
LogPluginManager: Mounting plugin PixWinPlugin
LogPluginManager: Mounting plugin PluginUtils
LogPluginManager: Mounting plugin GitSourceControl
LogPluginManager: Mounting plugin PropertyAccessNode
LogPluginManager: Mounting plugin NullSourceCodeAccess
LogPluginManager: Mounting plugin RiderSourceCodeAccess
LogPluginManager: Mounting plugin SubversionSourceControl
LogPluginManager: Mounting plugin UObjectPlugin
LogPluginManager: Mounting plugin XCodeSourceCodeAccess
LogPluginManager: Mounting plugin VisualStudioCodeSourceCodeAccess
LogPluginManager: Mounting plugin AlembicImporter
LogPluginManager: Mounting plugin TextureFormatOodle
LogPluginManager: Mounting plugin VisualStudioSourceCodeAccess
LogPluginManager: Mounting plugin AutomationUtils
LogPluginManager: Mounting plugin BackChannel
LogPluginManager: Mounting plugin ChaosCloth
LogPluginManager: Mounting plugin ChaosClothEditor
LogPluginManager: Mounting plugin ChaosEditor
LogPluginManager: Mounting plugin ChaosSolverPlugin
LogPluginManager: Mounting plugin CharacterAI
LogPluginManager: Mounting plugin PlasticSourceControl
LogPluginManager: Mounting plugin ChaosNiagara
LogPluginManager: Mounting plugin GeometryCache
LogPluginManager: Mounting plugin Niagara
LogPluginManager: Mounting plugin GeometryCollectionPlugin
LogPluginManager: Mounting plugin GeometryProcessing
LogPluginManager: Mounting plugin Landmass
LogPluginManager: Mounting plugin OpenImageDenoise
LogPluginManager: Mounting plugin PlanarCut
LogPluginManager: Mounting plugin PlatformCrypto
LogPluginManager: Mounting plugin PythonScriptPlugin
LogPluginManager: Mounting plugin ProxyLODPlugin
LogPluginManager: Mounting plugin SkeletalReduction
LogPluginManager: Mounting plugin Water
LogPluginManager: Mounting plugin Prefabricator
LogPluginManager: Mounting plugin BlockoutToolsPlugin
LogPluginManager: Mounting plugin AndroidMedia
LogPluginManager: Mounting plugin MotoSynth
LogPluginManager: Mounting plugin AvfMedia
LogPluginManager: Mounting plugin ImgMedia
LogPluginManager: Mounting plugin MediaCompositing
LogPluginManager: Mounting plugin WebMMedia
LogPluginManager: Mounting plugin UdpMessaging
LogPluginManager: Mounting plugin WmfMedia
LogPluginManager: Mounting plugin TcpMessaging
LogPluginManager: Mounting plugin MediaPlayerEditor
LogPluginManager: Mounting plugin ActorLayerUtilities
LogPluginManager: Mounting plugin OnlineSubsystem
LogPluginManager: Mounting plugin AndroidDeviceProfileSelector
LogPluginManager: Mounting plugin OnlineSubsystemUtils
LogPluginManager: Mounting plugin AndroidPermission
LogPluginManager: Mounting plugin AndroidMoviePlayer
LogPluginManager: Mounting plugin AppleImageUtils
LogPluginManager: Mounting plugin AudioCapture
LogPluginManager: Mounting plugin AssetTags
LogPluginManager: Mounting plugin CableComponent
LogPluginManager: Mounting plugin OnlineSubsystemNull
LogPluginManager: Mounting plugin ExampleDeviceProfileSelector
LogPluginManager: Mounting plugin ArchVisCharacter
LogPluginManager: Mounting plugin ChunkDownloader
LogPluginManager: Mounting plugin AudioSynesthesia
LogPluginManager: Mounting plugin GoogleCloudMessaging
LogPluginManager: Mounting plugin CustomMeshComponent
LogPluginManager: Mounting plugin AppleMoviePlayer
LogPluginManager: Mounting plugin GooglePAD
LogPluginManager: Mounting plugin EditableMesh
LogPluginManager: Mounting plugin HoudiniEngine
LogPluginManager: Mounting plugin IOSDeviceProfileSelector
LogPluginManager: Mounting plugin LinuxDeviceProfileSelector
LogPluginManager: Mounting plugin LocationServicesBPLibrary
LogPluginManager: Mounting plugin ScreenshotTools
LogPluginManager: Mounting plugin OpenXR
LogPluginManager: Mounting plugin OpenXREyeTracker
LogPluginManager: Mounting plugin OpenXRHandTracking
LogPluginManager: Mounting plugin ActorSequence
LogPluginManager: Mounting plugin LevelSequenceEditor
LogPluginManager: Mounting plugin MatineeToLevelSequence
LogPluginManager: Mounting plugin TemplateSequence
LogPluginManager: Mounting plugin PostSplashScreen
LogPluginManager: Mounting plugin LauncherChunkInstaller
LogPluginManager: Mounting plugin MobilePatchingUtils
LogPluginManager: Mounting plugin ProceduralMeshComponent
LogPluginManager: Mounting plugin PhysXVehicles
LogPluginManager: Mounting plugin RuntimePhysXCooking
LogPluginManager: Mounting plugin PropertyAccessEditor
LogPluginManager: Mounting plugin SignificanceManager
LogPluginManager: Mounting plugin SoundFields
LogPluginManager: Mounting plugin Synthesis
LogPluginManager: Mounting plugin WebMMoviePlayer
LogPluginManager: Mounting plugin WindowsMoviePlayer
LogPluginManager: Mounting plugin Takes
LogPluginManager: Mounting plugin MagicLeap
LogPluginManager: Mounting plugin LuminPlatformFeatures
LogPluginManager: Mounting plugin MagicLeapPassableWorld
LogPluginManager: Mounting plugin MagicLeapMedia
LogPluginManager: Mounting plugin MLSDK
LogPluginManager: Mounting plugin MagicLeapLightEstimation
LogPluginManager: Mounting plugin ContentBrowserClassDataSource
LogPluginManager: Mounting plugin ContentBrowserAssetDataSource
LogPluginManager: Mounting plugin ContentBrowserFileDataSource
LogPluginManager: Mounting plugin OnlineSubsystemGooglePlay
LogPluginManager: Mounting plugin OnlineSubsystemIOS
LogPluginManager: Mounting plugin OculusVR
LogPluginManager: Mounting plugin SteamVR
PixWinPlugin: PIX capture plugin failed to initialize! Check that the process is launched from PIX.
LogInit: Using libcurl 7.55.1-DEV
LogInit:  - built for x86_64-pc-win32
LogInit:  - supports SSL with OpenSSL/1.1.1
LogInit:  - supports HTTP deflate (compression) using libz 1.2.8
LogInit:  - other features:
LogInit:      CURL_VERSION_SSL
LogInit:      CURL_VERSION_LIBZ
LogInit:      CURL_VERSION_IPV6
LogInit:      CURL_VERSION_ASYNCHDNS
LogInit:      CURL_VERSION_LARGEFILE
LogInit:      CURL_VERSION_IDN
LogInit:  CurlRequestOptions (configurable via config and command line):
LogInit:  - bVerifyPeer = true  - Libcurl will verify peer certificate
LogInit:  - bUseHttpProxy = false  - Libcurl will NOT use HTTP proxy
LogInit:  - bDontReuseConnections = false  - Libcurl will reuse connections
LogInit:  - MaxHostConnections = 16  - Libcurl will limit the number of connections to a host
LogInit:  - LocalHostAddr = Default
LogInit:  - BufferSize = 65536
LogOnline: OSS: Creating online subsystem instance for: NULL
LogInit: WinSock: version 1.1 (2.2), MaxSocks=32767, MaxUdp=65467
LogOnline: OSS: TryLoadSubsystemAndSetDefault: Loaded subsystem for module [NULL]
LogOculusPluginWrapper: OculusPlugin initialized successfully
LogHMD: Failed initializing OVRPlugin 1.59.0
LogInit: Build: ++UE4+Release-4.27-CL-18319896
LogInit: Engine Version: 4.27.2-18319896+++UE4+Release-4.27
LogInit: Compatible Engine Version: 4.27.0-17155196+++UE4+Release-4.27
LogInit: Net CL: 17155196
LogInit: OS: Windows 10 (Release 2009) (), CPU: 12th Gen Intel(R) Core(TM) i9-12900H, GPU: Intel(R) Iris(R) Xe Graphics
LogInit: Compiled (64-bit): Nov 30 2021 07:12:08
LogInit: Compiled with Visual C++: 19.24.28315.00
LogInit: Build Configuration: Development
LogInit: Branch Name: ++UE4+Release-4.27
LogInit: Command Line: 
LogInit: Base Directory: C:/Program Files/Epic Games/UE_4.27/Engine/Binaries/Win64/
LogInit: Allocator: TBB
LogInit: Installed Engine Build: 1
LogDevObjectVersion: Number of dev versions registered: 29
LogDevObjectVersion:   Dev-Blueprints (B0D832E4-1F89-4F0D-ACCF-7EB736FD4AA2): 10
LogDevObjectVersion:   Dev-Build (E1C64328-A22C-4D53-A36C-8E866417BD8C): 0
LogDevObjectVersion:   Dev-Core (375EC13C-06E4-48FB-B500-84F0262A717E): 4
LogDevObjectVersion:   Dev-Editor (E4B068ED-F494-42E9-A231-DA0B2E46BB41): 40
LogDevObjectVersion:   Dev-Framework (CFFC743F-43B0-4480-9391-14DF171D2073): 37
LogDevObjectVersion:   Dev-Mobile (B02B49B5-BB20-44E9-A304-32B752E40360): 3
LogDevObjectVersion:   Dev-Networking (A4E4105C-59A1-49B5-A7C5-40C4547EDFEE): 0
LogDevObjectVersion:   Dev-Online (39C831C9-5AE6-47DC-9A44-9C173E1C8E7C): 0
LogDevObjectVersion:   Dev-Physics (78F01B33-EBEA-4F98-B9B4-84EACCB95AA2): 14
LogDevObjectVersion:   Dev-Platform (6631380F-2D4D-43E0-8009-CF276956A95A): 0
LogDevObjectVersion:   Dev-Rendering (12F88B9F-8875-4AFC-A67C-D90C383ABD29): 45
LogDevObjectVersion:   Dev-Sequencer (7B5AE74C-D270-4C10-A958-57980B212A5A): 13
LogDevObjectVersion:   Dev-VR (D7296918-1DD6-4BDD-9DE2-64A83CC13884): 3
LogDevObjectVersion:   Dev-LoadTimes (C2A15278-BFE7-4AFE-6C17-90FF531DF755): 1
LogDevObjectVersion:   Private-Geometry (6EACA3D4-40EC-4CC1-B786-8BED09428FC5): 3
LogDevObjectVersion:   Dev-AnimPhys (29E575DD-E0A3-4627-9D10-D276232CDCEA): 17
LogDevObjectVersion:   Dev-Anim (AF43A65D-7FD3-4947-9873-3E8ED9C1BB05): 15
LogDevObjectVersion:   Dev-ReflectionCapture (6B266CEC-1EC7-4B8F-A30B-E4D90942FC07): 1
LogDevObjectVersion:   Dev-Automation (0DF73D61-A23F-47EA-B727-89E90C41499A): 1
LogDevObjectVersion:   FortniteMain (601D1886-AC64-4F84-AA16-D3DE0DEAC7D6): 47
LogDevObjectVersion:   FortniteRelease (E7086368-6B23-4C58-8439-1B7016265E91): 1
LogDevObjectVersion:   Dev-Enterprise (9DFFBCD6-494F-0158-E221-12823C92A888): 10
LogDevObjectVersion:   Dev-Niagara (F2AED0AC-9AFE-416F-8664-AA7FFA26D6FC): 1
LogDevObjectVersion:   Dev-Destruction (174F1F0B-B4C6-45A5-B13F-2EE8D0FB917D): 10
LogDevObjectVersion:   Dev-Physics-Ext (35F94A83-E258-406C-A318-09F59610247C): 41
LogDevObjectVersion:   Dev-PhysicsMaterial-Chaos (B68FC16E-8B1B-42E2-B453-215C058844FE): 1
LogDevObjectVersion:   Dev-CineCamera (B2E18506-4273-CFC2-A54E-F4BB758BBA07): 1
LogDevObjectVersion:   Dev-VirtualProduction (64F58936-FD1B-42BA-BA96-7289D5D0FA4E): 1
LogDevObjectVersion:   Dev-MediaFramework (6F0ED827-A609-4895-9C91-998D90180EA4): 2
LogInit: Presizing for max 25165824 objects, including 0 objects not considered by GC, pre-allocating 0 bytes for permanent pool.
LogConfig: Applying CVar settings from Section [/Script/Engine.StreamingSettings] File [C:/Users/Yatharth Padharia/Documents/Dungeon Game/Spiderman-Project/SpiderMan Traversal Project_Portfolio/Saved/Config/Windows/Engine.ini]
LogConfig: Setting CVar [[s.MinBulkDataSizeForAsyncLoading:131072]]
LogConfig: Setting CVar [[s.AsyncLoadingThreadEnabled:0]]
LogConfig: Setting CVar [[s.EventDrivenLoaderEnabled:1]]
LogConfig: Setting CVar [[s.WarnIfTimeLimitExceeded:0]]
LogConfig: Setting CVar [[s.TimeLimitExceededMultiplier:1.5]]
LogConfig: Setting CVar [[s.TimeLimitExceededMinTime:0.005]]
LogConfig: Setting CVar [[s.UseBackgroundLevelStreaming:1]]
LogConfig: Setting CVar [[s.PriorityAsyncLoadingExtraTime:15.0]]
LogConfig: Setting CVar [[s.LevelStreamingActorsUpdateTimeLimit:5.0]]
LogConfig: Setting CVar [[s.PriorityLevelStreamingActorsUpdateExtraTime:5.0]]
LogConfig: Setting CVar [[s.LevelStreamingComponentsRegistrationGranularity:10]]
LogConfig: Setting CVar [[s.UnregisterComponentsTimeLimit:1.0]]
LogConfig: Setting CVar [[s.LevelStreamingComponentsUnregistrationGranularity:5]]
LogConfig: Setting CVar [[s.FlushStreamingOnExit:1]]
LogInit: Object subsystem initialized
LogConfig: Setting CVar [[con.DebugEarlyDefault:1]]
LogConfig: Setting CVar [[r.setres:1280x720]]
LogConfig: Setting CVar [[fx.NiagaraAllowRuntimeScalabilityChanges:1]]
[2026.07.30-15.15.08:250][  0]LogConfig: Setting CVar [[r.VSync:0]]
[2026.07.30-15.15.08:250][  0]LogConfig: Setting CVar [[r.RHICmdBypass:0]]
[2026.07.30-15.15.08:250][  0]LogConfig: Applying CVar settings from Section [/Script/Engine.RendererSettings] File [C:/Users/Yatharth Padharia/Documents/Dungeon Game/Spiderman-Project/SpiderMan Traversal Project_Portfolio/Saved/Config/Windows/Engine.ini]
[2026.07.30-15.15.08:250][  0]LogConfig: Setting CVar [[r.GPUCrashDebugging:0]]
[2026.07.30-15.15.08:250][  0]LogConfig: Setting CVar [[r.EarlyZPass:2]]
[2026.07.30-15.15.08:250][  0]LogConfig: Setting CVar [[r.EarlyZPassOnlyMaterialMasking:1]]
[2026.07.30-15.15.08:250][  0]LogConfig: Applying CVar settings from Section [/Script/Engine.RendererOverrideSettings] File [C:/Users/Yatharth Padharia/Documents/Dungeon Game/Spiderman-Project/SpiderMan Traversal Project_Portfolio/Saved/Config/Windows/Engine.ini]
[2026.07.30-15.15.08:250][  0]LogConfig: Applying CVar settings from Section [/Script/Engine.StreamingSettings] File [C:/Users/Yatharth Padharia/Documents/Dungeon Game/Spiderman-Project/SpiderMan Traversal Project_Portfolio/Saved/Config/Windows/Engine.ini]
[2026.07.30-15.15.08:250][  0]LogConfig: Setting CVar [[s.MinBulkDataSizeForAsyncLoading:131072]]
[2026.07.30-15.15.08:250][  0]LogConfig: Setting CVar [[s.AsyncLoadingThreadEnabled:0]]
[2026.07.30-15.15.08:250][  0]LogConfig: Setting CVar [[s.EventDrivenLoaderEnabled:1]]
[2026.07.30-15.15.08:250][  0]LogConfig: Setting CVar [[s.WarnIfTimeLimitExceeded:0]]
[2026.07.30-15.15.08:250][  0]LogConfig: Setting CVar [[s.TimeLimitExceededMultiplier:1.5]]
[2026.07.30-15.15.08:250][  0]LogConfig: Setting CVar [[s.TimeLimitExceededMinTime:0.005]]
[2026.07.30-15.15.08:250][  0]LogConfig: Setting CVar [[s.UseBackgroundLevelStreaming:1]]
[2026.07.30-15.15.08:250][  0]LogConfig: Setting CVar [[s.PriorityAsyncLoadingExtraTime:15.0]]
[2026.07.30-15.15.08:250][  0]LogConfig: Setting CVar [[s.LevelStreamingActorsUpdateTimeLimit:5.0]]
[2026.07.30-15.15.08:250][  0]LogConfig: Setting CVar [[s.PriorityLevelStreamingActorsUpdateExtraTime:5.0]]
[2026.07.30-15.15.08:250][  0]LogConfig: Setting CVar [[s.LevelStreamingComponentsRegistrationGranularity:10]]
[2026.07.30-15.15.08:250][  0]LogConfig: Setting CVar [[s.UnregisterComponentsTimeLimit:1.0]]
[2026.07.30-15.15.08:250][  0]LogConfig: Setting CVar [[s.LevelStreamingComponentsUnregistrationGranularity:5]]
[2026.07.30-15.15.08:250][  0]LogConfig: Setting CVar [[s.FlushStreamingOnExit:1]]
[2026.07.30-15.15.08:251][  0]LogConfig: Applying CVar settings from Section [/Script/Engine.GarbageCollectionSettings] File [C:/Users/Yatharth Padharia/Documents/Dungeon Game/Spiderman-Project/SpiderMan Traversal Project_Portfolio/Saved/Config/Windows/Engine.ini]
[2026.07.30-15.15.08:251][  0]LogConfig: Setting CVar [[gc.MaxObjectsNotConsideredByGC:1]]
[2026.07.30-15.15.08:251][  0]LogConfig: Setting CVar [[gc.SizeOfPermanentObjectPool:0]]
[2026.07.30-15.15.08:251][  0]LogConfig: Setting CVar [[gc.FlushStreamingOnGC:0]]
[2026.07.30-15.15.08:251][  0]LogConfig: Setting CVar [[gc.NumRetriesBeforeForcingGC:10]]
[2026.07.30-15.15.08:251][  0]LogConfig: Setting CVar [[gc.AllowParallelGC:1]]
[2026.07.30-15.15.08:251][  0]LogConfig: Setting CVar [[gc.TimeBetweenPurgingPendingKillObjects:61.1]]
[2026.07.30-15.15.08:251][  0]LogConfig: Setting CVar [[gc.MaxObjectsInEditor:25165824]]
[2026.07.30-15.15.08:251][  0]LogConfig: Setting CVar [[gc.IncrementalBeginDestroyEnabled:1]]
[2026.07.30-15.15.08:251][  0]LogConfig: Setting CVar [[gc.CreateGCClusters:1]]
[2026.07.30-15.15.08:251][  0]LogConfig: Setting CVar [[gc.MinGCClusterSize:5]]
[2026.07.30-15.15.08:251][  0]LogConfig: Setting CVar [[gc.ActorClusteringEnabled:0]]
[2026.07.30-15.15.08:251][  0]LogConfig: Setting CVar [[gc.BlueprintClusteringEnabled:0]]
[2026.07.30-15.15.08:251][  0]LogConfig: Setting CVar [[gc.UseDisregardForGCOnDedicatedServers:0]]
[2026.07.30-15.15.08:251][  0]LogConfig: Setting CVar [[gc.MultithreadedDestructionEnabled:1]]
[2026.07.30-15.15.08:251][  0]LogConfig: Applying CVar settings from Section [/Script/Engine.NetworkSettings] File [C:/Users/Yatharth Padharia/Documents/Dungeon Game/Spiderman-Project/SpiderMan Traversal Project_Portfolio/Saved/Config/Windows/Engine.ini]
[2026.07.30-15.15.08:251][  0]LogConfig: Applying CVar settings from Section [/Script/UnrealEd.CookerSettings] File [C:/Users/Yatharth Padharia/Documents/Dungeon Game/Spiderman-Project/SpiderMan Traversal Project_Portfolio/Saved/Config/Windows/Engine.ini]
[2026.07.30-15.15.08:257][  0]LogConfig: Applying CVar settings from Section [ViewDistanceQuality@3] File [C:/Users/Yatharth Padharia/Documents/Dungeon Game/Spiderman-Project/SpiderMan Traversal Project_Portfolio/Saved/Config/Windows/Scalability.ini]
[2026.07.30-15.15.08:257][  0]LogConfig: Setting CVar [[r.SkeletalMeshLODBias:0]]
[2026.07.30-15.15.08:257][  0]LogConfig: Setting CVar [[r.ViewDistanceScale:1.0]]
[2026.07.30-15.15.08:257][  0]LogConfig: Applying CVar settings from Section [AntiAliasingQuality@3] File [C:/Users/Yatharth Padharia/Documents/Dungeon Game/Spiderman-Project/SpiderMan Traversal Project_Portfolio/Saved/Config/Windows/Scalability.ini]
[2026.07.30-15.15.08:257][  0]LogConfig: Setting CVar [[r.PostProcessAAQuality:4]]
[2026.07.30-15.15.08:257][  0]LogConfig: Applying CVar settings from Section [ShadowQuality@3] File [C:/Users/Yatharth Padharia/Documents/Dungeon Game/Spiderman-Project/SpiderMan Traversal Project_Portfolio/Saved/Config/Windows/Scalability.ini]
[2026.07.30-15.15.08:257][  0]LogConfig: Setting CVar [[r.LightFunctionQuality:1]]
[2026.07.30-15.15.08:257][  0]LogConfig: Setting CVar [[r.ShadowQuality:5]]
[2026.07.30-15.15.08:257][  0]LogConfig: Setting CVar [[r.Shadow.CSM.MaxCascades:10]]
[2026.07.30-15.15.08:257][  0]LogConfig: Setting CVar [[r.Shadow.MaxResolution:2048]]
[2026.07.30-15.15.08:257][  0]LogConfig: Setting CVar [[r.Shadow.MaxCSMResolution:2048]]
[2026.07.30-15.15.08:257][  0]LogConfig: Setting CVar [[r.Shadow.RadiusThreshold:0.01]]
[2026.07.30-15.15.08:257][  0]LogConfig: Setting CVar [[r.Shadow.DistanceScale:1.0]]
[2026.07.30-15.15.08:257][  0]LogConfig: Setting CVar [[r.Shadow.CSM.TransitionScale:1.0]]
[2026.07.30-15.15.08:257][  0]LogConfig: Setting CVar [[r.Shadow.PreShadowResolutionFactor:1.0]]
[2026.07.30-15.15.08:257][  0]LogConfig: Setting CVar [[r.DistanceFieldShadowing:1]]
[2026.07.30-15.15.08:257][  0]LogConfig: Setting CVar [[r.DistanceFieldAO:1]]
[2026.07.30-15.15.08:257][  0]LogConfig: Setting CVar [[r.AOQuality:2]]
[2026.07.30-15.15.08:257][  0]LogConfig: Setting CVar [[r.VolumetricFog:1]]
[2026.07.30-15.15.08:257][  0]LogConfig: Setting CVar [[r.VolumetricFog.GridPixelSize:8]]
[2026.07.30-15.15.08:257][  0]LogConfig: Setting CVar [[r.VolumetricFog.GridSizeZ:128]]
[2026.07.30-15.15.08:257][  0]LogConfig: Setting CVar [[r.VolumetricFog.HistoryMissSupersampleCount:4]]
[2026.07.30-15.15.08:257][  0]LogConfig: Setting CVar [[r.LightMaxDrawDistanceScale:1]]
[2026.07.30-15.15.08:257][  0]LogConfig: Setting CVar [[r.CapsuleShadows:1]]
[2026.07.30-15.15.08:257][  0]LogConfig: Applying CVar settings from Section [PostProcessQuality@3] File [C:/Users/Yatharth Padharia/Documents/Dungeon Game/Spiderman-Project/SpiderMan Traversal Project_Portfolio/Saved/Config/Windows/Scalability.ini]
[2026.07.30-15.15.08:257][  0]LogConfig: Setting CVar [[r.MotionBlurQuality:4]]
[2026.07.30-15.15.08:257][  0]LogConfig: Setting CVar [[r.AmbientOcclusionMipLevelFactor:0.4]]
[2026.07.30-15.15.08:257][  0]LogConfig: Setting CVar [[r.AmbientOcclusionMaxQuality:100]]
[2026.07.30-15.15.08:257][  0]LogConfig: Setting CVar [[r.AmbientOcclusionLevels:-1]]
[2026.07.30-15.15.08:257][  0]LogConfig: Setting CVar [[r.AmbientOcclusionRadiusScale:1.0]]
[2026.07.30-15.15.08:257][  0]LogConfig: Setting CVar [[r.DepthOfFieldQuality:2]]
[2026.07.30-15.15.08:257][  0]LogConfig: Setting CVar [[r.RenderTargetPoolMin:400]]
[2026.07.30-15.15.08:257][  0]LogConfig: Setting CVar [[r.LensFlareQuality:2]]
[2026.07.30-15.15.08:257][  0]LogConfig: Setting CVar [[r.SceneColorFringeQuality:1]]
[2026.07.30-15.15.08:257][  0]LogConfig: Setting CVar [[r.EyeAdaptationQuality:2]]
[2026.07.30-15.15.08:257][  0]LogConfig: Setting CVar [[r.BloomQuality:5]]
[2026.07.30-15.15.08:257][  0]LogConfig: Setting CVar [[r.FastBlurThreshold:100]]
[2026.07.30-15.15.08:257][  0]LogConfig: Setting CVar [[r.Upscale.Quality:3]]
[2026.07.30-15.15.08:257][  0]LogConfig: Setting CVar [[r.Tonemapper.GrainQuantization:1]]
[2026.07.30-15.15.08:257][  0]LogConfig: Setting CVar [[r.LightShaftQuality:1]]
[2026.07.30-15.15.08:257][  0]LogConfig: Setting CVar [[r.Filter.SizeScale:1]]
[2026.07.30-15.15.08:257][  0]LogConfig: Setting CVar [[r.Tonemapper.Quality:5]]
[2026.07.30-15.15.08:257][  0]LogConfig: Setting CVar [[r.DOF.Gather.AccumulatorQuality:1        ; higher gathering accumulator quality]]
[2026.07.30-15.15.08:257][  0]LogConfig: Setting CVar [[r.DOF.Gather.PostfilterMethod:1          ; Median3x3 postfilering method]]
[2026.07.30-15.15.08:257][  0]LogConfig: Setting CVar [[r.DOF.Gather.EnableBokehSettings:0       ; no bokeh simulation when gathering]]
[2026.07.30-15.15.08:257][  0]LogConfig: Setting CVar [[r.DOF.Gather.RingCount:4                 ; medium number of samples when gathering]]
[2026.07.30-15.15.08:257][  0]LogConfig: Setting CVar [[r.DOF.Scatter.ForegroundCompositing:1    ; additive foreground scattering]]
[2026.07.30-15.15.08:257][  0]LogConfig: Setting CVar [[r.DOF.Scatter.BackgroundCompositing:2    ; additive background scattering]]
[2026.07.30-15.15.08:257][  0]LogConfig: Setting CVar [[r.DOF.Scatter.EnableBokehSettings:1      ; bokeh simulation when scattering]]
[2026.07.30-15.15.08:257][  0]LogConfig: Setting CVar [[r.DOF.Scatter.MaxSpriteRatio:0.1         ; only a maximum of 10% of scattered bokeh]]
[2026.07.30-15.15.08:257][  0]LogConfig: Setting CVar [[r.DOF.Recombine.Quality:1                ; cheap slight out of focus]]
[2026.07.30-15.15.08:257][  0]LogConfig: Setting CVar [[r.DOF.Recombine.EnableBokehSettings:0    ; no bokeh simulation on slight out of focus]]
[2026.07.30-15.15.08:257][  0]LogConfig: Setting CVar [[r.DOF.TemporalAAQuality:1                ; more stable temporal accumulation]]
[2026.07.30-15.15.08:257][  0]LogConfig: Setting CVar [[r.DOF.Kernel.MaxForegroundRadius:0.025]]
[2026.07.30-15.15.08:257][  0]LogConfig: Setting CVar [[r.DOF.Kernel.MaxBackgroundRadius:0.025]]
[2026.07.30-15.15.08:257][  0]LogConfig: Applying CVar settings from Section [TextureQuality@3] File [C:/Users/Yatharth Padharia/Documents/Dungeon Game/Spiderman-Project/SpiderMan Traversal Project_Portfolio/Saved/Config/Windows/Scalability.ini]
[2026.07.30-15.15.08:257][  0]LogConfig: Setting CVar [[r.Streaming.MipBias:0]]
[2026.07.30-15.15.08:257][  0]LogConfig: Setting CVar [[r.Streaming.AmortizeCPUToGPUCopy:0]]
[2026.07.30-15.15.08:257][  0]LogConfig: Setting CVar [[r.Streaming.MaxNumTexturesToStreamPerFrame:0]]
[2026.07.30-15.15.08:257][  0]LogConfig: Setting CVar [[r.Streaming.Boost:1]]
[2026.07.30-15.15.08:257][  0]LogConfig: Setting CVar [[r.MaxAnisotropy:8]]
[2026.07.30-15.15.08:257][  0]LogConfig: Setting CVar [[r.VT.MaxAnisotropy:8]]
[2026.07.30-15.15.08:257][  0]LogConfig: Setting CVar [[r.Streaming.LimitPoolSizeToVRAM:0]]
[2026.07.30-15.15.08:257][  0]LogConfig: Setting CVar [[r.Streaming.PoolSize:1000]]
[2026.07.30-15.15.08:257][  0]LogConfig: Setting CVar [[r.Streaming.MaxEffectiveScreenSize:0]]
[2026.07.30-15.15.08:257][  0]LogConfig: Applying CVar settings from Section [EffectsQuality@3] File [C:/Users/Yatharth Padharia/Documents/Dungeon Game/Spiderman-Project/SpiderMan Traversal Project_Portfolio/Saved/Config/Windows/Scalability.ini]
[2026.07.30-15.15.08:257][  0]LogConfig: Setting CVar [[r.TranslucencyLightingVolumeDim:64]]
[2026.07.30-15.15.08:257][  0]LogConfig: Setting CVar [[r.RefractionQuality:2]]
[2026.07.30-15.15.08:257][  0]LogConfig: Setting CVar [[r.SSR.Quality:3]]
[2026.07.30-15.15.08:257][  0]LogConfig: Setting CVar [[r.SSR.HalfResSceneColor:0]]
[2026.07.30-15.15.08:257][  0]LogConfig: Setting CVar [[r.SceneColorFormat:4]]
[2026.07.30-15.15.08:257][  0]LogConfig: Setting CVar [[r.DetailMode:2]]
[2026.07.30-15.15.08:257][  0]LogConfig: Setting CVar [[r.TranslucencyVolumeBlur:1]]
[2026.07.30-15.15.08:257][  0]LogConfig: Setting CVar [[r.MaterialQualityLevel:1 ; High quality]]
[2026.07.30-15.15.08:257][  0]LogConfig: Setting CVar [[r.AnisotropicMaterials:1]]
[2026.07.30-15.15.08:257][  0]LogConfig: Setting CVar [[r.SSS.Scale:1]]
[2026.07.30-15.15.08:257][  0]LogConfig: Setting CVar [[r.SSS.SampleSet:2]]
[2026.07.30-15.15.08:257][  0]LogConfig: Setting CVar [[r.SSS.Quality:1]]
[2026.07.30-15.15.08:257][  0]LogConfig: Setting CVar [[r.SSS.HalfRes:0]]
[2026.07.30-15.15.08:257][  0]LogConfig: Setting CVar [[r.SSGI.Quality:3]]
[2026.07.30-15.15.08:257][  0]LogConfig: Setting CVar [[r.EmitterSpawnRateScale:1.0]]
[2026.07.30-15.15.08:257][  0]LogConfig: Setting CVar [[r.ParticleLightQuality:2]]
[2026.07.30-15.15.08:257][  0]LogConfig: Setting CVar [[r.SkyAtmosphere.AerialPerspectiveLUT.FastApplyOnOpaque:1 ; Always have FastSkyLUT 1 in this case to avoid wrong sky]]
[2026.07.30-15.15.08:257][  0]LogConfig: Setting CVar [[r.SkyAtmosphere.AerialPerspectiveLUT.SampleCountMaxPerSlice:4]]
[2026.07.30-15.15.08:257][  0]LogConfig: Setting CVar [[r.SkyAtmosphere.AerialPerspectiveLUT.DepthResolution:16.0]]
[2026.07.30-15.15.08:257][  0]LogConfig: Setting CVar [[r.SkyAtmosphere.FastSkyLUT:1]]
[2026.07.30-15.15.08:257][  0]LogConfig: Setting CVar [[r.SkyAtmosphere.FastSkyLUT.SampleCountMin:4.0]]
[2026.07.30-15.15.08:257][  0]LogConfig: Setting CVar [[r.SkyAtmosphere.FastSkyLUT.SampleCountMax:128.0]]
[2026.07.30-15.15.08:257][  0]LogConfig: Setting CVar [[r.SkyAtmosphere.SampleCountMin:4.0]]
[2026.07.30-15.15.08:257][  0]LogConfig: Setting CVar [[r.SkyAtmosphere.SampleCountMax:128.0]]
[2026.07.30-15.15.08:258][  0]LogConfig: Setting CVar [[r.SkyAtmosphere.TransmittanceLUT.UseSmallFormat:0]]
[2026.07.30-15.15.08:258][  0]LogConfig: Setting CVar [[r.SkyAtmosphere.TransmittanceLUT.SampleCount:10.0]]
[2026.07.30-15.15.08:258][  0]LogConfig: Setting CVar [[r.SkyAtmosphere.MultiScatteringLUT.SampleCount:15.0]]
[2026.07.30-15.15.08:258][  0]LogConfig: Setting CVar [[r.SkyLight.RealTimeReflectionCapture:1]]
[2026.07.30-15.15.08:258][  0]LogConfig: Setting CVar [[fx.Niagara.QualityLevel:3]]
[2026.07.30-15.15.08:258][  0]LogConfig: Applying CVar settings from Section [FoliageQuality@3] File [C:/Users/Yatharth Padharia/Documents/Dungeon Game/Spiderman-Project/SpiderMan Traversal Project_Portfolio/Saved/Config/Windows/Scalability.ini]
[2026.07.30-15.15.08:258][  0]LogConfig: Setting CVar [[foliage.DensityScale:1.0]]
[2026.07.30-15.15.08:258][  0]LogConfig: Setting CVar [[grass.DensityScale:1.0]]
[2026.07.30-15.15.08:258][  0]LogConfig: Applying CVar settings from Section [ShadingQuality@3] File [C:/Users/Yatharth Padharia/Documents/Dungeon Game/Spiderman-Project/SpiderMan Traversal Project_Portfolio/Saved/Config/Windows/Scalability.ini]
[2026.07.30-15.15.08:258][  0]LogConfig: Setting CVar [[r.HairStrands.SkyLighting.IntegrationType:2]]
[2026.07.30-15.15.08:258][  0]LogConfig: Setting CVar [[r.HairStrands.SkyAO.SampleCount:4]]
[2026.07.30-15.15.08:258][  0]LogConfig: Setting CVar [[r.HairStrands.Visibility.MSAA.SamplePerPixel:4]]
[2026.07.30-15.15.08:258][  0]LogInit: Selected Device Profile: [Windows]
[2026.07.30-15.15.08:258][  0]LogInit: Applying CVar settings loaded from the selected device profile: [Windows]
[2026.07.30-15.15.08:258][  0]LogHAL: Display: Platform has ~ 16 GB [16855977984 / 17179869184 / 16], which maps to Larger [LargestMinGB=32, LargerMinGB=12, DefaultMinGB=8, SmallerMinGB=6, SmallestMinGB=0)
[2026.07.30-15.15.08:258][  0]LogInit: Going up to parent DeviceProfile []
[2026.07.30-15.15.08:258][  0]LogConfig: Applying CVar settings from Section [ViewDistanceQuality@3] File [C:/Users/Yatharth Padharia/Documents/Dungeon Game/Spiderman-Project/SpiderMan Traversal Project_Portfolio/Saved/Config/Windows/Scalability.ini]
[2026.07.30-15.15.08:258][  0]LogConfig: Setting CVar [[r.SkeletalMeshLODBias:0]]
[2026.07.30-15.15.08:258][  0]LogConfig: Setting CVar [[r.ViewDistanceScale:1.0]]
[2026.07.30-15.15.08:258][  0]LogConfig: Applying CVar settings from Section [AntiAliasingQuality@3] File [C:/Users/Yatharth Padharia/Documents/Dungeon Game/Spiderman-Project/SpiderMan Traversal Project_Portfolio/Saved/Config/Windows/Scalability.ini]
[2026.07.30-15.15.08:258][  0]LogConfig: Setting CVar [[r.PostProcessAAQuality:4]]
[2026.07.30-15.15.08:258][  0]LogConfig: Applying CVar settings from Section [ShadowQuality@3] File [C:/Users/Yatharth Padharia/Documents/Dungeon Game/Spiderman-Project/SpiderMan Traversal Project_Portfolio/Saved/Config/Windows/Scalability.ini]
[2026.07.30-15.15.08:258][  0]LogConfig: Setting CVar [[r.LightFunctionQuality:1]]
[2026.07.30-15.15.08:258][  0]LogConfig: Setting CVar [[r.ShadowQuality:5]]
[2026.07.30-15.15.08:258][  0]LogConfig: Setting CVar [[r.Shadow.CSM.MaxCascades:10]]
[2026.07.30-15.15.08:258][  0]LogConfig: Setting CVar [[r.Shadow.MaxResolution:2048]]
[2026.07.30-15.15.08:258][  0]LogConfig: Setting CVar [[r.Shadow.MaxCSMResolution:2048]]
[2026.07.30-15.15.08:258][  0]LogConfig: Setting CVar [[r.Shadow.RadiusThreshold:0.01]]
[2026.07.30-15.15.08:258][  0]LogConfig: Setting CVar [[r.Shadow.DistanceScale:1.0]]
[2026.07.30-15.15.08:258][  0]LogConfig: Setting CVar [[r.Shadow.CSM.TransitionScale:1.0]]
[2026.07.30-15.15.08:258][  0]LogConfig: Setting CVar [[r.Shadow.PreShadowResolutionFactor:1.0]]
[2026.07.30-15.15.08:258][  0]LogConfig: Setting CVar [[r.DistanceFieldShadowing:1]]
[2026.07.30-15.15.08:258][  0]LogConfig: Setting CVar [[r.DistanceFieldAO:1]]
[2026.07.30-15.15.08:258][  0]LogConfig: Setting CVar [[r.AOQuality:2]]
[2026.07.30-15.15.08:258][  0]LogConfig: Setting CVar [[r.VolumetricFog:1]]
[2026.07.30-15.15.08:258][  0]LogConfig: Setting CVar [[r.VolumetricFog.GridPixelSize:8]]
[2026.07.30-15.15.08:258][  0]LogConfig: Setting CVar [[r.VolumetricFog.GridSizeZ:128]]
[2026.07.30-15.15.08:258][  0]LogConfig: Setting CVar [[r.VolumetricFog.HistoryMissSupersampleCount:4]]
[2026.07.30-15.15.08:258][  0]LogConfig: Setting CVar [[r.LightMaxDrawDistanceScale:1]]
[2026.07.30-15.15.08:258][  0]LogConfig: Setting CVar [[r.CapsuleShadows:1]]
[2026.07.30-15.15.08:258][  0]LogConfig: Applying CVar settings from Section [PostProcessQuality@3] File [C:/Users/Yatharth Padharia/Documents/Dungeon Game/Spiderman-Project/SpiderMan Traversal Project_Portfolio/Saved/Config/Windows/Scalability.ini]
[2026.07.30-15.15.08:258][  0]LogConfig: Setting CVar [[r.MotionBlurQuality:4]]
[2026.07.30-15.15.08:258][  0]LogConfig: Setting CVar [[r.AmbientOcclusionMipLevelFactor:0.4]]
[2026.07.30-15.15.08:258][  0]LogConfig: Setting CVar [[r.AmbientOcclusionMaxQuality:100]]
[2026.07.30-15.15.08:258][  0]LogConfig: Setting CVar [[r.AmbientOcclusionLevels:-1]]
[2026.07.30-15.15.08:258][  0]LogConfig: Setting CVar [[r.AmbientOcclusionRadiusScale:1.0]]
[2026.07.30-15.15.08:258][  0]LogConfig: Setting CVar [[r.DepthOfFieldQuality:2]]
[2026.07.30-15.15.08:258][  0]LogConfig: Setting CVar [[r.RenderTargetPoolMin:400]]
[2026.07.30-15.15.08:258][  0]LogConfig: Setting CVar [[r.LensFlareQuality:2]]
[2026.07.30-15.15.08:258][  0]LogConfig: Setting CVar [[r.SceneColorFringeQuality:1]]
[2026.07.30-15.15.08:258][  0]LogConfig: Setting CVar [[r.EyeAdaptationQuality:2]]
[2026.07.30-15.15.08:258][  0]LogConfig: Setting CVar [[r.BloomQuality:5]]
[2026.07.30-15.15.08:258][  0]LogConfig: Setting CVar [[r.FastBlurThreshold:100]]
[2026.07.30-15.15.08:258][  0]LogConfig: Setting CVar [[r.Upscale.Quality:3]]
[2026.07.30-15.15.08:258][  0]LogConfig: Setting CVar [[r.Tonemapper.GrainQuantization:1]]
[2026.07.30-15.15.08:258][  0]LogConfig: Setting CVar [[r.LightShaftQuality:1]]
[2026.07.30-15.15.08:258][  0]LogConfig: Setting CVar [[r.Filter.SizeScale:1]]
[2026.07.30-15.15.08:258][  0]LogConfig: Setting CVar [[r.Tonemapper.Quality:5]]
[2026.07.30-15.15.08:258][  0]LogConfig: Setting CVar [[r.DOF.Gather.AccumulatorQuality:1        ; higher gathering accumulator quality]]
[2026.07.30-15.15.08:258][  0]LogConfig: Setting CVar [[r.DOF.Gather.PostfilterMethod:1          ; Median3x3 postfilering method]]
[2026.07.30-15.15.08:258][  0]LogConfig: Setting CVar [[r.DOF.Gather.EnableBokehSettings:0       ; no bokeh simulation when gathering]]
[2026.07.30-15.15.08:258][  0]LogConfig: Setting CVar [[r.DOF.Gather.RingCount:4                 ; medium number of samples when gathering]]
[2026.07.30-15.15.08:258][  0]LogConfig: Setting CVar [[r.DOF.Scatter.ForegroundCompositing:1    ; additive foreground scattering]]
[2026.07.30-15.15.08:258][  0]LogConfig: Setting CVar [[r.DOF.Scatter.BackgroundCompositing:2    ; additive background scattering]]
[2026.07.30-15.15.08:258][  0]LogConfig: Setting CVar [[r.DOF.Scatter.EnableBokehSettings:1      ; bokeh simulation when scattering]]
[2026.07.30-15.15.08:258][  0]LogConfig: Setting CVar [[r.DOF.Scatter.MaxSpriteRatio:0.1         ; only a maximum of 10% of scattered bokeh]]
[2026.07.30-15.15.08:258][  0]LogConfig: Setting CVar [[r.DOF.Recombine.Quality:1                ; cheap slight out of focus]]
[2026.07.30-15.15.08:258][  0]LogConfig: Setting CVar [[r.DOF.Recombine.EnableBokehSettings:0    ; no bokeh simulation on slight out of focus]]
[2026.07.30-15.15.08:258][  0]LogConfig: Setting CVar [[r.DOF.TemporalAAQuality:1                ; more stable temporal accumulation]]
[2026.07.30-15.15.08:258][  0]LogConfig: Setting CVar [[r.DOF.Kernel.MaxForegroundRadius:0.025]]
[2026.07.30-15.15.08:258][  0]LogConfig: Setting CVar [[r.DOF.Kernel.MaxBackgroundRadius:0.025]]
[2026.07.30-15.15.08:258][  0]LogConfig: Applying CVar settings from Section [TextureQuality@3] File [C:/Users/Yatharth Padharia/Documents/Dungeon Game/Spiderman-Project/SpiderMan Traversal Project_Portfolio/Saved/Config/Windows/Scalability.ini]
[2026.07.30-15.15.08:258][  0]LogConfig: Setting CVar [[r.Streaming.MipBias:0]]
[2026.07.30-15.15.08:258][  0]LogConfig: Setting CVar [[r.Streaming.AmortizeCPUToGPUCopy:0]]
[2026.07.30-15.15.08:258][  0]LogConfig: Setting CVar [[r.Streaming.MaxNumTexturesToStreamPerFrame:0]]
[2026.07.30-15.15.08:258][  0]LogConfig: Setting CVar [[r.Streaming.Boost:1]]
[2026.07.30-15.15.08:258][  0]LogConfig: Setting CVar [[r.MaxAnisotropy:8]]
[2026.07.30-15.15.08:258][  0]LogConfig: Setting CVar [[r.VT.MaxAnisotropy:8]]
[2026.07.30-15.15.08:258][  0]LogConfig: Setting CVar [[r.Streaming.LimitPoolSizeToVRAM:0]]
[2026.07.30-15.15.08:258][  0]LogConfig: Setting CVar [[r.Streaming.PoolSize:1000]]
[2026.07.30-15.15.08:258][  0]LogConfig: Setting CVar [[r.Streaming.MaxEffectiveScreenSize:0]]
[2026.07.30-15.15.08:258][  0]LogConfig: Applying CVar settings from Section [EffectsQuality@3] File [C:/Users/Yatharth Padharia/Documents/Dungeon Game/Spiderman-Project/SpiderMan Traversal Project_Portfolio/Saved/Config/Windows/Scalability.ini]
[2026.07.30-15.15.08:258][  0]LogConfig: Setting CVar [[r.TranslucencyLightingVolumeDim:64]]
[2026.07.30-15.15.08:258][  0]LogConfig: Setting CVar [[r.RefractionQuality:2]]
[2026.07.30-15.15.08:258][  0]LogConfig: Setting CVar [[r.SSR.Quality:3]]
[2026.07.30-15.15.08:258][  0]LogConfig: Setting CVar [[r.SSR.HalfResSceneColor:0]]
[2026.07.30-15.15.08:258][  0]LogConfig: Setting CVar [[r.SceneColorFormat:4]]
[2026.07.30-15.15.08:258][  0]LogConfig: Setting CVar [[r.DetailMode:2]]
[2026.07.30-15.15.08:258][  0]LogConfig: Setting CVar [[r.TranslucencyVolumeBlur:1]]
[2026.07.30-15.15.08:258][  0]LogConfig: Setting CVar [[r.MaterialQualityLevel:1 ; High quality]]
[2026.07.30-15.15.08:258][  0]LogConfig: Setting CVar [[r.AnisotropicMaterials:1]]
[2026.07.30-15.15.08:258][  0]LogConfig: Setting CVar [[r.SSS.Scale:1]]
[2026.07.30-15.15.08:258][  0]LogConfig: Setting CVar [[r.SSS.SampleSet:2]]
[2026.07.30-15.15.08:258][  0]LogConfig: Setting CVar [[r.SSS.Quality:1]]
[2026.07.30-15.15.08:258][  0]LogConfig: Setting CVar [[r.SSS.HalfRes:0]]
[2026.07.30-15.15.08:258][  0]LogConfig: Setting CVar [[r.SSGI.Quality:3]]
[2026.07.30-15.15.08:258][  0]LogConfig: Setting CVar [[r.EmitterSpawnRateScale:1.0]]
[2026.07.30-15.15.08:258][  0]LogConfig: Setting CVar [[r.ParticleLightQuality:2]]
[2026.07.30-15.15.08:258][  0]LogConfig: Setting CVar [[r.SkyAtmosphere.AerialPerspectiveLUT.FastApplyOnOpaque:1 ; Always have FastSkyLUT 1 in this case to avoid wrong sky]]
[2026.07.30-15.15.08:258][  0]LogConfig: Setting CVar [[r.SkyAtmosphere.AerialPerspectiveLUT.SampleCountMaxPerSlice:4]]
[2026.07.30-15.15.08:258][  0]LogConfig: Setting CVar [[r.SkyAtmosphere.AerialPerspectiveLUT.DepthResolution:16.0]]
[2026.07.30-15.15.08:258][  0]LogConfig: Setting CVar [[r.SkyAtmosphere.FastSkyLUT:1]]
[2026.07.30-15.15.08:258][  0]LogConfig: Setting CVar [[r.SkyAtmosphere.FastSkyLUT.SampleCountMin:4.0]]
[2026.07.30-15.15.08:258][  0]LogConfig: Setting CVar [[r.SkyAtmosphere.FastSkyLUT.SampleCountMax:128.0]]
[2026.07.30-15.15.08:258][  0]LogConfig: Setting CVar [[r.SkyAtmosphere.SampleCountMin:4.0]]
[2026.07.30-15.15.08:258][  0]LogConfig: Setting CVar [[r.SkyAtmosphere.SampleCountMax:128.0]]
[2026.07.30-15.15.08:258][  0]LogConfig: Setting CVar [[r.SkyAtmosphere.TransmittanceLUT.UseSmallFormat:0]]
[2026.07.30-15.15.08:258][  0]LogConfig: Setting CVar [[r.SkyAtmosphere.TransmittanceLUT.SampleCount:10.0]]
[2026.07.30-15.15.08:258][  0]LogConfig: Setting CVar [[r.SkyAtmosphere.MultiScatteringLUT.SampleCount:15.0]]
[2026.07.30-15.15.08:258][  0]LogConfig: Setting CVar [[r.SkyLight.RealTimeReflectionCapture:1]]
[2026.07.30-15.15.08:258][  0]LogConfig: Setting CVar [[fx.Niagara.QualityLevel:3]]
[2026.07.30-15.15.08:258][  0]LogConfig: Applying CVar settings from Section [FoliageQuality@3] File [C:/Users/Yatharth Padharia/Documents/Dungeon Game/Spiderman-Project/SpiderMan Traversal Project_Portfolio/Saved/Config/Windows/Scalability.ini]
[2026.07.30-15.15.08:258][  0]LogConfig: Setting CVar [[foliage.DensityScale:1.0]]
[2026.07.30-15.15.08:258][  0]LogConfig: Setting CVar [[grass.DensityScale:1.0]]
[2026.07.30-15.15.08:258][  0]LogConfig: Applying CVar settings from Section [ShadingQuality@3] File [C:/Users/Yatharth Padharia/Documents/Dungeon Game/Spiderman-Project/SpiderMan Traversal Project_Portfolio/Saved/Config/Windows/Scalability.ini]
[2026.07.30-15.15.08:258][  0]LogConfig: Setting CVar [[r.HairStrands.SkyLighting.IntegrationType:2]]
[2026.07.30-15.15.08:258][  0]LogConfig: Setting CVar [[r.HairStrands.SkyAO.SampleCount:4]]
[2026.07.30-15.15.08:258][  0]LogConfig: Setting CVar [[r.HairStrands.Visibility.MSAA.SamplePerPixel:4]]
[2026.07.30-15.15.08:258][  0]LogConfig: Applying CVar settings from Section [Startup] File [../../../Engine/Config/ConsoleVariables.ini]
[2026.07.30-15.15.08:259][  0]LogConfig: Setting CVar [[net.UseAdaptiveNetUpdateFrequency:0]]
[2026.07.30-15.15.08:259][  0]LogConfig: Setting CVar [[p.chaos.AllowCreatePhysxBodies:1]]
[2026.07.30-15.15.08:259][  0]LogConfig: Setting CVar [[fx.SkipVectorVMBackendOptimizations:1]]
[2026.07.30-15.15.08:259][  0]LogConfig: Applying CVar settings from Section [ConsoleVariables] File [C:/Users/Yatharth Padharia/Documents/Dungeon Game/Spiderman-Project/SpiderMan Traversal Project_Portfolio/Saved/Config/Windows/Engine.ini]
[2026.07.30-15.15.08:259][  0]LogConfig: Applying CVar settings from Section [ConsoleVariables] File [C:/Users/Yatharth Padharia/Documents/Dungeon Game/Spiderman-Project/SpiderMan Traversal Project_Portfolio/Saved/Config/Windows/Editor.ini]
[2026.07.30-15.15.08:259][  0]LogInit: Computer: YATHARTH
[2026.07.30-15.15.08:259][  0]LogInit: User: YatharthPadharia
[2026.07.30-15.15.08:259][  0]LogInit: CPU Page size=4096, Cores=14
[2026.07.30-15.15.08:259][  0]LogInit: High frequency timer resolution =10.000000 MHz
[2026.07.30-15.15.08:259][  0]LogMemory: Memory total: Physical=15.7GB (16GB approx)
[2026.07.30-15.15.08:259][  0]LogMemory: Platform Memory Stats for Windows
[2026.07.30-15.15.08:259][  0]LogMemory: Process Physical Memory: 163.51 MB used, 163.51 MB peak
[2026.07.30-15.15.08:259][  0]LogMemory: Process Virtual Memory: 128.88 MB used, 128.88 MB peak
[2026.07.30-15.15.08:259][  0]LogMemory: Physical Memory: 13182.89 MB used,  2892.22 MB free, 16075.11 MB total
[2026.07.30-15.15.08:259][  0]LogMemory: Virtual Memory: 134196440.00 MB used,  21290.97 MB free, 134217728.00 MB total
[2026.07.30-15.15.08:263][  0]LogWindows: WindowsPlatformFeatures enabled
[2026.07.30-15.15.08:300][  0]LogInit: Physics initialised using underlying interface: PhysX
[2026.07.30-15.15.08:300][  0]LogInit: Using OS detected language (en-US).
[2026.07.30-15.15.08:300][  0]LogInit: Using OS detected locale (en-US).
[2026.07.30-15.15.08:304][  0]LogTextLocalizationManager: No specific localization for 'en-US' exists, so the 'en' localization will be used.
[2026.07.30-15.15.08:443][  0]LogInit: Setting process to per monitor DPI aware
[2026.07.30-15.15.08:454][  0]LogWindowsTextInputMethodSystem: Display: IME system deactivated.
[2026.07.30-15.15.08:464][  0]LogSlate: New Slate User Created.  User Index 0, Is Virtual User: 0
[2026.07.30-15.15.08:464][  0]LogSlate: Slate User Registered.  User Index 0, Is Virtual User: 0
[2026.07.30-15.15.08:571][  0]LogD3D11RHI: Loaded GFSDK_Aftermath_Lib.x64.dll
[2026.07.30-15.15.08:623][  0]LogHMD: Failed to initialize OpenVR with code 100
[2026.07.30-15.15.08:623][  0]LogD3D11RHI: D3D11 min allowed feature level: 11_0
[2026.07.30-15.15.08:623][  0]LogD3D11RHI: D3D11 max allowed feature level: 11_0
[2026.07.30-15.15.08:623][  0]LogD3D11RHI: D3D11 adapters:
[2026.07.30-15.15.08:851][  0]LogD3D11RHI:    0. 'NVIDIA GeForce RTX 3070 Ti Laptop GPU' (Feature Level 11_0)
[2026.07.30-15.15.08:851][  0]LogD3D11RHI:       8018/0/8037 MB DedicatedVideo/DedicatedSystem/SharedSystem, Outputs:1, VendorId:0x10de
[2026.07.30-15.15.08:911][  0]LogD3D11RHI:    1. 'Intel(R) Iris(R) Xe Graphics' (Feature Level 11_0)
[2026.07.30-15.15.08:911][  0]LogD3D11RHI:       128/0/8037 MB DedicatedVideo/DedicatedSystem/SharedSystem, Outputs:0, VendorId:0x8086
[2026.07.30-15.15.08:914][  0]LogD3D11RHI:    2. 'Microsoft Basic Render Driver' (Feature Level 11_0)
[2026.07.30-15.15.08:914][  0]LogD3D11RHI:       0/0/8037 MB DedicatedVideo/DedicatedSystem/SharedSystem, Outputs:0, VendorId:0x1414
[2026.07.30-15.15.08:914][  0]LogD3D11RHI: Chosen D3D11 Adapter:
[2026.07.30-15.15.08:914][  0]LogD3D11RHI:     Description : NVIDIA GeForce RTX 3070 Ti Laptop GPU
[2026.07.30-15.15.08:914][  0]LogD3D11RHI:     VendorId    : 10de
[2026.07.30-15.15.08:914][  0]LogD3D11RHI:     DeviceId    : 24a0
[2026.07.30-15.15.08:914][  0]LogD3D11RHI:     SubSysId    : 1a8c1043
[2026.07.30-15.15.08:914][  0]LogD3D11RHI:     Revision    : 00a1
[2026.07.30-15.15.08:914][  0]LogD3D11RHI:     DedicatedVideoMemory : 8407482368 bytes
[2026.07.30-15.15.08:914][  0]LogD3D11RHI:     DedicatedSystemMemory : 0 bytes
[2026.07.30-15.15.08:914][  0]LogD3D11RHI:     SharedSystemMemory : 8427988992 bytes
[2026.07.30-15.15.08:914][  0]LogD3D11RHI:     AdapterLuid : 0 76602
[2026.07.30-15.15.08:920][  0]LogD3D11RHI: Creating new Direct3DDevice
[2026.07.30-15.15.08:921][  0]LogD3D11RHI:     GPU DeviceId: 0x24a0 (for the marketing name, search the web for "GPU Device Id")
[2026.07.30-15.15.08:921][  0]LogWindows: EnumDisplayDevices:
[2026.07.30-15.15.08:921][  0]LogWindows:    0. 'Intel(R) Iris(R) Xe Graphics' (P:1 D:1)
[2026.07.30-15.15.08:921][  0]LogWindows:    1. 'Intel(R) Iris(R) Xe Graphics' (P:0 D:0)
[2026.07.30-15.15.08:921][  0]LogWindows:    2. 'Intel(R) Iris(R) Xe Graphics' (P:0 D:0)
[2026.07.30-15.15.08:921][  0]LogWindows:    3. 'Intel(R) Iris(R) Xe Graphics' (P:0 D:0)
[2026.07.30-15.15.08:921][  0]LogWindows:    4. 'NVIDIA GeForce RTX 3070 Ti Laptop GPU' (P:0 D:0)
[2026.07.30-15.15.08:921][  0]LogWindows:    5. 'NVIDIA GeForce RTX 3070 Ti Laptop GPU' (P:0 D:0)
[2026.07.30-15.15.08:922][  0]LogWindows:    6. 'NVIDIA GeForce RTX 3070 Ti Laptop GPU' (P:0 D:0)
[2026.07.30-15.15.08:922][  0]LogWindows:    7. 'NVIDIA GeForce RTX 3070 Ti Laptop GPU' (P:0 D:0)
[2026.07.30-15.15.08:922][  0]LogWindows: DebugString: PrimaryIsNotTheChoosenAdapter PrimaryIsNotTheChoosenAdapter PrimaryIsNotTheChoosenAdapter PrimaryIsNotTheChoosenAdapter FoundDriverCount:4 
[2026.07.30-15.15.08:922][  0]LogD3D11RHI:     Adapter Name: NVIDIA GeForce RTX 3070 Ti Laptop GPU
[2026.07.30-15.15.08:922][  0]LogD3D11RHI:   Driver Version: 581.57 (internal:32.0.15.8157, unified:581.57)
[2026.07.30-15.15.08:922][  0]LogD3D11RHI:      Driver Date: 10-9-2025
[2026.07.30-15.15.08:922][  0]LogRHI: Texture pool is 5612 MB (70% of 8018 MB)
[2026.07.30-15.15.08:922][  0]LogD3D11RHI: Creating D3DDevice using adapter:
[2026.07.30-15.15.08:922][  0]LogD3D11RHI:     Description : NVIDIA GeForce RTX 3070 Ti Laptop GPU
[2026.07.30-15.15.08:922][  0]LogD3D11RHI:     VendorId    : 10de
[2026.07.30-15.15.08:922][  0]LogD3D11RHI:     DeviceId    : 24a0
[2026.07.30-15.15.08:922][  0]LogD3D11RHI:     SubSysId    : 1a8c1043
[2026.07.30-15.15.08:922][  0]LogD3D11RHI:     Revision    : 00a1
[2026.07.30-15.15.08:922][  0]LogD3D11RHI:     DedicatedVideoMemory : 8407482368 bytes
[2026.07.30-15.15.08:922][  0]LogD3D11RHI:     DedicatedSystemMemory : 0 bytes
[2026.07.30-15.15.08:922][  0]LogD3D11RHI:     SharedSystemMemory : 8427988992 bytes
[2026.07.30-15.15.08:922][  0]LogD3D11RHI:     AdapterLuid : 0 76602
[2026.07.30-15.15.09:032][  0]LogD3D11RHI: RHI has support for 64 bit atomics
[2026.07.30-15.15.09:032][  0]LogD3D11RHI: Async texture creation enabled
[2026.07.30-15.15.09:032][  0]LogD3D11RHI: Array index from any shader is supported
[2026.07.30-15.15.09:051][  0]LogD3D11RHI: GPU Timing Frequency: 1000.000000 (Debug: 2 2)
[2026.07.30-15.15.09:076][  0]LogRHI: GeForceNow SDK initialized: 1
[2026.07.30-15.15.09:333][  0]LogTargetPlatformManager: Display: Loaded TargetPlatform 'AllDesktop'
[2026.07.30-15.15.09:348][  0]LogTargetPlatformManager: Display: Loaded TargetPlatform 'Android'
[2026.07.30-15.15.09:348][  0]LogTargetPlatformManager: Display: Loaded TargetPlatform 'Android_ASTC'
[2026.07.30-15.15.09:348][  0]LogTargetPlatformManager: Display: Loaded TargetPlatform 'Android_DXT'
[2026.07.30-15.15.09:348][  0]LogTargetPlatformManager: Display: Loaded TargetPlatform 'Android_ETC2'
[2026.07.30-15.15.09:348][  0]LogTargetPlatformManager: Display: Loaded TargetPlatform 'AndroidClient'
[2026.07.30-15.15.09:348][  0]LogTargetPlatformManager: Display: Loaded TargetPlatform 'Android_ASTCClient'
[2026.07.30-15.15.09:348][  0]LogTargetPlatformManager: Display: Loaded TargetPlatform 'Android_DXTClient'
[2026.07.30-15.15.09:348][  0]LogTargetPlatformManager: Display: Loaded TargetPlatform 'Android_ETC2Client'
[2026.07.30-15.15.09:348][  0]LogTargetPlatformManager: Display: Loaded TargetPlatform 'Android_Multi'
[2026.07.30-15.15.09:348][  0]LogTargetPlatformManager: Display: Loaded TargetPlatform 'Android_MultiClient'
[2026.07.30-15.15.09:361][  0]LogTargetPlatformManager: Display: Loaded TargetPlatform 'IOSClient'
[2026.07.30-15.15.09:361][  0]LogTargetPlatformManager: Display: Loaded TargetPlatform 'IOS'
[2026.07.30-15.15.09:368][  0]LogTargetPlatformManager: Display: Loaded TargetPlatform 'Linux'
[2026.07.30-15.15.09:372][  0]LogTargetPlatformManager: Display: Loaded TargetPlatform 'LinuxNoEditor'
[2026.07.30-15.15.09:376][  0]LogTargetPlatformManager: Display: Loaded TargetPlatform 'LinuxClient'
[2026.07.30-15.15.09:378][  0]LogTargetPlatformManager: Display: Loaded TargetPlatform 'LinuxServer'
[2026.07.30-15.15.09:386][  0]LogTargetPlatformManager: Display: Loaded TargetPlatform 'LinuxAArch64NoEditor'
[2026.07.30-15.15.09:389][  0]LogTargetPlatformManager: Display: Loaded TargetPlatform 'LinuxAArch64Client'
[2026.07.30-15.15.09:393][  0]LogTargetPlatformManager: Display: Loaded TargetPlatform 'LinuxAArch64Server'
[2026.07.30-15.15.09:410][  0]LogTargetPlatformManager: Display: Loaded TargetPlatform 'Lumin'
[2026.07.30-15.15.09:411][  0]LogTargetPlatformManager: Display: Loaded TargetPlatform 'LuminClient'
[2026.07.30-15.15.09:416][  0]LogTargetPlatformManager: Display: Loaded TargetPlatform 'MacNoEditor'
[2026.07.30-15.15.09:420][  0]LogTargetPlatformManager: Display: Loaded TargetPlatform 'Mac'
[2026.07.30-15.15.09:423][  0]LogTargetPlatformManager: Display: Loaded TargetPlatform 'MacClient'
[2026.07.30-15.15.09:426][  0]LogTargetPlatformManager: Display: Loaded TargetPlatform 'MacServer'
[2026.07.30-15.15.09:434][  0]LogTargetPlatformManager: Display: Loaded TargetPlatform 'TVOSClient'
[2026.07.30-15.15.09:434][  0]LogTargetPlatformManager: Display: Loaded TargetPlatform 'TVOS'
[2026.07.30-15.15.09:441][  0]LogTargetPlatformManager: Display: Loaded TargetPlatform 'WindowsNoEditor'
[2026.07.30-15.15.09:445][  0]LogTargetPlatformManager: Display: Loaded TargetPlatform 'Windows'
[2026.07.30-15.15.09:448][  0]LogTargetPlatformManager: Display: Loaded TargetPlatform 'WindowsClient'
[2026.07.30-15.15.09:451][  0]LogTargetPlatformManager: Display: Loaded TargetPlatform 'WindowsServer'
[2026.07.30-15.15.09:451][  0]LogTargetPlatformManager: Display: Building Assets For Windows
[2026.07.30-15.15.09:456][  0]LogAudioDebug: Display: Lib vorbis DLL was dynamically loaded.
[2026.07.30-15.15.09:480][  0]LogTextureFormatOodle: Display: Oodle Texture 2.9.0 init RDO Off
[2026.07.30-15.15.09:503][  0]LogRendererCore: Ray tracing is disabled. Reason: r.RayTracing=0.
[2026.07.30-15.15.09:503][  0]LogShaderCompilers: Guid format shader working directory is -62 characters bigger than the processId version (../../../../../../Users/Yatharth Padharia/Documents/Dungeon Game/Spiderman-Project/SpiderMan Traversal Project_Portfolio/Intermediate/Shaders/WorkingDirectory/7292/).
[2026.07.30-15.15.09:503][  0]LogShaderCompilers: Cleaned the shader compiler working directory 'C:/Users/Yatharth Padharia/AppData/Local/Temp/UnrealShaderWorkingDir/12FE4D5A40E722EB9A6E3FA6FB814A05/'.
[2026.07.30-15.15.09:503][  0]LogXGEController: Cannot use XGE Controller as Incredibuild is not installed on this machine.
[2026.07.30-15.15.09:503][  0]LogShaderCompilers: Cannot use XGE Shader Compiler as Incredibuild is not installed on this machine.
[2026.07.30-15.15.09:504][  0]LogShaderCompilers: Display: Using Local Shader Compiler.
[2026.07.30-15.15.10:087][  0]LogDerivedDataCache: Display: Max Cache Size: 512 MB
[2026.07.30-15.15.10:178][  0]LogDerivedDataCache: Loaded boot cache 0.09s 108MB C:/Users/Yatharth Padharia/AppData/Local/UnrealEngine/4.27/DerivedDataCache/Boot.ddc.
[2026.07.30-15.15.10:178][  0]LogDerivedDataCache: Display: Loaded Boot cache: C:/Users/Yatharth Padharia/AppData/Local/UnrealEngine/4.27/DerivedDataCache/Boot.ddc
[2026.07.30-15.15.10:178][  0]LogDerivedDataCache: FDerivedDataBackendGraph:  Pak pak cache file ../../../../../../Users/Yatharth Padharia/Documents/Dungeon Game/Spiderman-Project/SpiderMan Traversal Project_Portfolio/DerivedDataCache/DDC.ddp not found, will not use a pak cache.
[2026.07.30-15.15.10:178][  0]LogDerivedDataCache: Unable to find inner node Pak for hierarchical cache Hierarchy.
[2026.07.30-15.15.10:178][  0]LogDerivedDataCache: FDerivedDataBackendGraph:  CompressedPak pak cache file ../../../../../../Users/Yatharth Padharia/Documents/Dungeon Game/Spiderman-Project/SpiderMan Traversal Project_Portfolio/DerivedDataCache/Compressed.ddp not found, will not use a pak cache.
[2026.07.30-15.15.10:178][  0]LogDerivedDataCache: Unable to find inner node CompressedPak for hierarchical cache Hierarchy.
[2026.07.30-15.15.10:192][  0]LogDerivedDataCache: Display: Pak cache opened for reading ../../../Engine/DerivedDataCache/Compressed.ddp.
[2026.07.30-15.15.10:192][  0]LogDerivedDataCache: FDerivedDataBackendGraph:  EnterprisePak pak cache file ../../../Enterprise/DerivedDataCache/Compressed.ddp not found, will not use a pak cache.
[2026.07.30-15.15.10:192][  0]LogDerivedDataCache: Unable to find inner node EnterprisePak for hierarchical cache Hierarchy.
[2026.07.30-15.15.10:198][  0]LogDerivedDataCache: Speed tests for C:/Users/Yatharth Padharia/AppData/Local/UnrealEngine/Common/DerivedDataCache took 0.01 seconds
[2026.07.30-15.15.10:198][  0]LogDerivedDataCache: Display: Performance to C:/Users/Yatharth Padharia/AppData/Local/UnrealEngine/Common/DerivedDataCache: Latency=0.02ms. RandomReadSpeed=1511.44MBs, RandomWriteSpeed=206.35MBs. Assigned SpeedClass 'Local'
[2026.07.30-15.15.10:199][  0]LogDerivedDataCache: Using Local data cache path C:/Users/Yatharth Padharia/AppData/Local/UnrealEngine/Common/DerivedDataCache: Writable
[2026.07.30-15.15.10:199][  0]LogDerivedDataCache: Shared data cache path not found in *engine.ini, will not use an Shared cache.
[2026.07.30-15.15.10:199][  0]LogDerivedDataCache: Unable to find inner node Shared for hierarchical cache Hierarchy.
[2026.07.30-15.15.10:466][  0]LogSlate: Using FreeType 2.10.0
[2026.07.30-15.15.10:466][  0]LogSlate: SlateFontServices - WITH_FREETYPE: 1, WITH_HARFBUZZ: 1
[2026.07.30-15.15.10:491][  0]LogAssetRegistry: FAssetRegistry took 0.0024 seconds to start up
[2026.07.30-15.15.11:548][  0]LogInit: Selected Device Profile: [Windows]
[2026.07.30-15.15.11:548][  0]LogInit: Active device profile: [00000239223BE400][000002391C0456C0 49] Windows
[2026.07.30-15.15.11:548][  0]LogInit: Profiles: [00000239223BE400][000002391C0456C0 49] Windows, [0000023923155000][00000239155B5A00 49] WindowsNoEditor, [00000239223BF000][00000239155ADD80 49] WindowsServer, [0000023923156E00][00000239155B8280 49] WindowsClient, [00000239223BD300][000002391B454600 49] IOS, [0000023923155E00][0000023915524980 49] iPadAir, [00000239223BE700][000002391BF9ED00 49] iPadAir2, [00000239250BE000][000002391B8193C0 49] IPadPro, [00000239250BE100][0000023915C99400 49] iPadAir3, [00000239223BD700][0000023915C59740 49] iPadAir4, [00000239250BD800][0000023923D67AC0 49] iPadMini2, [00000239223BD800][0000023915C602C0 49] iPadMini3, [00000239250BD300][0000023915C5C340 49] iPadMini4, [00000239223BEE00][0000023924D7C9C0 49] iPadMini5, [0000023923154400][0000023924964D80 49] iPhone6, [0000023923154C00][000002391B81CDC0 49] iPodTouch6, [00000239250BEB00][0000023924969480 49] iPhone7, [00000239250BE400][0000023915CA77C0 49] iPodTouch7, [0000023923156A00][000002391AF03800 49] iPhone5S, [00000239250BF900][0000023924D67B80 49] iPhone6Plus, [0000023923157700][000002391B897F00 49] iPhone6S, [00000239250BCC00][000002391AF10400 49] iPhone6SPlus, [0000023923154E00][0000023915C94780 49] iPhone7Plus, [00000239250BC600][000002391BF9AB00 49] iPhoneSE, [0000023923157500][0000023915C44E80 49] iPhone8, [00000239250BD900][0000023915C41200 49] iPhone8Plus, [0000023923155400][0000023915C2D540 49] iPhoneX, [00000239250BC100][0000023915C3D8C0 49] iPhoneXS, [0000023923155A00][0000023915C29C40 49] iPhoneXSMax, [00000239250BC300][0000023915C1E140 49] iPhoneXR, [0000023923154300][0000023915BF8DC0 49] iPhone11, [00000239250BDC00][0000023915BEB140 49] iPhone11Pro, [0000023923156200][0000023915BE14C0 49] iPhone11ProMax, [00000239250BE200][0000023915CF5840 49] iPhoneSE2, [0000023923157B00][0000023915CE5BC0 49] iPhone12Mini, [00000239250BC400][000002391B814380 49] iPhone12, [0000023923157300][0000023915CE0700 49] iPhone12Pro, [00000239250BC900][000002391B810A80 49] iPhone12ProMax, [0000023923155F00][000002391B80C200 49] iPadPro105, [00000239250BF200][000002391BA6A580 49] iPadPro129, [0000023923155C00][000002391BA52900 49] iPadPro97, [00000239250BC500][000002391B404C80 49] iPadPro2_129, [0000023923157C00][000002391B8E9000 49] iPad5, [00000239250BEA00][000002391BF97340 49] iPad6, [0000023923155900][000002391B8E4740 49] iPad7, [00000239250BFD00][000002392496CAC0 49] iPad8, [0000023923157000][000002391BFA3DC0 49] iPadPro11, [00000239250BDA00][000002391BFA71C0 49] iPadPro2_11, [0000023923157600][000002391BFAA640 49] iPadPro3_129, [00000239250BCB00][000002391BFAF8C0 49] iPadPro4_129, [0000023923156100][000002391BFB2D40 49] AppleTV, [00000239250BE500][000002391BFB70C0 49] AppleTV4K, [0000023923156300][000002391BFBF400 49] TVOS, [00000239250BD200][000002391BFBB780 49] Mac, [0000023923156700][000002391BFC3B00 49] MacClient, [00000239250BDE00][000002391BFC7E80 49] MacNoEditor, [0000023923155800][000002391AF26380 49] MacServer, [00000239250BF400][000002391AF2A700 49] Linux, [0000023923156000][000002391AF2E100 49] LinuxAArch64, [00000239223BEC00][000002391AF32E00 49] LinuxNoEditor, [00000239250BDB00][000002391AF3A7C0 49] LinuxAArch64NoEditor, [00000239223BE600][000002391AF374C0 49] LinuxClient, [00000239250BF800][000002391AF3EEC0 49] LinuxAArch64Client, [00000239223BC500][000002391AF43BC0 49] LinuxServer, [00000239250BEF00][000002391AF475C0 49] LinuxAArch64Server, [00000239223BD600][000002391AF4A440 49] Android, [00000239250BED00][000002391AF4E7C0 49] Android_Low, [00000239223BC600][0000023924CA6B40 49] Android_Mid, [00000239250BC200][0000023924CAAEC0 49] Android_High, [00000239223BE900][0000023924CB3200 49] Android_Default, [00000239250BD600][0000023924CAF580 49] Android_Adreno4xx, [00000239223BCE00][0000023924CB7280 49] Android_Adreno5xx_Low, [0000023923157A00][0000023924CBBC80 49] Android_Adreno5xx, [00000239223BC400][0000023924CBE180 49] Android_Adreno6xx, [0000023923154B00][0000023924CC2180 49] Android_Adreno6xx_Vulkan, [00000239223BCC00][0000023924CC6880 49] Android_Mali_T6xx, [0000023923155B00][0000023924CCAC00 49] Android_Mali_T7xx, [00000239223BF800][0000023924CD2F40 49] Android_Mali_T8xx, [0000023923157D00][0000023924CCF2C0 49] Android_Mali_G71, [00000239223BCA00][0000023924CD7640 49] Android_Mali_G72, [0000023923155700][0000023924CDB640 49] Android_Mali_G72_Vulkan, [00000239223BD000][0000023915B37D40 49] Android_Mali_G76, [0000023923154600][0000023915B3A1C0 49] Android_Mali_G76_Vulkan, [00000239223BC100][0000023915B3E540 49] Android_Mali_G77, [0000023923157900][0000023915B428C0 49] Android_Mali_G77_Vulkan, [00000239223BF400][0000023915B46C40 49] Android_Mali_G78, [0000023923154900][0000023915B4EF80 49] Android_Mali_G78_Vulkan, [00000239223BF600][0000023915B4B300 49] Android_Mali_G710, [0000023923156400][0000023915B53680 49] Android_Mali_G710_Vulkan, [00000239223BC700][0000023915B57A00 49] Android_Vulkan_SM5, [0000023923157100][0000023915B5BE00 49] Android_PowerVR_G6xxx, [00000239223BED00][0000023915B5E580 49] Android_PowerVR_GT7xxx, [0000023923156B00][0000023915B62900 49] Android_PowerVR_GE8xxx, [00000239223BDF00][0000023915B66C80 49] Android_PowerVR_GM9xxx, [0000023923154F00][0000023915B6EFC0 49] Android_PowerVR_GM9xxx_Vulkan, [00000239223BC800][0000023915B6B0C0 49] Android_TegraK1, [0000023923157800][0000023915B736C0 49] Android_Unknown_Vulkan, [00000239223BDE00][0000023915B777C0 49] Lumin, [0000023923155200][0000023915B7BB40 49] Lumin_Desktop, [00000239223BDD00][0000023915B7E5C0 49] HoloLens, 
[2026.07.30-15.15.11:689][  0]LogMeshReduction: Using QuadricMeshReduction for automatic static mesh reduction
[2026.07.30-15.15.11:689][  0]LogMeshReduction: Using SimplygonMeshReduction for automatic skeletal mesh reduction
[2026.07.30-15.15.11:689][  0]LogMeshReduction: Using ProxyLODMeshReduction for automatic mesh merging
[2026.07.30-15.15.11:689][  0]LogMeshReduction: No distributed automatic mesh merging module available
[2026.07.30-15.15.11:689][  0]LogMeshMerging: No distributed automatic mesh merging module available
[2026.07.30-15.15.11:700][  0]LogNetVersion: SpiderMan_Mk2 1.0.0, NetCL: 17155196, EngineNetVer: 17, GameNetVer: 0 (Checksum: 451616927)
[2026.07.30-15.15.12:176][  0]LogTexture: Default maximum texture size for cubemaps generated from long-lat sources has been changed from 512 to unlimited. In order to preserve old behaiour for '/Engine/MapTemplates/Sky/DaylightAmbientCubemap.DaylightAmbientCubemap', its maximum texture size has been explicitly set to 512.
[2026.07.30-15.15.12:342][  0]LogHMD: PokeAHoleMaterial loaded successfully
[2026.07.30-15.15.12:346][  0]LogUObjectArray: 17981 objects as part of root set at end of initial load.
[2026.07.30-15.15.12:346][  0]LogUObjectAllocator: 4626944 out of 0 bytes used by permanent object pool.
[2026.07.30-15.15.12:346][  0]LogUObjectArray: CloseDisregardForGC: 0/0 objects in disregard for GC pool
[2026.07.30-15.15.12:435][  0]LogFMOD: FFMODStudioModule startup
[2026.07.30-15.15.12:437][  0]LogFMOD: Lib path = '../../../Engine/Plugins/FMODStudio/Binaries'
[2026.07.30-15.15.12:437][  0]LogFMOD: FFMODStudioModule::LoadDll: Loading ../../../Engine/Plugins/FMODStudio/Binaries/Win64/fmodL.dll
[2026.07.30-15.15.12:438][  0]LogFMOD: FFMODStudioModule::LoadDll: Loading ../../../Engine/Plugins/FMODStudio/Binaries/Win64/fmodstudioL.dll
[2026.07.30-15.15.12:439][  0]LogFMOD: Error: Failed to load bank lookup
[2026.07.30-15.15.12:439][  0]LogFMOD: Error: Failed to load asset lookup
[2026.07.30-15.15.12:448][  0]LogFMOD: Default sample rate = 48000
[2026.07.30-15.15.12:448][  0]LogFMOD: System sample rate = 48000
[2026.07.30-15.15.12:448][  0]LogFMOD: Matching system sample rate 48000
[2026.07.30-15.15.12:642][  0]LogFMOD: Default sample rate = 48000
[2026.07.30-15.15.12:642][  0]LogFMOD: System sample rate = 48000
[2026.07.30-15.15.12:642][  0]LogFMOD: Matching system sample rate 48000
[2026.07.30-15.15.12:969][  0]LogNiagaraDebuggerClient: Niagara Debugger Client Initialized | Session: BE1BB49C4DA4E249CF222DBC18CB4099 | Instance: 46C1097E4AF92C716DFE3FBA45C8E54F (YATHARTH-7292).
[2026.07.30-15.15.12:994][  0]LogPython: Using Python 3.7.7
[2026.07.30-15.15.13:452][  0]LogUdpMessaging: Initializing bridge on interface 0.0.0.0:0 to multicast group 230.0.0.1:6666.
[2026.07.30-15.15.13:457][  0]LogTcpMessaging: Initializing TcpMessaging bridge
[2026.07.30-15.15.13:611][  0]LogLinker: Warning: Failed to load '/Game/TopDownBP/TopDownOverview': Can't find file.
[2026.07.30-15.15.13:611][  0]LogLinker: Warning: Failed to load '/Game/TopDownBP/TopDownOverview': Can't find file.
[2026.07.30-15.15.13:611][  0]LogUObjectGlobals: Warning: Failed to find object 'Class /Game/TopDownBP/TopDownOverview.TopDownOverview_C'
[2026.07.30-15.15.13:752][  0]SourceControl: Source control is disabled
[2026.07.30-15.15.13:752][  0]SourceControl: Source control is disabled
[2026.07.30-15.15.13:754][  0]SourceControl: Source control is disabled
[2026.07.30-15.15.13:760][  0]SourceControl: Source control is disabled
[2026.07.30-15.15.13:764][  0]LogUProjectInfo: Found projects:
[2026.07.30-15.15.13:840][  0]SourceControl: Source control is disabled
[2026.07.30-15.15.13:867][  0]LogOpenImageDenoise: OIDN starting up
[2026.07.30-15.15.14:080][  0]LogAndroidPermission: UAndroidPermissionCallbackProxy::GetInstance
[2026.07.30-15.15.14:089][  0]LogAudioCaptureCore: Display: No Audio Capture implementations found. Audio input will be silent.
[2026.07.30-15.15.14:089][  0]LogAudioCaptureCore: Display: No Audio Capture implementations found. Audio input will be silent.
[2026.07.30-15.15.14:121][  0]LogHoudiniEngine: Starting the Houdini Engine module...
[2026.07.30-15.15.14:121][  0]LogHoudiniEngine: Failed locating or loading libHAPIL.dll
[2026.07.30-15.15.14:122][  0]LogLinker: Warning: Asset '../../Plugins/Runtime/HoudiniEngine/Content/houdini_default_material.uasset' has been saved with empty engine version. The asset will be loaded but may be incompatible.
[2026.07.30-15.15.14:262][  0]LogCollectionManager: Loaded 0 collections in 0.001897 seconds
[2026.07.30-15.15.14:295][  0]LogFileCache: Scanning file cache for directory 'C:/Users/Yatharth Padharia/Documents/Dungeon Game/Spiderman-Project/SpiderMan Traversal Project_Portfolio/Saved/Collections/' took 0.00s
[2026.07.30-15.15.14:295][  0]LogFileCache: Scanning file cache for directory 'C:/Users/Yatharth Padharia/Documents/Dungeon Game/Spiderman-Project/SpiderMan Traversal Project_Portfolio/Content/Developers/YatharthPadharia/Collections/' took 0.00s
[2026.07.30-15.15.14:295][  0]LogFileCache: Scanning file cache for directory 'C:/Users/Yatharth Padharia/Documents/Dungeon Game/Spiderman-Project/SpiderMan Traversal Project_Portfolio/Content/Collections/' took 0.00s
[2026.07.30-15.15.14:295][  0]LogOcInput: OculusInput pre-init called
[2026.07.30-15.15.14:530][  0]LogClass: Warning: ObjectProperty FConstructionSystemSaveConstructedItem::PrefabAsset is not initialized properly. Module:ConstructionSystemRuntime File:Public/Save/ConstructionSystemSaveGame.h
[2026.07.30-15.15.14:531][  0]LogClass: Display: IntProperty FConstructionSystemSaveConstructedItem::Seed is not initialized properly. Module:ConstructionSystemRuntime File:Public/Save/ConstructionSystemSaveGame.h
[2026.07.30-15.15.14:531][  0]LogClass: Warning: ObjectProperty FConstructionSystemUICategory::Icon is not initialized properly. Module:ConstructionSystemRuntime File:Public/ConstructionSystem/UI/ConstructionSystemUIAsset.h
[2026.07.30-15.15.14:531][  0]LogClass: Warning: ObjectProperty FConstructionSystemUIPrefabEntry::Icon is not initialized properly. Module:ConstructionSystemRuntime File:Public/ConstructionSystem/UI/ConstructionSystemUIAsset.h
[2026.07.30-15.15.14:531][  0]LogClass: Warning: ObjectProperty FConstructionSystemUIPrefabEntry::Prefab is not initialized properly. Module:ConstructionSystemRuntime File:Public/ConstructionSystem/UI/ConstructionSystemUIAsset.h
[2026.07.30-15.15.14:531][  0]LogClass: Display: 5 Uninitialized script struct members found including 4 object properties
[2026.07.30-15.15.14:532][  0]LogAutomationTest: Warning: ObjectProperty FConstructionSystemSaveConstructedItem::PrefabAsset is not initialized properly. Module:ConstructionSystemRuntime File:Public/Save/ConstructionSystemSaveGame.h
[2026.07.30-15.15.14:532][  0]LogAutomationTest: Warning: ObjectProperty FConstructionSystemUICategory::Icon is not initialized properly. Module:ConstructionSystemRuntime File:Public/ConstructionSystem/UI/ConstructionSystemUIAsset.h
[2026.07.30-15.15.14:532][  0]LogAutomationTest: Warning: ObjectProperty FConstructionSystemUIPrefabEntry::Icon is not initialized properly. Module:ConstructionSystemRuntime File:Public/ConstructionSystem/UI/ConstructionSystemUIAsset.h
[2026.07.30-15.15.14:532][  0]LogAutomationTest: Warning: ObjectProperty FConstructionSystemUIPrefabEntry::Prefab is not initialized properly. Module:ConstructionSystemRuntime File:Public/ConstructionSystem/UI/ConstructionSystemUIAsset.h
[2026.07.30-15.15.14:532][  0]LogEngine: Initializing Engine...
[2026.07.30-15.15.14:543][  0]LogHMD: Failed to enumerate extensions. Please check that you have a valid OpenXR runtime installed.
[2026.07.30-15.15.14:544][  0]LogHMD: Failed to initialize OpenVR with code 100
[2026.07.30-15.15.14:544][  0]LogMagicLeap: Warning: VR disabled because ZI is not enabled.  To enable, in the editor, Edit -> Project Settings -> Plugins -> Magic Leap Plugin -> Enable Zero Iteration
[2026.07.30-15.15.14:545][  0]LogStats: UGameplayTagsManager::InitializeManager -  0.000 s
[2026.07.30-15.15.14:843][  0]LogInit: Initializing FReadOnlyCVARCache
[2026.07.30-15.15.14:857][  0]LogAIModule: Creating AISystem for world Untitled
[2026.07.30-15.15.14:857][  0]LogAudio: Display: Initializing Audio Device Manager...
[2026.07.30-15.15.14:860][  0]LogAudio: Display: Loading Default Audio Settings Objects...
[2026.07.30-15.15.14:860][  0]LogAudio: Display: No default SoundConcurrencyObject specified (or failed to load).
[2026.07.30-15.15.14:860][  0]LogAudio: Display: Audio Device Manager Initialized
[2026.07.30-15.15.14:860][  0]LogAudio: Display: Creating Audio Device:                 Id: 1, Scope: Shared, Realtime: True
[2026.07.30-15.15.14:860][  0]LogAudioMixer: Display: Audio Mixer Platform Settings:
[2026.07.30-15.15.14:860][  0]LogAudioMixer: Display: 	Sample Rate:						  48000
[2026.07.30-15.15.14:860][  0]LogAudioMixer: Display: 	Callback Buffer Frame Size Requested: 1024
[2026.07.30-15.15.14:860][  0]LogAudioMixer: Display: 	Callback Buffer Frame Size To Use:	  1024
[2026.07.30-15.15.14:860][  0]LogAudioMixer: Display: 	Number of buffers to queue:			  2
[2026.07.30-15.15.14:860][  0]LogAudioMixer: Display: 	Max Channels (voices):				  32
[2026.07.30-15.15.14:860][  0]LogAudioMixer: Display: 	Number of Async Source Workers:		  0
[2026.07.30-15.15.14:860][  0]LogAudio: Display: AudioDevice MaxSources: 32
[2026.07.30-15.15.14:862][  0]LogAudio: Display: Audio Spatialization Plugin: None (built-in).
[2026.07.30-15.15.14:862][  0]LogAudio: Display: Audio Reverb Plugin: None (built-in).
[2026.07.30-15.15.14:862][  0]LogAudio: Display: Audio Occlusion Plugin: None (built-in).
[2026.07.30-15.15.14:862][  0]LogAudioMixer: Display: Initializing audio mixer.
[2026.07.30-15.15.14:871][  0]LogAudioMixer: Display: 0: FrontLeft
[2026.07.30-15.15.14:871][  0]LogAudioMixer: Display: 1: FrontRight
[2026.07.30-15.15.14:885][  0]LogAudioMixer: Display: Using Audio Device Speakers (Realtek(R) Audio)
[2026.07.30-15.15.14:889][  0]LogAudioMixer: Display: Initializing Sound Submixes...
[2026.07.30-15.15.14:890][  0]LogAudioMixer: Display: Creating Master Submix 'MasterSubmixDefault'
[2026.07.30-15.15.14:890][  0]LogAudioMixer: Display: Creating Master Submix 'MasterReverbSubmixDefault'
[2026.07.30-15.15.14:891][  0]LogAudioMixer: Display: Creating Master Submix 'MasterEQSubmixDefault'
[2026.07.30-15.15.14:891][  0]LogAudioMixer: FMixerPlatformXAudio2::StartAudioStream() called
[2026.07.30-15.15.14:891][  0]LogAudioMixer: Display: Output buffers initialized: Frames=1024, Channels=2, Samples=2048
[2026.07.30-15.15.14:892][  0]LogAudioMixer: Display: Starting AudioMixerPlatformInterface::RunInternal()
[2026.07.30-15.15.14:892][  0]LogAudioMixer: Display: FMixerPlatformXAudio2::SubmitBuffer() called for the first time
[2026.07.30-15.15.14:892][  0]LogInit: FAudioDevice initialized.
[2026.07.30-15.15.14:892][  0]LogAudio: Display: Audio Device (ID: 1) registered with world 'Untitled'.
[2026.07.30-15.15.14:893][  0]LogNetVersion: Set ProjectVersion to 1.0.0.0. Version Checksum will be recalculated on next use.
[2026.07.30-15.15.15:047][  0]LogDerivedDataCache: Saved boot cache 0.15s 131MB C:/Users/Yatharth Padharia/AppData/Local/UnrealEngine/4.27/DerivedDataCache/Boot.ddc.
[2026.07.30-15.15.15:050][  0]LogInit: Texture streaming: Enabled
[2026.07.30-15.15.15:059][  0]LogAnalytics: Display: [UEEditor.Rocket.Release] APIServer = https://datarouter.ol.epicgames.com/. AppVersion = 4.27.2-18319896+++UE4+Release-4.27
[2026.07.30-15.15.15:062][  0]LogEngineSessionManager: EngineSessionManager initialized
[2026.07.30-15.15.15:062][  0]LogEditorSessionSummary: Verbose: Initializing EditorSessionSummaryWriter for editor session tracking
[2026.07.30-15.15.15:063][  0]LogEditorSessionSummary: EditorSessionSummaryWriter initialized
[2026.07.30-15.15.15:097][  0]LogInit: Transaction tracking system initialized
[2026.07.30-15.15.15:116][  0]BlueprintLog: New page: Editor Load
[2026.07.30-15.15.15:165][  0]LocalizationService: Localization service is disabled
[2026.07.30-15.15.15:183][  0]TimingProfiler: Initialize
[2026.07.30-15.15.15:183][  0]TimingProfiler: OnSessionChanged
[2026.07.30-15.15.15:183][  0]LoadingProfiler: Initialize
[2026.07.30-15.15.15:183][  0]LoadingProfiler: OnSessionChanged
[2026.07.30-15.15.15:183][  0]NetworkingProfiler: Initialize
[2026.07.30-15.15.15:183][  0]NetworkingProfiler: OnSessionChanged
[2026.07.30-15.15.15:183][  0]MemoryProfiler: Initialize
[2026.07.30-15.15.15:183][  0]MemoryProfiler: OnSessionChanged
[2026.07.30-15.15.15:186][  0]LogClass: Warning: In asset 'None', there is an enum property of type 'EIOSVersion' with an invalid value of 'IOS_11'
[2026.07.30-15.15.15:186][  0]LogObj: Error: LoadConfig (/Script/IOSRuntimeSettings.Default__IOSRuntimeSettings): import failed for MinimumiOSVersion in: IOS_11
[2026.07.30-15.15.15:433][  0]LogCook: Display: CookSettings for Memory: MemoryMaxUsedVirtual 0MiB, MemoryMaxUsedPhysical 16384MiB, MemoryMinFreeVirtual 0MiB, MemoryMinFreePhysical 1024MiB
[2026.07.30-15.15.15:433][  0]LogCook: Display: Mobile HDR setting 1
[2026.07.30-15.15.15:465][  0]LogFileCache: Scanning file cache for directory 'C:/Users/Yatharth Padharia/Documents/Dungeon Game/Spiderman-Project/SpiderMan Traversal Project_Portfolio/Content/' took 0.02s
[2026.07.30-15.15.15:465][  0]LogFMOD: FFMODStudioEditorModule startup
[2026.07.30-15.15.16:898][  0]LogHoudiniEngineEditor: Starting the Houdini Engine Editor module.
[2026.07.30-15.15.16:901][  0]LogHoudiniEngineEditor: Houdini Spline Component Visualizer Registered!
[2026.07.30-15.15.16:901][  0]LogHoudiniEngineEditor: Houdini Engine Editor module startup complete.
[2026.07.30-15.15.17:106][  0]LogInit: Display: Engine is initialized. Leaving FEngineLoop::Init()
[2026.07.30-15.15.17:108][  0]SourceControl: Source control is disabled
[2026.07.30-15.15.17:109][  0]LogUnrealEdMisc: Loading editor; pre map load, took 9.956
[2026.07.30-15.15.17:109][  0]LogEditorServer: Warning: Can't find file '../../../../../../Users/Yatharth Padharia/Documents/Dungeon Game/Spiderman-Project/SpiderMan Traversal Project_Portfolio/Content/Maps/TestCity.umap'
[2026.07.30-15.15.17:109][  0]Cmd: MAP CHECKDEP NOCLEARLOG
[2026.07.30-15.15.17:109][  0]MapCheck: Map check complete: 0 Error(s), 0 Warning(s), took 0.11ms to complete.
[2026.07.30-15.15.17:109][  0]LogFileHelpers: Loading map 'TestCity' took 0.000
[2026.07.30-15.15.17:113][  0]LogUnrealEdMisc: Total Editor Startup Time, took 9.960
[2026.07.30-15.15.17:295][  0]LogSlate: Updating window title bar state: overlay mode, drag disabled, window buttons hidden, title bar hidden
[2026.07.30-15.15.17:300][  0]LogSlate: Updating window title bar state: overlay mode, drag disabled, window buttons hidden, title bar hidden
[2026.07.30-15.15.17:304][  0]LogSlate: Updating window title bar state: overlay mode, drag disabled, window buttons hidden, title bar hidden
[2026.07.30-15.15.17:308][  0]LogSlate: Updating window title bar state: overlay mode, drag disabled, window buttons hidden, title bar hidden
[2026.07.30-15.15.17:488][  0]LogLoad: (Engine Initialization) Total time: 10.34 seconds
[2026.07.30-15.15.17:488][  0]LogLoad: (Engine Initialization) Total Blueprint compile time: 0.00 seconds
[2026.07.30-15.15.17:556][  0]LogContentStreaming: Texture pool size now 1000 MB
[2026.07.30-15.15.17:557][  0]LogSlate: Took 0.000404 seconds to synchronously load lazily loaded font '../../../Engine/Content/Slate/Fonts/Roboto-Regular.ttf' (155K)
[2026.07.30-15.15.17:567][  0]LogSlate: Took 0.009116 seconds to synchronously load lazily loaded font '../../../Engine/Content/Editor/Slate/Fonts/FontAwesome.ttf' (139K)
[2026.07.30-15.15.17:572][  0]LogSlate: Took 0.000258 seconds to synchronously load lazily loaded font '../../../Engine/Content/Slate/Fonts/Roboto-Bold.ttf' (160K)
[2026.07.30-15.15.17:759][  1]LogRenderer: Reallocating scene render targets to support 1244x876 Format 10 NumSamples 1 (Frame:1).
[2026.07.30-15.15.17:776][  1]LogAssetRegistry: Asset discovery search completed in 7.2857 seconds
[2026.07.30-15.15.17:872][  1]LogFMOD: Display: Loaded bank lookup
[2026.07.30-15.15.17:872][  1]LogFMOD: Error: Failed to load asset lookup
[2026.07.30-15.15.17:878][  1]LogFMOD: Default sample rate = 48000
[2026.07.30-15.15.17:878][  1]LogFMOD: System sample rate = 48000
[2026.07.30-15.15.17:878][  1]LogFMOD: Matching system sample rate 48000
[2026.07.30-15.15.17:891][  1]LogFMOD: Warning: Master bank (Master.bank) not found.
[2026.07.30-15.15.18:037][  1]LogFMOD: Default sample rate = 48000
[2026.07.30-15.15.18:037][  1]LogFMOD: System sample rate = 48000
[2026.07.30-15.15.18:037][  1]LogFMOD: Matching system sample rate 48000
[2026.07.30-15.15.18:049][  1]LogFMOD: Warning: Master bank (Master.bank) not found.
[2026.07.30-15.15.18:092][  1]LogFMOD: Warning: Problem loading FMOD Bank: Could not find master bank (Master.bank). Check project settings.
[2026.07.30-15.15.18:100][  1]LogFMOD: Display: Loaded bank lookup
[2026.07.30-15.15.18:100][  1]LogFMOD: Error: Failed to load asset lookup
[2026.07.30-15.15.18:104][  1]LogCollectionManager: Fixed up redirectors for 0 collections in 0.000002 seconds (updated 0 objects)
[2026.07.30-15.15.18:524][ 36]LogSlate: Took 0.007922 seconds to synchronously load lazily loaded font '../../../Engine/Content/Slate/Fonts/Roboto-Light.ttf' (167K)
[2026.07.30-15.19.33:052][845]LogBlueprint: Warning: [AssetLog] C:\Users\Yatharth Padharia\Documents\Dungeon Game\Spiderman-Project\SpiderMan Traversal Project_Portfolio\Content\AdvancedLocomotionV4\Blueprints\CharacterLogic\ALS_Base_CharacterBP.uasset: [Compiler] InputAction Event references unknown Action 'RagdollAction' for  InputAction RagdollAction
[2026.07.30-15.19.33:052][845]LogBlueprint: Warning: [AssetLog] C:\Users\Yatharth Padharia\Documents\Dungeon Game\Spiderman-Project\SpiderMan Traversal Project_Portfolio\Content\AdvancedLocomotionV4\Blueprints\CharacterLogic\ALS_Base_CharacterBP.uasset: [Compiler] InputAction Event references unknown Action 'SprintAction' for  InputAction SprintAction
[2026.07.30-15.19.33:052][845]LogBlueprint: Warning: [AssetLog] C:\Users\Yatharth Padharia\Documents\Dungeon Game\Spiderman-Project\SpiderMan Traversal Project_Portfolio\Content\AdvancedLocomotionV4\Blueprints\CharacterLogic\ALS_Base_CharacterBP.uasset: [Compiler] InputAction Event references unknown Action 'SprintAction' for  InputAction SprintAction
[2026.07.30-15.19.33:052][845]LogBlueprint: Warning: [AssetLog] C:\Users\Yatharth Padharia\Documents\Dungeon Game\Spiderman-Project\SpiderMan Traversal Project_Portfolio\Content\AdvancedLocomotionV4\Blueprints\CharacterLogic\ALS_Base_CharacterBP.uasset: [Compiler] InputAction Event references unknown Action 'CameraAction' for  InputAction CameraAction
[2026.07.30-15.19.33:053][845]LogBlueprint: Warning: [AssetLog] C:\Users\Yatharth Padharia\Documents\Dungeon Game\Spiderman-Project\SpiderMan Traversal Project_Portfolio\Content\AdvancedLocomotionV4\Blueprints\CharacterLogic\ALS_Base_CharacterBP.uasset: [Compiler] InputAction Event references unknown Action 'StanceAction' for  InputAction StanceAction
[2026.07.30-15.19.33:053][845]LogBlueprint: Warning: [AssetLog] C:\Users\Yatharth Padharia\Documents\Dungeon Game\Spiderman-Project\SpiderMan Traversal Project_Portfolio\Content\AdvancedLocomotionV4\Blueprints\CharacterLogic\ALS_Base_CharacterBP.uasset: [Compiler] InputAction Event references unknown Action 'AimAction' for  InputAction AimAction
[2026.07.30-15.19.33:053][845]LogBlueprint: Warning: [AssetLog] C:\Users\Yatharth Padharia\Documents\Dungeon Game\Spiderman-Project\SpiderMan Traversal Project_Portfolio\Content\AdvancedLocomotionV4\Blueprints\CharacterLogic\ALS_Base_CharacterBP.uasset: [Compiler] InputAction Event references unknown Action 'SelectRotationMode_2' for  InputAction SelectRotationMode_2
[2026.07.30-15.19.33:053][845]LogBlueprint: Warning: [AssetLog] C:\Users\Yatharth Padharia\Documents\Dungeon Game\Spiderman-Project\SpiderMan Traversal Project_Portfolio\Content\AdvancedLocomotionV4\Blueprints\CharacterLogic\ALS_Base_CharacterBP.uasset: [Compiler] InputAction Event references unknown Action 'SelectRotationMode_1' for  InputAction SelectRotationMode_1
[2026.07.30-15.19.33:053][845]LogBlueprint: Warning: [AssetLog] C:\Users\Yatharth Padharia\Documents\Dungeon Game\Spiderman-Project\SpiderMan Traversal Project_Portfolio\Content\AdvancedLocomotionV4\Blueprints\CharacterLogic\ALS_Base_CharacterBP.uasset: [Compiler] InputAction Event references unknown Action 'WalkAction' for  InputAction WalkAction
[2026.07.30-15.19.33:053][845]LogBlueprint: Warning: [AssetLog] C:\Users\Yatharth Padharia\Documents\Dungeon Game\Spiderman-Project\SpiderMan Traversal Project_Portfolio\Content\AdvancedLocomotionV4\Blueprints\CharacterLogic\ALS_Base_CharacterBP.uasset: [Compiler] InputAction Event references unknown Action 'JumpAction' for  InputAction JumpAction
[2026.07.30-15.19.33:054][845]LogBlueprint: Warning: [AssetLog] C:\Users\Yatharth Padharia\Documents\Dungeon Game\Spiderman-Project\SpiderMan Traversal Project_Portfolio\Content\AdvancedLocomotionV4\Blueprints\CharacterLogic\ALS_Base_CharacterBP.uasset: [Compiler] Input Axis Event references unknown Axis 'LookLeft/Right' for  InputAxis LookLeft/Right
[2026.07.30-15.19.33:054][845]LogBlueprint: Warning: [AssetLog] C:\Users\Yatharth Padharia\Documents\Dungeon Game\Spiderman-Project\SpiderMan Traversal Project_Portfolio\Content\AdvancedLocomotionV4\Blueprints\CharacterLogic\ALS_Base_CharacterBP.uasset: [Compiler] Input Axis Event references unknown Axis 'LookUp/Down' for  InputAxis LookUp/Down
[2026.07.30-15.19.33:054][845]LogBlueprint: Warning: [AssetLog] C:\Users\Yatharth Padharia\Documents\Dungeon Game\Spiderman-Project\SpiderMan Traversal Project_Portfolio\Content\AdvancedLocomotionV4\Blueprints\CharacterLogic\ALS_Base_CharacterBP.uasset: [Compiler] Input Axis Event references unknown Axis 'MoveRight/Left' for  InputAxis MoveRight/Left
[2026.07.30-15.19.33:054][845]LogBlueprint: Warning: [AssetLog] C:\Users\Yatharth Padharia\Documents\Dungeon Game\Spiderman-Project\SpiderMan Traversal Project_Portfolio\Content\AdvancedLocomotionV4\Blueprints\CharacterLogic\ALS_Base_CharacterBP.uasset: [Compiler] Input Axis Event references unknown Axis 'MoveForward/Backwards' for  InputAxis MoveForward/Backwards
[2026.07.30-15.19.33:055][845]LogBlueprint: Warning: [AssetLog] C:\Users\Yatharth Padharia\Documents\Dungeon Game\Spiderman-Project\SpiderMan Traversal Project_Portfolio\Content\AdvancedLocomotionV4\Blueprints\CharacterLogic\ALS_Base_CharacterBP.uasset: [Compiler] Get Input Axis references unknown Axis 'MoveRight/Left' for  Get MoveRight/Left
[2026.07.30-15.19.33:055][845]LogBlueprint: Warning: [AssetLog] C:\Users\Yatharth Padharia\Documents\Dungeon Game\Spiderman-Project\SpiderMan Traversal Project_Portfolio\Content\AdvancedLocomotionV4\Blueprints\CharacterLogic\ALS_Base_CharacterBP.uasset: [Compiler] Get Input Axis references unknown Axis 'MoveForward/Backwards' for  Get MoveForward/Backwards
[2026.07.30-15.19.33:077][845]LogBlueprint: Warning: [AssetLog] C:\Users\Yatharth Padharia\Documents\Dungeon Game\Spiderman-Project\SpiderMan Traversal Project_Portfolio\Content\AdvancedLocomotionV4\Blueprints\CharacterLogic\ALS_Base_CharacterBP.uasset: [Compiler] Get Input Axis references unknown Axis 'MoveForward/Backwards' for  Get MoveForward/Backwards
[2026.07.30-15.19.33:077][845]LogBlueprint: Warning: [AssetLog] C:\Users\Yatharth Padharia\Documents\Dungeon Game\Spiderman-Project\SpiderMan Traversal Project_Portfolio\Content\AdvancedLocomotionV4\Blueprints\CharacterLogic\ALS_Base_CharacterBP.uasset: [Compiler] Get Input Axis references unknown Axis 'MoveRight/Left' for  Get MoveRight/Left
[2026.07.30-15.19.37:395][845]LogAssetEditorSubsystem: Opening Asset editor for Blueprint /Game/Character/SpiderManBP_Master.SpiderManBP_Master
[2026.07.30-15.19.39:420][845]LogBlueprintEditor: Perf: 1.9 total seconds to load all 9 blueprint libraries in project. Avoid references to content in blueprint libraries to shorten this time.
[2026.07.30-15.19.39:421][845]LogBlueprintEditor: Perf: 1.7 seconds loading: /Water/FluidSimulation/Blueprints/Libraries/PhysicsMacros
[2026.07.30-15.19.41:607][845]LogSkinnedMeshComp: Warning: GetSocketByName(hand_l): No SkeletalMesh for Component(CharacterMesh0) Actor(SpiderManBP_Master_C_0)
[2026.07.30-15.19.41:607][845]LogSkinnedMeshComp: Warning: GetSocketByName(hand_l): No SkeletalMesh for Component(CharacterMesh0) Actor(SpiderManBP_Master_C_0)
[2026.07.30-15.19.41:607][845]LogSkinnedMeshComp: Warning: GetSocketByName(hand_l): No SkeletalMesh for Component(CharacterMesh0) Actor(SpiderManBP_Master_C_0)
[2026.07.30-15.19.41:617][845]LogSkinnedMeshComp: Warning: GetSocketByName(hand_r): No SkeletalMesh for Component(CharacterMesh0) Actor(SpiderManBP_Master_C_0)
[2026.07.30-15.19.41:617][845]LogSkinnedMeshComp: Warning: GetSocketByName(hand_r): No SkeletalMesh for Component(CharacterMesh0) Actor(SpiderManBP_Master_C_0)
[2026.07.30-15.19.41:617][845]LogSkinnedMeshComp: Warning: GetSocketByName(hand_r): No SkeletalMesh for Component(CharacterMesh0) Actor(SpiderManBP_Master_C_0)
[2026.07.30-15.19.41:617][845]LogSkinnedMeshComp: Warning: GetSocketByName(hand_r): No SkeletalMesh for Component(CharacterMesh0) Actor(SpiderManBP_Master_C_0)
[2026.07.30-15.19.41:617][845]LogSkinnedMeshComp: Warning: GetSocketByName(hand_r): No SkeletalMesh for Component(CharacterMesh0) Actor(SpiderManBP_Master_C_0)
[2026.07.30-15.19.41:617][845]LogSkinnedMeshComp: Warning: GetSocketByName(hand_r): No SkeletalMesh for Component(CharacterMesh0) Actor(SpiderManBP_Master_C_0)
[2026.07.30-15.19.41:617][845]LogSkinnedMeshComp: Warning: GetSocketByName(hand_l): No SkeletalMesh for Component(CharacterMesh0) Actor(SpiderManBP_Master_C_0)
[2026.07.30-15.19.41:617][845]LogSkinnedMeshComp: Warning: GetSocketByName(hand_l): No SkeletalMesh for Component(CharacterMesh0) Actor(SpiderManBP_Master_C_0)
[2026.07.30-15.19.41:617][845]LogSkinnedMeshComp: Warning: GetSocketByName(hand_l): No SkeletalMesh for Component(CharacterMesh0) Actor(SpiderManBP_Master_C_0)
[2026.07.30-15.19.41:622][845]LogSkinnedMeshComp: Warning: GetSocketByName(head): No SkeletalMesh for Component(CharacterMesh0) Actor(SpiderManBP_Master_C_0)
[2026.07.30-15.19.41:622][845]LogSkinnedMeshComp: Warning: GetSocketByName(head): No SkeletalMesh for Component(CharacterMesh0) Actor(SpiderManBP_Master_C_0)
[2026.07.30-15.19.41:622][845]LogSkinnedMeshComp: Warning: GetSocketByName(head): No SkeletalMesh for Component(CharacterMesh0) Actor(SpiderManBP_Master_C_0)
[2026.07.30-15.19.41:622][845]LogSkinnedMeshComp: Warning: GetSocketByName(head): No SkeletalMesh for Component(CharacterMesh0) Actor(SpiderManBP_Master_C_0)
[2026.07.30-15.19.41:654][845]LogSlate: Took 0.005919 seconds to synchronously load lazily loaded font '../../../Engine/Content/Slate/Fonts/Roboto-BoldCondensed.ttf' (158K)
[2026.07.30-15.19.54:219][140]LogAudioMixer: Display: Audio Buffer Underrun (starvation) detected.
[2026.07.30-15.33.33:883][  4]LogNativeClassHierarchy: Verbose: Native class hierarchy populated in 0.0118 seconds. Added 4043 classes and 981 folders.
[2026.07.30-15.33.33:909][  4]LogSlate: Took 0.007608 seconds to synchronously load lazily loaded font '../../../Engine/Content/Slate/Fonts/Roboto-Light.ttf' (167K)
[2026.07.30-15.33.35:402][  4]LogSlate: Window 'Save Level As' being destroyed
[2026.07.30-15.47.45:906][ 73]LightingResults: New page: Lighting Build
[2026.07.30-15.47.45:910][ 73]LogNativeClassHierarchy: Verbose: Native class hierarchy updated for 'StatsViewer' in 0.0003 seconds. Added 6 classes and 0 folders.
[2026.07.30-15.47.45:911][ 73]LoadErrors: New page: Loading map: Stage2.umap
[2026.07.30-15.47.45:918][ 73]LogWorld: UWorld::CleanupWorld for Untitled, bSessionEnded=true, bCleanupResources=true
[2026.07.30-15.47.45:922][ 73]LogSlate: InvalidateAllWidgets triggered.  All widgets were invalidated
[2026.07.30-15.47.45:926][ 73]MapCheck: New page: Map Check
[2026.07.30-15.47.45:926][ 73]LightingResults: New page: Lighting Build
[2026.07.30-15.47.45:954][ 73]LogAudio: Display: Audio Device unregistered from world 'None'.
[2026.07.30-15.47.46:026][ 73]LogUObjectHash: Compacting FUObjectHashTables data took   3.98ms
[2026.07.30-15.47.46:716][ 73]LogAudio: Display: Audio Device (ID: 1) registered with world 'Stage2'.
[2026.07.30-15.47.46:717][ 73]LogAIModule: Creating AISystem for world Stage2
[2026.07.30-15.47.46:731][ 73]LogAnimation: Warning: FBoneReference::Initialize BoneIndex for Bone 'VB VB VB ik_foot_r' does not exist in Skeleton 'SpiderMan_Skeleton'
[2026.07.30-15.47.46:731][ 73]LogAnimation: Warning: FBoneReference::Initialize BoneIndex for Bone 'VB thigh_r_calf_r' does not exist in Skeleton 'SpiderMan_Skeleton'
[2026.07.30-15.47.46:731][ 73]LogAnimation: Warning: FBoneReference::Initialize BoneIndex for Bone 'VB VB VB IK_foot_l' does not exist in Skeleton 'SpiderMan_Skeleton'
[2026.07.30-15.47.46:731][ 73]LogAnimation: Warning: FBoneReference::Initialize BoneIndex for Bone 'VB VB thigh_l_calf_l' does not exist in Skeleton 'SpiderMan_Skeleton'
[2026.07.30-15.47.46:731][ 73]LogAnimation: Warning: FBoneReference::Initialize BoneIndex for Bone 'VB thigh_r_calf_r' does not exist in Skeleton 'SpiderMan_Skeleton'
[2026.07.30-15.47.46:731][ 73]LogAnimation: Warning: FBoneReference::Initialize BoneIndex for Bone 'VB VB VB ik_foot_r' does not exist in Skeleton 'SpiderMan_Skeleton'
[2026.07.30-15.47.46:731][ 73]LogAnimation: Warning: FBoneReference::Initialize BoneIndex for Bone 'VB VB thigh_l_calf_l' does not exist in Skeleton 'SpiderMan_Skeleton'
[2026.07.30-15.47.46:731][ 73]LogAnimation: Warning: FBoneReference::Initialize BoneIndex for Bone 'VB VB VB IK_foot_l' does not exist in Skeleton 'SpiderMan_Skeleton'
[2026.07.30-15.47.47:387][ 73]LogEditorServer: Finished looking for orphan Actors (0.000 secs)
[2026.07.30-15.47.47:476][ 73]LogUObjectHash: Compacting FUObjectHashTables data took   2.72ms
[2026.07.30-15.47.47:504][ 73]Cmd: MAP CHECKDEP NOCLEARLOG
[2026.07.30-15.47.47:504][ 73]MapCheck: Map check complete: 0 Error(s), 0 Warning(s), took 0.425ms to complete.
[2026.07.30-15.47.47:504][ 73]LogFileHelpers: Loading map 'Stage2' took 1.617
[2026.07.30-15.47.47:858][ 74]LogStaticMesh: Allocated 30x30x30 distance field atlas = 0.1Mb, with 1 objects containing 0.1Mb backing data
[2026.07.30-15.58.39:312][928]LogUObjectHash: Compacting FUObjectHashTables data took   5.17ms
[2026.07.30-15.58.40:414][928]LogSlate: Window 'Save Content' being destroyed
[2026.07.30-15.58.41:408][928]LogSavePackage: Moving '../../../../../../Users/Yatharth Padharia/Documents/Dungeon Game/Spiderman-Project/SpiderMan Traversal Project_Portfolio/Saved/SpiderManBP_MasterC53A421448F47E853E2159B08C7C4838.tmp' to '../../../../../../Users/Yatharth Padharia/Documents/Dungeon Game/Spiderman-Project/SpiderMan Traversal Project_Portfolio/Content/Character/SpiderManBP_Master.uasset'
[2026.07.30-15.58.41:454][928]LogWorld: UWorld::CleanupWorld for World_0, bSessionEnded=true, bCleanupResources=true
[2026.07.30-15.58.41:454][928]LogSlate: InvalidateAllWidgets triggered.  All widgets were invalidated
[2026.07.30-15.58.41:548][928]LogSlate: Window 'SpiderMan_Mk2 - Unreal Editor' being destroyed
[2026.07.30-15.58.41:888][928]AssetCheck: New page: Asset Save: SpiderManBP_Master
[2026.07.30-15.58.41:889][928]LogContentValidation: Display: Validating Blueprint /Game/Character/SpiderManBP_Master.SpiderManBP_Master
[2026.07.30-15.58.41:892][929]Cmd: QUIT_EDITOR
[2026.07.30-15.58.41:892][929]LogCore: Engine exit requested (reason: UUnrealEdEngine::CloseEditor())
[2026.07.30-15.58.41:904][929]LogCore: Engine exit requested (reason: EngineExit() was called; note: exit was already requested)
[2026.07.30-15.58.41:924][929]LogAudio: Display: Beginning Audio Device Manager Shutdown (Module: AudioMixerXAudio2)...
[2026.07.30-15.58.41:925][929]LogAudio: Display: Destroying 1 Remaining Audio Device(s)...
[2026.07.30-15.58.41:925][929]LogAudio: Display: Audio Device unregistered from world 'Stage2'.
[2026.07.30-15.58.41:929][929]LogAudioMixer: FMixerPlatformXAudio2::StopAudioStream() called
[2026.07.30-15.58.41:935][929]LogAudioMixer: FMixerPlatformXAudio2::StopAudioStream() called
[2026.07.30-15.58.41:955][929]LogAudio: Display: Audio Device Manager Shutdown
[2026.07.30-15.58.41:956][929]LogWindowsTextInputMethodSystem: Display: IME system deactivated.
[2026.07.30-15.58.41:980][929]LogExit: Preparing to exit.
[2026.07.30-15.58.43:052][929]LogUObjectHash: Compacting FUObjectHashTables data took   4.27ms
[2026.07.30-15.58.43:656][929]LogDirectoryWatcher: Display: A directory notification failed, and we were unable to create a new request. GetLastError code [6] Handle [FFFFFFFFFFFFFFFF], Path [C:/Users/Yatharth Padharia/Documents/Dungeon Game/Spiderman-Project/SpiderMan Traversal Project_Portfolio/Content/] 
[2026.07.30-15.58.44:239][929]LogWorld: UWorld::CleanupWorld for None, bSessionEnded=true, bCleanupResources=true
[2026.07.30-15.58.44:240][929]LogExit: Editor shut down
[2026.07.30-15.58.44:245][929]LogExit: Transaction tracking system shut down
[2026.07.30-15.58.44:304][929]LogDemo: Cleaned up 0 splitscreen connections with owner deletion
[2026.07.30-15.58.45:306][929]LogExit: Object subsystem successfully closed.
[2026.07.30-15.58.45:394][929]LogShaderCompilers: Display: === FShaderJobCache stats ===
[2026.07.30-15.58.45:394][929]LogShaderCompilers: Display: Total job queries 0, among them cache hits 0 (0.00%)
[2026.07.30-15.58.45:394][929]LogShaderCompilers: Display: Tracking 0 distinct input hashes that result in 0 distinct outputs (0.00%)
[2026.07.30-15.58.45:395][929]LogShaderCompilers: Display: RAM used: 0.00 MB (0.00 GB) of 819.20 MB (0.80 GB) budget. Usage: 0.00%
[2026.07.30-15.58.45:395][929]LogShaderCompilers: Display: ================================================
[2026.07.30-15.58.45:440][929]LogShaderCompilers: Display: Shaders left to compile 0
[2026.07.30-15.58.45:599][929]LogModuleManager: Shutting down and abandoning module StatsViewer (906)
[2026.07.30-15.58.45:600][929]LogModuleManager: Shutting down and abandoning module BlueprintGraph (904)
[2026.07.30-15.58.45:600][929]LogModuleManager: Shutting down and abandoning module EditorWidgets (902)
[2026.07.30-15.58.45:600][929]LogModuleManager: Shutting down and abandoning module HierarchicalLODOutliner (900)
[2026.07.30-15.58.45:600][929]LogModuleManager: Shutting down and abandoning module SceneOutliner (898)
[2026.07.30-15.58.45:600][929]LogModuleManager: Shutting down and abandoning module PIEPreviewDeviceProfileSelector (896)
[2026.07.30-15.58.45:600][929]LogModuleManager: Shutting down and abandoning module SequenceRecorderSections (894)
[2026.07.30-15.58.45:600][929]LogModuleManager: Shutting down and abandoning module AutomationWorker (892)
[2026.07.30-15.58.45:600][929]LogModuleManager: Shutting down and abandoning module SteamVREditor (890)
[2026.07.30-15.58.45:600][929]LogModuleManager: Shutting down and abandoning module OculusMR (888)
[2026.07.30-15.58.45:600][929]LogModuleManager: Shutting down and abandoning module MagicLeapMediaCodecFactory (886)
[2026.07.30-15.58.45:602][929]LogModuleManager: Shutting down and abandoning module MagicLeapMediaFactory (884)
[2026.07.30-15.58.45:602][929]LogModuleManager: Shutting down and abandoning module MagicLeapMediaEditor (882)
[2026.07.30-15.58.45:602][929]LogModuleManager: Shutting down and abandoning module TakeRecorderSources (880)
[2026.07.30-15.58.45:603][929]LogModuleManager: Shutting down and abandoning module TakeRecorder (879)
[2026.07.30-15.58.45:605][929]LogModuleManager: Shutting down and abandoning module TakeTrackRecorders (876)
[2026.07.30-15.58.45:605][929]LogModuleManager: Shutting down and abandoning module TakesCore (874)
[2026.07.30-15.58.45:605][929]LogModuleManager: Shutting down and abandoning module TemplateSequenceEditor (872)
[2026.07.30-15.58.45:605][929]LogModuleManager: Shutting down and abandoning module MatineeToLevelSequence (870)
[2026.07.30-15.58.45:606][929]LogModuleManager: Shutting down and abandoning module LevelSequenceEditor (868)
[2026.07.30-15.58.45:607][929]LogModuleManager: Shutting down and abandoning module ActorSequenceEditor (866)
[2026.07.30-15.58.45:607][929]LogModuleManager: Shutting down and abandoning module OpenXRInput (864)
[2026.07.30-15.58.45:608][929]LogModuleManager: Shutting down and abandoning module HoudiniEngineEditor (862)
[2026.07.30-15.58.45:608][929]LogHoudiniEngineEditor: Shutting down the Houdini Engine Editor module.
[2026.07.30-15.58.45:608][929]LogHoudiniEngineEditor: Houdini Engine Editor module shutdown complete.
[2026.07.30-15.58.45:610][929]LogModuleManager: Shutting down and abandoning module GooglePADEditor (860)
[2026.07.30-15.58.45:610][929]LogModuleManager: Shutting down and abandoning module AudioCaptureEditor (858)
[2026.07.30-15.58.45:610][929]LogModuleManager: Shutting down and abandoning module MediaPlayerEditor (856)
[2026.07.30-15.58.45:611][929]LogModuleManager: Shutting down and abandoning module WmfMediaFactory (854)
[2026.07.30-15.58.45:611][929]LogModuleManager: Shutting down and abandoning module WmfMediaEditor (852)
[2026.07.30-15.58.45:611][929]LogModuleManager: Shutting down and abandoning module WebMMediaFactory (850)
[2026.07.30-15.58.45:611][929]LogModuleManager: Shutting down and abandoning module WebMMediaEditor (848)
[2026.07.30-15.58.45:611][929]LogModuleManager: Shutting down and abandoning module WebMMedia (846)
[2026.07.30-15.58.45:611][929]LogModuleManager: Shutting down and abandoning module MediaCompositingEditor (844)
[2026.07.30-15.58.45:612][929]LogModuleManager: Shutting down and abandoning module SequenceRecorder (843)
[2026.07.30-15.58.45:612][929]LogModuleManager: Shutting down and abandoning module OpenExrWrapper (840)
[2026.07.30-15.58.45:612][929]LogModuleManager: Shutting down and abandoning module ImgMediaFactory (838)
[2026.07.30-15.58.45:612][929]LogModuleManager: Shutting down and abandoning module ImgMediaEditor (836)
[2026.07.30-15.58.45:612][929]LogModuleManager: Shutting down and abandoning module AvfMediaFactory (834)
[2026.07.30-15.58.45:612][929]LogModuleManager: Shutting down and abandoning module AvfMediaEditor (832)
[2026.07.30-15.58.45:612][929]LogModuleManager: Shutting down and abandoning module AndroidMediaFactory (830)
[2026.07.30-15.58.45:612][929]LogModuleManager: Shutting down and abandoning module AndroidMediaEditor (828)
[2026.07.30-15.58.45:612][929]LogModuleManager: Shutting down and abandoning module BlockoutToolsEditorPlugin (826)
[2026.07.30-15.58.45:612][929]LogModuleManager: Shutting down and abandoning module PrefabricatorEditorPostInit (824)
[2026.07.30-15.58.45:612][929]LogModuleManager: Shutting down and abandoning module WaterEditor (822)
[2026.07.30-15.58.45:613][929]LogModuleManager: Shutting down and abandoning module PlanarCut (820)
[2026.07.30-15.58.45:613][929]LogModuleManager: Shutting down and abandoning module CharacterAI (818)
[2026.07.30-15.58.45:613][929]LogModuleManager: Shutting down and abandoning module TextureAlignMode (816)
[2026.07.30-15.58.45:613][929]LogModuleManager: Shutting down and abandoning module BspMode (814)
[2026.07.30-15.58.45:613][929]LogModuleManager: Shutting down and abandoning module GeometryMode (812)
[2026.07.30-15.58.45:613][929]LogModuleManager: Shutting down and abandoning module CameraShakePreviewer (810)
[2026.07.30-15.58.45:614][929]LogModuleManager: Shutting down and abandoning module SmartSnapping (808)
[2026.07.30-15.58.45:614][929]LogModuleManager: Shutting down and abandoning module SessionServices (806)
[2026.07.30-15.58.45:614][929]LogModuleManager: Shutting down and abandoning module MeshPaint (804)
[2026.07.30-15.58.45:615][929]LogModuleManager: Shutting down and abandoning module VirtualTexturingEditor (802)
[2026.07.30-15.58.45:615][929]LogModuleManager: Shutting down and abandoning module FoliageEdit (800)
[2026.07.30-15.58.45:615][929]LogModuleManager: Shutting down and abandoning module LandscapeEditor (798)
[2026.07.30-15.58.45:616][929]LogModuleManager: Shutting down and abandoning module MeshPaintMode (796)
[2026.07.30-15.58.45:616][929]LogModuleManager: Shutting down and abandoning module SceneDepthPickerMode (794)
[2026.07.30-15.58.45:616][929]LogModuleManager: Shutting down and abandoning module ActorPickerMode (792)
[2026.07.30-15.58.45:616][929]LogModuleManager: Shutting down and abandoning module PlacementMode (790)
[2026.07.30-15.58.45:616][929]LogModuleManager: Shutting down and abandoning module ViewportSnapping (788)
[2026.07.30-15.58.45:616][929]LogModuleManager: Shutting down and abandoning module ViewportInteraction (786)
[2026.07.30-15.58.45:616][929]LogModuleManager: Shutting down and abandoning module ClothPainter (784)
[2026.07.30-15.58.45:618][929]LogModuleManager: Shutting down and abandoning module SkeletalMeshEditor (783)
[2026.07.30-15.58.45:619][929]LogModuleManager: Shutting down and abandoning module LogVisualizer (780)
[2026.07.30-15.58.45:622][929]LogModuleManager: Shutting down and abandoning module IntroTutorials (778)
[2026.07.30-15.58.45:622][929]LogModuleManager: Shutting down and abandoning module GameProjectGeneration (777)
[2026.07.30-15.58.45:623][929]LogModuleManager: Shutting down and abandoning module LuminPlatformEditor (774)
[2026.07.30-15.58.45:623][929]LogModuleManager: Shutting down and abandoning module IOSPlatformEditor (772)
[2026.07.30-15.58.45:623][929]LogModuleManager: Shutting down and abandoning module AndroidPlatformEditor (770)
[2026.07.30-15.58.45:623][929]LogModuleManager: Shutting down and abandoning module AndroidDeviceDetection (769)
[2026.07.30-15.58.45:729][929]LogModuleManager: Shutting down and abandoning module WindowsPlatformEditor (766)
[2026.07.30-15.58.45:729][929]LogModuleManager: Shutting down and abandoning module LuminRuntimeSettings (764)
[2026.07.30-15.58.45:729][929]LogModuleManager: Shutting down and abandoning module IOSRuntimeSettings (762)
[2026.07.30-15.58.45:729][929]LogModuleManager: Shutting down and abandoning module AndroidRuntimeSettings (760)
[2026.07.30-15.58.45:729][929]LogModuleManager: Shutting down and abandoning module TraceInsights (758)
[2026.07.30-15.58.45:732][929]MemoryProfiler: Shutdown
[2026.07.30-15.58.45:733][929]NetworkingProfiler: Shutdown
[2026.07.30-15.58.45:733][929]LoadingProfiler: Shutdown
[2026.07.30-15.58.45:734][929]TimingProfiler: Shutdown
[2026.07.30-15.58.45:740][929]LogModuleManager: Shutting down and abandoning module TraceServices (757)
[2026.07.30-15.58.45:742][929]LogModuleManager: Shutting down and abandoning module EditorInteractiveToolsFramework (754)
[2026.07.30-15.58.45:742][929]LogModuleManager: Shutting down and abandoning module TimeManagementEditor (752)
[2026.07.30-15.58.45:742][929]LogModuleManager: Shutting down and abandoning module InputBindingEditor (750)
[2026.07.30-15.58.45:745][929]LogModuleManager: Shutting down and abandoning module MergeActors (748)
[2026.07.30-15.58.45:745][929]LogModuleManager: Shutting down and abandoning module LocalizationDashboard (746)
[2026.07.30-15.58.45:747][929]LogModuleManager: Shutting down and abandoning module LocalizationService (745)
[2026.07.30-15.58.45:747][929]LogModuleManager: Shutting down and abandoning module HardwareTargeting (742)
[2026.07.30-15.58.45:747][929]LogModuleManager: Shutting down and abandoning module DeviceProfileEditor (740)
[2026.07.30-15.58.45:747][929]LogModuleManager: Shutting down and abandoning module UndoHistory (738)
[2026.07.30-15.58.45:748][929]LogModuleManager: Shutting down and abandoning module XmlParser (736)
[2026.07.30-15.58.45:749][929]LogModuleManager: Shutting down and abandoning module Blutility (734)
[2026.07.30-15.58.45:749][929]LogModuleManager: Shutting down and abandoning module ProjectSettingsViewer (732)
[2026.07.30-15.58.45:749][929]LogModuleManager: Shutting down and abandoning module ProjectTargetPlatformEditor (731)
[2026.07.30-15.58.45:750][929]LogModuleManager: Shutting down and abandoning module EditorSettingsViewer (728)
[2026.07.30-15.58.45:750][929]LogModuleManager: Shutting down and abandoning module InternationalizationSettings (727)
[2026.07.30-15.58.45:750][929]LogModuleManager: Shutting down and abandoning module SettingsEditor (724)
[2026.07.30-15.58.45:752][929]LogModuleManager: Shutting down and abandoning module ProjectLauncher (722)
[2026.07.30-15.58.45:753][929]LogModuleManager: Shutting down and abandoning module SessionFrontend (720)
[2026.07.30-15.58.45:753][929]LogModuleManager: Shutting down and abandoning module ProfilerClient (718)
[2026.07.30-15.58.45:753][929]LogModuleManager: Shutting down and abandoning module DeviceManager (716)
[2026.07.30-15.58.45:753][929]LogModuleManager: Shutting down and abandoning module TargetDeviceServices (715)
[2026.07.30-15.58.45:786][929]LogModuleManager: Shutting down and abandoning module AutomationController (712)
[2026.07.30-15.58.45:787][929]LogModuleManager: Shutting down and abandoning module AutomationWindow (710)
[2026.07.30-15.58.45:787][929]LogModuleManager: Shutting down and abandoning module Layers (708)
[2026.07.30-15.58.45:790][929]LogModuleManager: Shutting down and abandoning module ComponentVisualizers (706)
[2026.07.30-15.58.45:790][929]LogModuleManager: Shutting down and abandoning module DetailCustomizations (704)
[2026.07.30-15.58.45:791][929]LogModuleManager: Shutting down and abandoning module PackagesDialog (702)
[2026.07.30-15.58.45:792][929]LogModuleManager: Shutting down and abandoning module AnimationBlueprintEditor (700)
[2026.07.30-15.58.45:792][929]LogModuleManager: Shutting down and abandoning module Persona (698)
[2026.07.30-15.58.45:794][929]LogModuleManager: Shutting down and abandoning module AdvancedPreviewScene (697)
[2026.07.30-15.58.45:794][929]LogModuleManager: Shutting down and abandoning module AnimGraph (695)
[2026.07.30-15.58.45:794][929]LogModuleManager: Shutting down and abandoning module Kismet (692)
[2026.07.30-15.58.45:820][929]LogModuleManager: Shutting down and abandoning module KismetWidgets (691)
[2026.07.30-15.58.45:820][929]LogModuleManager: Shutting down and abandoning module GraphEditor (688)
[2026.07.30-15.58.45:820][929]LogModuleManager: Shutting down and abandoning module StructViewer (686)
[2026.07.30-15.58.45:820][929]LogModuleManager: Shutting down and abandoning module ClassViewer (684)
[2026.07.30-15.58.45:820][929]LogModuleManager: Shutting down and abandoning module Toolbox (682)
[2026.07.30-15.58.45:820][929]LogModuleManager: Shutting down and abandoning module ModuleUI (680)
[2026.07.30-15.58.45:822][929]LogModuleManager: Shutting down and abandoning module OutputLog (678)
[2026.07.30-15.58.45:822][929]LogModuleManager: Shutting down and abandoning module GammaUI (676)
[2026.07.30-15.58.45:824][929]LogModuleManager: Shutting down and abandoning module Documentation (674)
[2026.07.30-15.58.45:824][929]LogModuleManager: Shutting down and abandoning module LiveCoding (672)
[2026.07.30-15.58.45:824][929]LogModuleManager: Shutting down and abandoning module LevelSequence (670)
[2026.07.30-15.58.45:824][929]LogModuleManager: Shutting down and abandoning module MovieSceneTracks (668)
[2026.07.30-15.58.45:824][929]LogModuleManager: Shutting down and abandoning module MovieScene (666)
[2026.07.30-15.58.45:825][929]LogModuleManager: Shutting down and abandoning module StreamingPauseRendering (664)
[2026.07.30-15.58.45:825][929]LogModuleManager: Shutting down and abandoning module LauncherPlatform (662)
[2026.07.30-15.58.45:825][929]LogModuleManager: Shutting down and abandoning module AnalyticsET (660)
[2026.07.30-15.58.45:825][929]LogModuleManager: Shutting down and abandoning module PortalServices (658)
[2026.07.30-15.58.45:827][929]LogModuleManager: Shutting down and abandoning module PortalRpc (656)
[2026.07.30-15.58.45:827][929]LogModuleManager: Shutting down and abandoning module MessagingRpc (654)
[2026.07.30-15.58.45:827][929]LogModuleManager: Shutting down and abandoning module AudioMixerXAudio2 (652)
[2026.07.30-15.58.45:827][929]LogModuleManager: Shutting down and abandoning module AudioMixerCore (651)
[2026.07.30-15.58.45:827][929]LogModuleManager: Shutting down and abandoning module AIModule (648)
[2026.07.30-15.58.45:828][929]LogModuleManager: Shutting down and abandoning module GameplayDebugger (647)
[2026.07.30-15.58.45:829][929]LogModuleManager: Shutting down and abandoning module AITestSuite (645)
[2026.07.30-15.58.45:829][929]LogModuleManager: Shutting down and abandoning module NavigationSystem (643)
[2026.07.30-15.58.45:829][929]LogModuleManager: Shutting down and abandoning module ImageWriteQueue (640)
[2026.07.30-15.58.45:839][929]LogModuleManager: Shutting down and abandoning module ProfilerService (638)
[2026.07.30-15.58.45:969][929]LogModuleManager: Shutting down and abandoning module TaskGraph (636)
[2026.07.30-15.58.45:970][929]LogModuleManager: Shutting down and abandoning module AudioSynesthesiaEditor (634)
[2026.07.30-15.58.45:970][929]LogModuleManager: Shutting down and abandoning module OculusEditor (632)
[2026.07.30-15.58.45:975][929]LogModuleManager: Shutting down and abandoning module OculusInput (630)
[2026.07.30-15.58.45:975][929]LogModuleManager: Shutting down and abandoning module ContentBrowserFileDataSource (628)
[2026.07.30-15.58.45:975][929]LogModuleManager: Shutting down and abandoning module ContentBrowserAssetDataSource (626)
[2026.07.30-15.58.45:975][929]LogModuleManager: Shutting down and abandoning module ContentBrowserClassDataSource (624)
[2026.07.30-15.58.45:975][929]LogModuleManager: Shutting down and abandoning module CollectionManager (623)
[2026.07.30-15.58.45:976][929]LogModuleManager: Shutting down and abandoning module MagicLeapLightEstimation (620)
[2026.07.30-15.58.45:976][929]LogModuleManager: Shutting down and abandoning module MagicLeapSharedWorld (618)
[2026.07.30-15.58.45:976][929]LogModuleManager: Shutting down and abandoning module MagicLeapHelperVulkan (616)
[2026.07.30-15.58.45:977][929]LogModuleManager: Shutting down and abandoning module MagicLeapHelperOpenGL (614)
[2026.07.30-15.58.45:977][929]LogModuleManager: Shutting down and abandoning module MagicLeapAudio (612)
[2026.07.30-15.58.45:977][929]LogModuleManager: Shutting down and abandoning module TakeSequencer (610)
[2026.07.30-15.58.45:977][929]LogModuleManager: Shutting down and abandoning module TakeMovieScene (608)
[2026.07.30-15.58.45:977][929]LogModuleManager: Shutting down and abandoning module SynthesisEditor (606)
[2026.07.30-15.58.45:977][929]LogModuleManager: Shutting down and abandoning module Synthesis (604)
[2026.07.30-15.58.45:977][929]LogModuleManager: Shutting down and abandoning module ProceduralMeshComponentEditor (602)
[2026.07.30-15.58.45:978][929]LogModuleManager: Shutting down and abandoning module ProceduralMeshComponent (600)
[2026.07.30-15.58.45:978][929]LogModuleManager: Shutting down and abandoning module MobilePatchingUtils (598)
[2026.07.30-15.58.45:978][929]LogModuleManager: Shutting down and abandoning module TemplateSequence (596)
[2026.07.30-15.58.45:978][929]LogModuleManager: Shutting down and abandoning module OpenXREditor (594)
[2026.07.30-15.58.45:978][929]LogModuleManager: Shutting down and abandoning module ScreenshotTools (592)
[2026.07.30-15.58.45:978][929]LogModuleManager: Shutting down and abandoning module HoudiniEngineRuntime (590)
[2026.07.30-15.58.45:978][929]LogModuleManager: Shutting down and abandoning module HoudiniEngine (588)
[2026.07.30-15.58.45:978][929]LogHoudiniEngine: Shutting down the Houdini Engine module.
[2026.07.30-15.58.46:073][929]LogModuleManager: Shutting down and abandoning module EditableMesh (586)
[2026.07.30-15.58.46:074][929]LogModuleManager: Shutting down and abandoning module GooglePAD (584)
[2026.07.30-15.58.46:074][929]LogModuleManager: Shutting down and abandoning module CustomMeshComponent (582)
[2026.07.30-15.58.46:074][929]LogModuleManager: Shutting down and abandoning module ArchVisCharacter (580)
[2026.07.30-15.58.46:074][929]LogModuleManager: Shutting down and abandoning module CableComponent (578)
[2026.07.30-15.58.46:074][929]LogModuleManager: Shutting down and abandoning module AssetTags (576)
[2026.07.30-15.58.46:074][929]LogModuleManager: Shutting down and abandoning module AudioCapture (574)
[2026.07.30-15.58.46:074][929]LogModuleManager: Shutting down and abandoning module AudioCaptureRtAudio (573)
[2026.07.30-15.58.46:074][929]LogModuleManager: Shutting down and abandoning module AppleImageUtilsBlueprintSupport (570)
[2026.07.30-15.58.46:074][929]LogModuleManager: Shutting down and abandoning module AppleImageUtils (568)
[2026.07.30-15.58.46:074][929]LogModuleManager: Shutting down and abandoning module AndroidPermission (566)
[2026.07.30-15.58.46:074][929]LogModuleManager: Shutting down and abandoning module ActorLayerUtilitiesEditor (564)
[2026.07.30-15.58.46:075][929]LogModuleManager: Shutting down and abandoning module ActorLayerUtilities (562)
[2026.07.30-15.58.46:075][929]LogModuleManager: Shutting down and abandoning module MediaCompositing (560)
[2026.07.30-15.58.46:075][929]LogModuleManager: Shutting down and abandoning module ImgMedia (558)
[2026.07.30-15.58.46:075][929]LogModuleManager: Shutting down and abandoning module MotoSynthEditor (556)
[2026.07.30-15.58.46:075][929]LogModuleManager: Shutting down and abandoning module MotoSynth (554)
[2026.07.30-15.58.46:075][929]LogModuleManager: Shutting down and abandoning module BlockoutToolsPlugin (552)
[2026.07.30-15.58.46:075][929]LogModuleManager: Shutting down and abandoning module ConstructionSystemEditor (550)
[2026.07.30-15.58.46:075][929]LogModuleManager: Shutting down and abandoning module PrefabricatorEditor (548)
[2026.07.30-15.58.46:077][929]LogModuleManager: Shutting down and abandoning module OpenImageDenoise (546)
[2026.07.30-15.58.46:077][929]LogOpenImageDenoise: OIDN shutting down
[2026.07.30-15.58.46:077][929]LogModuleManager: Shutting down and abandoning module LandmassEditor (544)
[2026.07.30-15.58.46:077][929]LogModuleManager: Shutting down and abandoning module Landmass (542)
[2026.07.30-15.58.46:077][929]LogModuleManager: Shutting down and abandoning module MeshConversion (540)
[2026.07.30-15.58.46:077][929]LogModuleManager: Shutting down and abandoning module DynamicMesh (538)
[2026.07.30-15.58.46:078][929]LogModuleManager: Shutting down and abandoning module GeometryAlgorithms (536)
[2026.07.30-15.58.46:078][929]LogModuleManager: Shutting down and abandoning module GeometricObjects (534)
[2026.07.30-15.58.46:079][929]LogModuleManager: Shutting down and abandoning module GeometryCollectionTracks (532)
[2026.07.30-15.58.46:079][929]LogModuleManager: Shutting down and abandoning module GeometryCollectionSequencer (531)
[2026.07.30-15.58.46:079][929]LogModuleManager: Shutting down and abandoning module GeometryCollectionEditor (528)
[2026.07.30-15.58.46:079][929]LogModuleManager: Shutting down and abandoning module NiagaraEditorWidgets (526)
[2026.07.30-15.58.46:082][929]LogModuleManager: Shutting down and abandoning module GeometryCacheTracks (524)
[2026.07.30-15.58.46:082][929]LogModuleManager: Shutting down and abandoning module GeometryCacheStreamer (522)
[2026.07.30-15.58.46:082][929]LogModuleManager: Shutting down and abandoning module GeometryCacheSequencer (520)
[2026.07.30-15.58.46:082][929]LogModuleManager: Shutting down and abandoning module ChaosNiagara (518)
[2026.07.30-15.58.46:082][929]LogModuleManager: Shutting down and abandoning module PlasticSourceControl (516)
[2026.07.30-15.58.46:083][929]LogModuleManager: Shutting down and abandoning module ChaosSolverEditor (514)
[2026.07.30-15.58.46:083][929]LogModuleManager: Shutting down and abandoning module FractureEditor (512)
[2026.07.30-15.58.46:083][929]LogModuleManager: Shutting down and abandoning module FieldSystemEngine (511)
[2026.07.30-15.58.46:083][929]LogModuleManager: Shutting down and abandoning module ChaosClothEditor (508)
[2026.07.30-15.58.46:084][929]LogModuleManager: Shutting down and abandoning module BackChannel (506)
[2026.07.30-15.58.46:084][929]LogModuleManager: Shutting down and abandoning module AutomationUtilsEditor (504)
[2026.07.30-15.58.46:084][929]LogModuleManager: Shutting down and abandoning module AutomationUtils (502)
[2026.07.30-15.58.46:084][929]LogModuleManager: Shutting down and abandoning module VisualStudioSourceCodeAccess (500)
[2026.07.30-15.58.46:084][929]LogModuleManager: Shutting down and abandoning module AlembicImporter (498)
[2026.07.30-15.58.46:084][929]LogModuleManager: Shutting down and abandoning module AlembicLibrary (497)
[2026.07.30-15.58.46:084][929]LogModuleManager: Shutting down and abandoning module GeometryCache (496)
[2026.07.30-15.58.46:084][929]LogModuleManager: Shutting down and abandoning module GeometryCacheEd (495)
[2026.07.30-15.58.46:084][929]LogModuleManager: Shutting down and abandoning module VisualStudioCodeSourceCodeAccess (490)
[2026.07.30-15.58.46:084][929]LogModuleManager: Shutting down and abandoning module UObjectPlugin (488)
[2026.07.30-15.58.46:084][929]LogModuleManager: Shutting down and abandoning module SubversionSourceControl (486)
[2026.07.30-15.58.46:086][929]LogModuleManager: Shutting down and abandoning module RiderSourceCodeAccess (484)
[2026.07.30-15.58.46:086][929]LogModuleManager: Shutting down and abandoning module GitSourceControl (482)
[2026.07.30-15.58.46:087][929]LogModuleManager: Shutting down and abandoning module PluginUtils (480)
[2026.07.30-15.58.46:087][929]LogModuleManager: Shutting down and abandoning module PerforceSourceControl (478)
[2026.07.30-15.58.46:089][929]LogModuleManager: Shutting down and abandoning module SourceControl (477)
[2026.07.30-15.58.46:089][929]LogModuleManager: Shutting down and abandoning module CLionSourceCodeAccess (474)
[2026.07.30-15.58.46:089][929]LogModuleManager: Shutting down and abandoning module AnimationSharingEd (472)
[2026.07.30-15.58.46:089][929]LogModuleManager: Shutting down and abandoning module VariantManagerContentEditor (470)
[2026.07.30-15.58.46:089][929]LogModuleManager: Shutting down and abandoning module SpeedTreeImporter (468)
[2026.07.30-15.58.46:089][929]LogModuleManager: Shutting down and abandoning module DatasmithContentEditor (466)
[2026.07.30-15.58.46:089][929]LogModuleManager: Shutting down and abandoning module OodleNetworkHandlerComponent (464)
[2026.07.30-15.58.46:089][929]LogModuleManager: Shutting down and abandoning module PluginBrowser (462)
[2026.07.30-15.58.46:092][929]LogModuleManager: Shutting down and abandoning module MobileLauncherProfileWizard (460)
[2026.07.30-15.58.46:092][929]LogModuleManager: Shutting down and abandoning module MaterialAnalyzer (458)
[2026.07.30-15.58.46:093][929]LogModuleManager: Shutting down and abandoning module GLTFImporter (456)
[2026.07.30-15.58.46:093][929]LogModuleManager: Shutting down and abandoning module GLTFCore (454)
[2026.07.30-15.58.46:093][929]LogModuleManager: Shutting down and abandoning module CurveEditorTools (452)
[2026.07.30-15.58.46:094][929]LogModuleManager: Shutting down and abandoning module CryptoKeysOpenSSL (450)
[2026.07.30-15.58.46:094][929]LogModuleManager: Shutting down and abandoning module CryptoKeys (448)
[2026.07.30-15.58.46:094][929]LogModuleManager: Shutting down and abandoning module LiveLinkSequencer (446)
[2026.07.30-15.58.46:094][929]LogModuleManager: Shutting down and abandoning module LiveLinkMovieScene (444)
[2026.07.30-15.58.46:094][929]LogModuleManager: Shutting down and abandoning module LiveLinkGraphNode (442)
[2026.07.30-15.58.46:094][929]LogModuleManager: Shutting down and abandoning module LiveLinkEditor (440)
[2026.07.30-15.58.46:094][929]LogModuleManager: Shutting down and abandoning module LiveLinkComponents (438)
[2026.07.30-15.58.46:094][929]LogModuleManager: Shutting down and abandoning module LiveLink (436)
[2026.07.30-15.58.46:163][929]LogModuleManager: Shutting down and abandoning module LightPropagationVolumeEditor (434)
[2026.07.30-15.58.46:163][929]LogModuleManager: Shutting down and abandoning module PaperTiledImporter (432)
[2026.07.30-15.58.46:163][929]LogModuleManager: Shutting down and abandoning module PaperSpriteSheetImporter (430)
[2026.07.30-15.58.46:163][929]LogModuleManager: Shutting down and abandoning module Paper2DEditor (428)
[2026.07.30-15.58.46:165][929]LogModuleManager: Shutting down and abandoning module MeshPaintingToolset (426)
[2026.07.30-15.58.46:166][929]LogModuleManager: Shutting down and abandoning module MeshPaintEditorMode (424)
[2026.07.30-15.58.46:166][929]LogModuleManager: Shutting down and abandoning module FMODStudioEditor (422)
[2026.07.30-15.58.46:186][929]LogModuleManager: Shutting down and abandoning module MagicLeapARPin (420)
[2026.07.30-15.58.46:186][929]LogModuleManager: Shutting down and abandoning module MagicLeapHandMeshing (418)
[2026.07.30-15.58.46:186][929]LogModuleManager: Shutting down and abandoning module MagicLeapSecureStorage (416)
[2026.07.30-15.58.46:186][929]LogModuleManager: Shutting down and abandoning module MagicLeapPrivileges (414)
[2026.07.30-15.58.46:186][929]LogModuleManager: Shutting down and abandoning module MagicLeapPlanes (412)
[2026.07.30-15.58.46:187][929]LogMagicLeapPlanes: Planes tracker already destroyed.
[2026.07.30-15.58.46:187][929]LogModuleManager: Shutting down and abandoning module MagicLeapImageTracker (410)
[2026.07.30-15.58.46:187][929]LogModuleManager: Shutting down and abandoning module MagicLeapIdentity (408)
[2026.07.30-15.58.46:187][929]LogModuleManager: Shutting down and abandoning module MagicLeapHandTracking (406)
[2026.07.30-15.58.46:187][929]LogModuleManager: Shutting down and abandoning module MagicLeapEyeTracker (404)
[2026.07.30-15.58.46:187][929]LogModuleManager: Shutting down and abandoning module MagicLeapController (402)
[2026.07.30-15.58.46:187][929]LogModuleManager: Shutting down and abandoning module MagicLeapARPinImpl (400)
[2026.07.30-15.58.46:187][929]LogModuleManager: Shutting down and abandoning module MagicLeapAR (398)
[2026.07.30-15.58.46:187][929]LogModuleManager: Shutting down and abandoning module SoundFields (396)
[2026.07.30-15.58.46:187][929]LogModuleManager: Shutting down and abandoning module SignificanceManager (394)
[2026.07.30-15.58.46:187][929]LogModuleManager: Shutting down and abandoning module PropertyAccessEditor (392)
[2026.07.30-15.58.46:187][929]LogModuleManager: Shutting down and abandoning module RuntimePhysXCooking (390)
[2026.07.30-15.58.46:187][929]LogModuleManager: Shutting down and abandoning module PhysXVehiclesEditor (388)
[2026.07.30-15.58.46:187][929]LogModuleManager: Shutting down and abandoning module ActorSequence (384)
[2026.07.30-15.58.46:187][929]LogModuleManager: Shutting down and abandoning module LocationServicesBPLibrary (382)
[2026.07.30-15.58.46:187][929]LogModuleManager: Shutting down and abandoning module AudioSynesthesia (380)
[2026.07.30-15.58.46:187][929]LogModuleManager: Shutting down and abandoning module AudioSynesthesiaCore (378)
[2026.07.30-15.58.46:188][929]LogModuleManager: Shutting down and abandoning module TcpMessaging (376)
[2026.07.30-15.58.46:290][929]LogModuleManager: Shutting down and abandoning module UdpMessaging (374)
[2026.07.30-15.58.46:392][929]LogModuleManager: Shutting down and abandoning module ImgMediaEngine (372)
[2026.07.30-15.58.46:392][929]LogModuleManager: Shutting down and abandoning module ConstructionSystemRuntime (370)
[2026.07.30-15.58.46:392][929]LogModuleManager: Shutting down and abandoning module PrefabricatorRuntime (368)
[2026.07.30-15.58.46:392][929]LogModuleManager: Shutting down and abandoning module PythonScriptPlugin (366)
[2026.07.30-15.58.46:392][929]LogModuleManager: Shutting down and abandoning module NiagaraAnimNotifies (364)
[2026.07.30-15.58.46:392][929]LogModuleManager: Shutting down and abandoning module Niagara (362)
[2026.07.30-15.58.46:398][929]LogModuleManager: Shutting down and abandoning module SignalProcessing (361)
[2026.07.30-15.58.46:404][929]LogModuleManager: Shutting down and abandoning module NiagaraEditor (359)
[2026.07.30-15.58.46:416][929]LogModuleManager: Shutting down and abandoning module NiagaraCore (356)
[2026.07.30-15.58.46:416][929]LogModuleManager: Shutting down and abandoning module PropertyAccessNode (354)
[2026.07.30-15.58.46:416][929]LogModuleManager: Shutting down and abandoning module AnimationSharing (352)
[2026.07.30-15.58.46:416][929]LogModuleManager: Shutting down and abandoning module GameplayTagsEditor (350)
[2026.07.30-15.58.46:420][929]LogModuleManager: Shutting down and abandoning module FacialAnimationEditor (348)
[2026.07.30-15.58.46:420][929]LogModuleManager: Shutting down and abandoning module FacialAnimation (346)
[2026.07.30-15.58.46:420][929]LogModuleManager: Shutting down and abandoning module DataValidation (344)
[2026.07.30-15.58.46:420][929]LogModuleManager: Shutting down and abandoning module GameplayCameras (342)
[2026.07.30-15.58.46:420][929]LogModuleManager: Shutting down and abandoning module AssetManagerEditor (340)
[2026.07.30-15.58.46:423][929]LogModuleManager: Shutting down and abandoning module LevelEditor (339)
[2026.07.30-15.58.46:432][929]LogModuleManager: Shutting down and abandoning module PixelInspectorModule (338)
[2026.07.30-15.58.46:432][929]LogModuleManager: Shutting down and abandoning module CommonMenuExtensions (336)
[2026.07.30-15.58.46:432][929]LogModuleManager: Shutting down and abandoning module MainFrame (334)
[2026.07.30-15.58.46:433][929]LogModuleManager: Shutting down and abandoning module HotReload (333)
[2026.07.30-15.58.46:435][929]LogModuleManager: Shutting down and abandoning module ToolMenus (329)
[2026.07.30-15.58.46:435][929]LogModuleManager: Shutting down and abandoning module ContentBrowser (327)
[2026.07.30-15.58.46:435][929]LogModuleManager: Shutting down and abandoning module ContentBrowserData (326)
[2026.07.30-15.58.46:435][929]LogModuleManager: Shutting down and abandoning module TreeMap (323)
[2026.07.30-15.58.46:435][929]LogModuleManager: Shutting down and abandoning module EnvironmentQueryEditor (320)
[2026.07.30-15.58.46:437][929]LogModuleManager: Shutting down and abandoning module LightPropagationVolumeRuntime (318)
[2026.07.30-15.58.46:437][929]LogModuleManager: Shutting down and abandoning module Paper2D (316)
[2026.07.30-15.58.46:437][929]LogModuleManager: Shutting down and abandoning module FMODStudio (314)
[2026.07.30-15.58.46:643][929]LogModuleManager: Shutting down and abandoning module WindowsMoviePlayer (312)
[2026.07.30-15.58.46:654][929]LogModuleManager: Shutting down and abandoning module WebMMoviePlayer (310)
[2026.07.30-15.58.46:654][929]LogModuleManager: Shutting down and abandoning module BlueprintMaterialTextureNodes (308)
[2026.07.30-15.58.46:654][929]LogModuleManager: Shutting down and abandoning module NetworkReplayStreaming (306)
[2026.07.30-15.58.46:654][929]LogModuleManager: Shutting down and abandoning module PacketHandler (304)
[2026.07.30-15.58.46:654][929]LogModuleManager: Shutting down and abandoning module ClothingSystemEditor (302)
[2026.07.30-15.58.46:654][929]LogModuleManager: Shutting down and abandoning module ClothingSystemRuntimeNv (300)
[2026.07.30-15.58.46:656][929]LogModuleManager: Shutting down and abandoning module MediaAssets (298)
[2026.07.30-15.58.46:656][929]LogModuleManager: Shutting down and abandoning module Overlay (296)
[2026.07.30-15.58.46:656][929]LogModuleManager: Shutting down and abandoning module OverlayEditor (295)
[2026.07.30-15.58.46:656][929]LogModuleManager: Shutting down and abandoning module VREditor (292)
[2026.07.30-15.58.46:656][929]LogModuleManager: Shutting down and abandoning module StringTableEditor (290)
[2026.07.30-15.58.46:656][929]LogModuleManager: Shutting down and abandoning module GameplayTasksEditor (288)
[2026.07.30-15.58.46:656][929]LogModuleManager: Shutting down and abandoning module BehaviorTreeEditor (286)
[2026.07.30-15.58.46:657][929]LogModuleManager: Shutting down and abandoning module FunctionalTesting (284)
[2026.07.30-15.58.46:657][929]LogModuleManager: Shutting down and abandoning module CollisionAnalyzer (282)
[2026.07.30-15.58.46:658][929]LogModuleManager: Shutting down and abandoning module WorkspaceMenuStructure (281)
[2026.07.30-15.58.46:659][929]LogModuleManager: Shutting down and abandoning module UMG (278)
[2026.07.30-15.58.46:660][929]LogModuleManager: Shutting down and abandoning module UMGEditor (277)
[2026.07.30-15.58.46:660][929]LogModuleManager: Shutting down and abandoning module MessageLog (275)
[2026.07.30-15.58.46:660][929]LogModuleManager: Shutting down and abandoning module SlateReflector (270)
[2026.07.30-15.58.46:665][929]LogModuleManager: Shutting down and abandoning module Slate (268)
[2026.07.30-15.58.46:665][929]LogModuleManager: Shutting down and abandoning module SlateCore (266)
[2026.07.30-15.58.46:666][929]LogModuleManager: Shutting down and abandoning module LandscapeEditorUtilities (264)
[2026.07.30-15.58.46:666][929]LogModuleManager: Shutting down and abandoning module UnrealEd (262)
[2026.07.30-15.58.46:666][929]LogModuleManager: Shutting down and abandoning module MRMesh (260)
[2026.07.30-15.58.46:666][929]LogModuleManager: Shutting down and abandoning module SourceCodeAccess (258)
[2026.07.30-15.58.46:666][929]LogModuleManager: Shutting down and abandoning module HeadMountedDisplay (256)
[2026.07.30-15.58.46:666][929]LogModuleManager: Shutting down and abandoning module XAudio2 (254)
[2026.07.30-15.58.46:667][929]LogModuleManager: Shutting down and abandoning module Networking (252)
[2026.07.30-15.58.46:667][929]LogModuleManager: Shutting down and abandoning module Core (250)
[2026.07.30-15.58.46:667][929]LogModuleManager: Shutting down and abandoning module MaterialEditor (248)
[2026.07.30-15.58.46:668][929]LogModuleManager: Shutting down and abandoning module MovieSceneTools (246)
[2026.07.30-15.58.46:668][929]LogModuleManager: Shutting down and abandoning module CurveEditor (245)
[2026.07.30-15.58.46:671][929]LogModuleManager: Shutting down and abandoning module Sequencer (243)
[2026.07.30-15.58.46:672][929]LogModuleManager: Shutting down and abandoning module EditorStyle (242)
[2026.07.30-15.58.46:673][929]LogModuleManager: Shutting down and abandoning module KismetCompiler (238)
[2026.07.30-15.58.46:673][929]LogModuleManager: Shutting down and abandoning module MeshBuilder (236)
[2026.07.30-15.58.46:673][929]LogModuleManager: Shutting down and abandoning module MeshUtilities (234)
[2026.07.30-15.58.46:673][929]LogModuleManager: Shutting down and abandoning module MeshMergeUtilities (233)
[2026.07.30-15.58.46:674][929]LogModuleManager: Shutting down and abandoning module MeshReductionInterface (232)
[2026.07.30-15.58.46:674][929]LogModuleManager: Shutting down and abandoning module MeshBoneReduction (231)
[2026.07.30-15.58.46:674][929]LogModuleManager: Shutting down and abandoning module SkeletalMeshReduction (229)
[2026.07.30-15.58.46:674][929]LogModuleManager: Shutting down and abandoning module ProxyLODMeshReduction (227)
[2026.07.30-15.58.46:675][929]LogModuleManager: Shutting down and abandoning module QuadricMeshReduction (225)
[2026.07.30-15.58.46:675][929]LogModuleManager: Shutting down and abandoning module MaterialBaking (221)
[2026.07.30-15.58.46:676][929]LogModuleManager: Shutting down and abandoning module NullInstallBundleManager (216)
[2026.07.30-15.58.46:676][929]LogModuleManager: Shutting down and abandoning module DerivedDataCache (214)
[2026.07.30-15.58.46:676][929]LogModuleManager: Shutting down and abandoning module TargetPlatform (212)
[2026.07.30-15.58.46:678][929]LogModuleManager: Shutting down and abandoning module VulkanShaderFormat (211)
[2026.07.30-15.58.46:679][929]LogModuleManager: Shutting down and abandoning module ShaderFormatVectorVM (209)
[2026.07.30-15.58.46:679][929]LogModuleManager: Shutting down and abandoning module ShaderFormatOpenGL (207)
[2026.07.30-15.58.46:681][929]LogModuleManager: Shutting down and abandoning module ShaderFormatD3D (205)
[2026.07.30-15.58.46:681][929]LogModuleManager: Shutting down and abandoning module MetalShaderFormat (203)
[2026.07.30-15.58.46:682][929]LogModuleManager: Shutting down and abandoning module TextureFormatOodle (201)
[2026.07.30-15.58.46:682][929]LogModuleManager: Shutting down and abandoning module TextureFormatUncompressed (199)
[2026.07.30-15.58.46:682][929]LogModuleManager: Shutting down and abandoning module TextureFormatPVR (197)
[2026.07.30-15.58.46:682][929]LogModuleManager: Shutting down and abandoning module TextureFormatETC2 (195)
[2026.07.30-15.58.46:682][929]LogModuleManager: Shutting down and abandoning module TextureFormatDXT (193)
[2026.07.30-15.58.46:683][929]LogModuleManager: Shutting down and abandoning module TextureFormatIntelISPCTexComp (191)
[2026.07.30-15.58.46:683][929]LogModuleManager: Shutting down and abandoning module TextureFormatASTC (189)
[2026.07.30-15.58.46:683][929]LogModuleManager: Shutting down and abandoning module ImageWrapper (188)
[2026.07.30-15.58.46:683][929]LogModuleManager: Shutting down and abandoning module AudioFormatOpus (185)
[2026.07.30-15.58.46:684][929]LogModuleManager: Shutting down and abandoning module AudioFormatOgg (183)
[2026.07.30-15.58.46:684][929]LogModuleManager: Shutting down and abandoning module AudioFormatADPCM (181)
[2026.07.30-15.58.46:684][929]LogModuleManager: Shutting down and abandoning module WindowsServerTargetPlatform (179)
[2026.07.30-15.58.46:684][929]LogModuleManager: Shutting down and abandoning module WindowsClientTargetPlatform (177)
[2026.07.30-15.58.46:684][929]LogModuleManager: Shutting down and abandoning module WindowsTargetPlatform (175)
[2026.07.30-15.58.46:684][929]LogModuleManager: Shutting down and abandoning module WindowsNoEditorTargetPlatform (173)
[2026.07.30-15.58.46:685][929]LogModuleManager: Shutting down and abandoning module TVOSTargetPlatform (171)
[2026.07.30-15.58.46:694][929]LogModuleManager: Shutting down and abandoning module MacServerTargetPlatform (169)
[2026.07.30-15.58.46:694][929]LogModuleManager: Shutting down and abandoning module MacClientTargetPlatform (167)
[2026.07.30-15.58.46:694][929]LogModuleManager: Shutting down and abandoning module MacTargetPlatform (165)
[2026.07.30-15.58.46:694][929]LogModuleManager: Shutting down and abandoning module MacNoEditorTargetPlatform (163)
[2026.07.30-15.58.46:694][929]LogModuleManager: Shutting down and abandoning module LuminTargetPlatform (161)
[2026.07.30-15.58.46:710][929]LogModuleManager: Shutting down and abandoning module LinuxAArch64ServerTargetPlatform (159)
[2026.07.30-15.58.46:710][929]LogModuleManager: Shutting down and abandoning module LinuxAArch64ClientTargetPlatform (157)
[2026.07.30-15.58.46:710][929]LogModuleManager: Shutting down and abandoning module LinuxAArch64NoEditorTargetPlatform (155)
[2026.07.30-15.58.46:710][929]LogModuleManager: Shutting down and abandoning module LinuxServerTargetPlatform (153)
[2026.07.30-15.58.46:712][929]LogModuleManager: Shutting down and abandoning module LinuxClientTargetPlatform (151)
[2026.07.30-15.58.46:713][929]LogModuleManager: Shutting down and abandoning module LinuxNoEditorTargetPlatform (149)
[2026.07.30-15.58.46:713][929]LogModuleManager: Shutting down and abandoning module LinuxTargetPlatform (147)
[2026.07.30-15.58.46:713][929]LogModuleManager: Shutting down and abandoning module Messaging (145)
[2026.07.30-15.58.46:713][929]LogModuleManager: Shutting down and abandoning module IOSTargetPlatform (143)
[2026.07.30-15.58.46:717][929]LogModuleManager: Shutting down and abandoning module AndroidTargetPlatform (141)
[2026.07.30-15.58.46:733][929]LogModuleManager: Shutting down and abandoning module AllDesktopTargetPlatform (139)
[2026.07.30-15.58.46:733][929]LogModuleManager: Shutting down and abandoning module D3D11RHI (136)
[2026.07.30-15.58.46:733][929]LogModuleManager: Shutting down and abandoning module InputCore (134)
[2026.07.30-15.58.46:733][929]LogModuleManager: Shutting down and abandoning module Settings (132)
[2026.07.30-15.58.46:733][929]LogModuleManager: Shutting down and abandoning module DirectoryWatcher (130)
[2026.07.30-15.58.46:735][929]LogModuleManager: Shutting down and abandoning module PhysXCooking (128)
[2026.07.30-15.58.46:735][929]LogModuleManager: Shutting down and abandoning module Chaos (126)
[2026.07.30-15.58.46:735][929]LogModuleManager: Shutting down and abandoning module WindowsPlatformFeatures (124)
[2026.07.30-15.58.46:735][929]LogModuleManager: Shutting down and abandoning module GameplayMediaEncoder (123)
[2026.07.30-15.58.46:735][929]LogModuleManager: Shutting down and abandoning module AVEncoder (122)
[2026.07.30-15.58.46:736][929]LogModuleManager: Shutting down and abandoning module SteamVRInputDevice (118)
[2026.07.30-15.58.46:736][929]LogModuleManager: Shutting down and abandoning module SteamVRInput (116)
[2026.07.30-15.58.46:736][929]LogModuleManager: Shutting down and abandoning module SteamVR (114)
[2026.07.30-15.58.46:736][929]LogHMD: Freeing OpenVRDLLHandle.
[2026.07.30-15.58.46:736][929]LogModuleManager: Shutting down and abandoning module OculusHMD (112)
[2026.07.30-15.58.46:736][929]LogModuleManager: Shutting down and abandoning module MLSDK (110)
[2026.07.30-15.58.46:736][929]LogModuleManager: Shutting down and abandoning module MagicLeap (108)
[2026.07.30-15.58.46:736][929]LogModuleManager: Shutting down and abandoning module LauncherChunkInstaller (106)
[2026.07.30-15.58.46:736][929]LogModuleManager: Shutting down and abandoning module OpenXRHandTracking (104)
[2026.07.30-15.58.46:736][929]LogSlate: Slate User Destroyed.  User Index 0, Is Virtual User: 0
[2026.07.30-15.58.46:737][929]LogModuleManager: Shutting down and abandoning module OpenXREyeTracker (102)
[2026.07.30-15.58.46:737][929]LogModuleManager: Shutting down and abandoning module OpenXRAR (100)
[2026.07.30-15.58.46:737][929]LogModuleManager: Shutting down and abandoning module AugmentedReality (99)
[2026.07.30-15.58.46:737][929]LogModuleManager: Shutting down and abandoning module OpenXRHMD (96)
[2026.07.30-15.58.46:740][929]LogModuleManager: Shutting down and abandoning module ChunkDownloader (94)
[2026.07.30-15.58.46:740][929]LogModuleManager: Shutting down and abandoning module ExampleDeviceProfileSelector (92)
[2026.07.30-15.58.46:740][929]LogModuleManager: Shutting down and abandoning module OnlineBlueprintSupport (90)
[2026.07.30-15.58.46:740][929]LogModuleManager: Shutting down and abandoning module OnlineSubsystem (86)
[2026.07.30-15.58.46:745][929]LogModuleManager: Shutting down and abandoning module XMPP (81)
[2026.07.30-15.58.46:747][929]LogModuleManager: Shutting down and abandoning module WebSockets (80)
[2026.07.30-15.58.46:779][929]LogModuleManager: Shutting down and abandoning module HTTP (77)
[2026.07.30-15.58.46:779][929]LogHttp: Display: Http module shutting down, but needs to wait on 1 outstanding Http requests:
[2026.07.30-15.58.46:779][929]LogHttp: Display: 	verb=[POST] url=[https://datarouter.ol.epicgames.com/datarouter/api/v1/public/data?SessionID=%7BC9169E70-4A65-C794-0AF1-B5B22E909BE5%7D&AppID=UEEditor.Rocket.Release&AppVersion=4.27.2-18319896%2B%2B%2BUE4%2BRelease-4.27&UserID=6ded2bfa4873ac479d5eca93cf702994%7C01a1d3cc5dc7443c96ea956d24e51d4a%7Cba61fba3-4185-4365-b20c-54589a326f67&AppEnvironment=datacollector-binary&UploadType=eteventstream] refs=[1] status=Processing
[2026.07.30-15.58.46:779][929]LogHttp: Display: cleaning up 1 outstanding Http requests.
[2026.07.30-15.58.46:795][929]LogModuleManager: Shutting down and abandoning module SSL (76)
[2026.07.30-15.58.46:799][929]LogModuleManager: Shutting down and abandoning module WmfMedia (72)
[2026.07.30-15.58.46:802][929]LogModuleManager: Shutting down and abandoning module Media (71)
[2026.07.30-15.58.46:802][929]LogModuleManager: Shutting down and abandoning module MediaInfo (70)
[2026.07.30-15.58.46:802][929]LogModuleManager: Shutting down and abandoning module ExrReaderGpu (66)
[2026.07.30-15.58.46:802][929]LogModuleManager: Shutting down and abandoning module Water (64)
[2026.07.30-15.58.46:803][929]LogModuleManager: Shutting down and abandoning module NiagaraVertexFactories (62)
[2026.07.30-15.58.46:803][929]LogModuleManager: Shutting down and abandoning module NiagaraShader (60)
[2026.07.30-15.58.46:803][929]LogModuleManager: Shutting down and abandoning module ChaosCloth (58)
[2026.07.30-15.58.46:803][929]LogModuleManager: Shutting down and abandoning module PixWinPlugin (56)
[2026.07.30-15.58.46:803][929]LogModuleManager: Shutting down and abandoning module VariantManagerContent (54)
[2026.07.30-15.58.46:803][929]LogModuleManager: Shutting down and abandoning module DatasmithContent (52)
[2026.07.30-15.58.46:803][929]LogModuleManager: Shutting down and abandoning module AISupportModule (50)
[2026.07.30-15.58.46:803][929]LogModuleManager: Shutting down and abandoning module DesktopPlatform (48)
[2026.07.30-15.58.46:804][929]LogModuleManager: Shutting down and abandoning module PythonScriptPluginPreload (46)
[2026.07.30-15.58.46:805][929]LogModuleManager: Shutting down and abandoning module PlatformCryptoOpenSSL (44)
[2026.07.30-15.58.46:807][929]LogModuleManager: Shutting down and abandoning module PlatformCryptoTypes (42)
[2026.07.30-15.58.46:807][929]LogModuleManager: Shutting down and abandoning module PlatformCrypto (40)
[2026.07.30-15.58.46:807][929]LogModuleManager: Shutting down and abandoning module OodleDataCompressionFormat (38)
[2026.07.30-15.58.46:808][929]LogModuleManager: Shutting down and abandoning module XGEController (36)
[2026.07.30-15.58.46:808][929]LogModuleManager: Shutting down and abandoning module AnimationModifiers (34)
[2026.07.30-15.58.46:808][929]LogModuleManager: Shutting down and abandoning module AudioEditor (32)
[2026.07.30-15.58.46:809][929]LogModuleManager: Shutting down and abandoning module PropertyEditor (31)
[2026.07.30-15.58.46:811][929]LogModuleManager: Shutting down and abandoning module TextureCompressor (28)
[2026.07.30-15.58.46:811][929]LogModuleManager: Shutting down and abandoning module RenderCore (26)
[2026.07.30-15.58.46:811][929]LogModuleManager: Shutting down and abandoning module Landscape (24)
[2026.07.30-15.58.46:811][929]LogModuleManager: Shutting down and abandoning module SlateRHIRenderer (22)
[2026.07.30-15.58.46:812][929]LogModuleManager: Shutting down and abandoning module AnimGraphRuntime (20)
[2026.07.30-15.58.46:812][929]LogModuleManager: Shutting down and abandoning module Renderer (18)
[2026.07.30-15.58.46:812][929]LogModuleManager: Shutting down and abandoning module Engine (16)
[2026.07.30-15.58.46:812][929]LogModuleManager: Shutting down and abandoning module CoreUObject (14)
[2026.07.30-15.58.46:812][929]LogModuleManager: Shutting down and abandoning module NetworkFile (12)
[2026.07.30-15.58.46:812][929]LogModuleManager: Shutting down and abandoning module CookedIterativeFile (10)
[2026.07.30-15.58.46:812][929]LogModuleManager: Shutting down and abandoning module StreamingFile (8)
[2026.07.30-15.58.46:813][929]LogModuleManager: Shutting down and abandoning module SandboxFile (6)
[2026.07.30-15.58.46:813][929]LogModuleManager: Shutting down and abandoning module PakFile (4)
[2026.07.30-15.58.46:814][929]LogModuleManager: Shutting down and abandoning module RSA (3)
[2026.07.30-15.58.46:814][929]LogContentStreaming: Display: There are 1 unreleased StreamingManagers
[2026.07.30-15.58.46:850][929]LogD3D11RHI: Shutdown
[2026.07.30-15.58.46:850][929]LogD3D11RHI: CleanupD3DDevice
[2026.07.30-15.58.46:867][929]LogExit: Exiting.
[2026.07.30-15.58.46:886][929]Log file closed, 07/30/26 11:58:46
